  0
SECTION
  2
HEADER
  9
$ACADVER
  1
AC1024
  9
$ACADMAINTVER
 70
6
  9
$DWGCODEPAGE
  3
ANSI_1252
  9
$LASTSAVEDBY
  1
ezdxf
  9
$INSBASE
 10
0.0
 20
0.0
 30
0.0
  9
$EXTMIN
 10
1e+20
 20
1e+20
 30
1e+20
  9
$EXTMAX
 10
-1e+20
 20
-1e+20
 30
-1e+20
  9
$LIMMIN
 10
0.0
 20
0.0
  9
$LIMMAX
 10
420.0
 20
297.0
  9
$ORTHOMODE
 70
0
  9
$REGENMODE
 70
1
  9
$FILLMODE
 70
1
  9
$QTEXTMODE
 70
0
  9
$MIRRTEXT
 70
1
  9
$LTSCALE
 40
1.0
  9
$ATTMODE
 70
1
  9
$TEXTSIZE
 40
2.5
  9
$TRACEWID
 40
1.0
  9
$TEXTSTYLE
  7
Standard
  9
$CLAYER
  8
0
  9
$CELTYPE
  6
ByLayer
  9
$CECOLOR
 62
256
  9
$CELTSCALE
 40
1.0
  9
$DISPSILH
 70
0
  9
$DIMSCALE
 40
1.0
  9
$DIMASZ
 40
2.5
  9
$DIMEXO
 40
0.625
  9
$DIMDLI
 40
3.75
  9
$DIMRND
 40
0.0
  9
$DIMDLE
 40
0.0
  9
$DIMEXE
 40
1.25
  9
$DIMTP
 40
0.0
  9
$DIMTM
 40
0.0
  9
$DIMTXT
 40
2.5
  9
$DIMCEN
 40
2.5
  9
$DIMTSZ
 40
0.0
  9
$DIMTOL
 70
0
  9
$DIMLIM
 70
0
  9
$DIMTIH
 70
0
  9
$DIMTOH
 70
0
  9
$DIMSE1
 70
0
  9
$DIMSE2
 70
0
  9
$DIMTAD
 70
1
  9
$DIMZIN
 70
8
  9
$DIMBLK
  1

  9
$DIMASO
 70
1
  9
$DIMSHO
 70
1
  9
$DIMPOST
  1

  9
$DIMAPOST
  1

  9
$DIMALT
 70
0
  9
$DIMALTD
 70
3
  9
$DIMALTF
 40
0.03937007874
  9
$DIMLFAC
 40
1.0
  9
$DIMTOFL
 70
1
  9
$DIMTVP
 40
0.0
  9
$DIMTIX
 70
0
  9
$DIMSOXD
 70
0
  9
$DIMSAH
 70
0
  9
$DIMBLK1
  1

  9
$DIMBLK2
  1

  9
$DIMSTYLE
  2
ISO-25
  9
$DIMCLRD
 70
0
  9
$DIMCLRE
 70
0
  9
$DIMCLRT
 70
0
  9
$DIMTFAC
 40
1.0
  9
$DIMGAP
 40
0.625
  9
$DIMJUST
 70
0
  9
$DIMSD1
 70
0
  9
$DIMSD2
 70
0
  9
$DIMTOLJ
 70
0
  9
$DIMTZIN
 70
8
  9
$DIMALTZ
 70
0
  9
$DIMALTTZ
 70
0
  9
$DIMUPT
 70
0
  9
$DIMDEC
 70
2
  9
$DIMTDEC
 70
2
  9
$DIMALTU
 70
2
  9
$DIMALTTD
 70
3
  9
$DIMTXSTY
  7
Standard
  9
$DIMAUNIT
 70
0
  9
$DIMADEC
 70
0
  9
$DIMALTRND
 40
0.0
  9
$DIMAZIN
 70
0
  9
$DIMDSEP
 70
44
  9
$DIMATFIT
 70
3
  9
$DIMFRAC
 70
0
  9
$DIMLDRBLK
  1

  9
$DIMLUNIT
 70
2
  9
$DIMLWD
 70
-2
  9
$DIMLWE
 70
-2
  9
$DIMTMOVE
 70
0
  9
$DIMFXL
 40
1.0
  9
$DIMFXLON
 70
0
  9
$DIMJOGANG
 40
0.785398163397
  9
$DIMTFILL
 70
0
  9
$DIMTFILLCLR
 70
0
  9
$DIMARCSYM
 70
0
  9
$DIMLTYPE
  6

  9
$DIMLTEX1
  6

  9
$DIMLTEX2
  6

  9
$DIMTXTDIRECTION
 70
0
  9
$LUNITS
 70
2
  9
$LUPREC
 70
4
  9
$SKETCHINC
 40
1.0
  9
$FILLETRAD
 40
10.0
  9
$AUNITS
 70
0
  9
$AUPREC
 70
2
  9
$MENU
  1
.
  9
$ELEVATION
 40
0.0
  9
$PELEVATION
 40
0.0
  9
$THICKNESS
 40
0.0
  9
$LIMCHECK
 70
0
  9
$CHAMFERA
 40
0.0
  9
$CHAMFERB
 40
0.0
  9
$CHAMFERC
 40
0.0
  9
$CHAMFERD
 40
0.0
  9
$SKPOLY
 70
0
  9
$TDCREATE
 40
2461319.582314815
  9
$TDUCREATE
 40
2458532.153996898
  9
$TDUPDATE
 40
2461319.582372685
  9
$TDUUPDATE
 40
2458532.1544311
  9
$TDINDWG
 40
0.0
  9
$TDUSRTIMER
 40
0.0
  9
$USRTIMER
 70
1
  9
$ANGBASE
 50
0.0
  9
$ANGDIR
 70
0
  9
$PDMODE
 70
0
  9
$PDSIZE
 40
0.0
  9
$PLINEWID
 40
0.0
  9
$SPLFRAME
 70
0
  9
$SPLINETYPE
 70
6
  9
$SPLINESEGS
 70
8
  9
$HANDSEED
  5
1572
  9
$SURFTAB1
 70
6
  9
$SURFTAB2
 70
6
  9
$SURFTYPE
 70
6
  9
$SURFU
 70
6
  9
$SURFV
 70
6
  9
$UCSBASE
  2

  9
$UCSNAME
  2

  9
$UCSORG
 10
0.0
 20
0.0
 30
0.0
  9
$UCSXDIR
 10
1.0
 20
0.0
 30
0.0
  9
$UCSYDIR
 10
0.0
 20
1.0
 30
0.0
  9
$UCSORTHOREF
  2

  9
$UCSORTHOVIEW
 70
0
  9
$UCSORGTOP
 10
0.0
 20
0.0
 30
0.0
  9
$UCSORGBOTTOM
 10
0.0
 20
0.0
 30
0.0
  9
$UCSORGLEFT
 10
0.0
 20
0.0
 30
0.0
  9
$UCSORGRIGHT
 10
0.0
 20
0.0
 30
0.0
  9
$UCSORGFRONT
 10
0.0
 20
0.0
 30
0.0
  9
$UCSORGBACK
 10
0.0
 20
0.0
 30
0.0
  9
$PUCSBASE
  2

  9
$PUCSNAME
  2

  9
$PUCSORG
 10
0.0
 20
0.0
 30
0.0
  9
$PUCSXDIR
 10
1.0
 20
0.0
 30
0.0
  9
$PUCSYDIR
 10
0.0
 20
1.0
 30
0.0
  9
$PUCSORTHOREF
  2

  9
$PUCSORTHOVIEW
 70
0
  9
$PUCSORGTOP
 10
0.0
 20
0.0
 30
0.0
  9
$PUCSORGBOTTOM
 10
0.0
 20
0.0
 30
0.0
  9
$PUCSORGLEFT
 10
0.0
 20
0.0
 30
0.0
  9
$PUCSORGRIGHT
 10
0.0
 20
0.0
 30
0.0
  9
$PUCSORGFRONT
 10
0.0
 20
0.0
 30
0.0
  9
$PUCSORGBACK
 10
0.0
 20
0.0
 30
0.0
  9
$USERI1
 70
0
  9
$USERI2
 70
0
  9
$USERI3
 70
0
  9
$USERI4
 70
0
  9
$USERI5
 70
0
  9
$USERR1
 40
0.0
  9
$USERR2
 40
0.0
  9
$USERR3
 40
0.0
  9
$USERR4
 40
0.0
  9
$USERR5
 40
0.0
  9
$WORLDVIEW
 70
1
  9
$SHADEDGE
 70
3
  9
$SHADEDIF
 70
70
  9
$TILEMODE
 70
1
  9
$MAXACTVP
 70
64
  9
$PINSBASE
 10
0.0
 20
0.0
 30
0.0
  9
$PLIMCHECK
 70
0
  9
$PEXTMIN
 10
1e+20
 20
1e+20
 30
1e+20
  9
$PEXTMAX
 10
-1e+20
 20
-1e+20
 30
-1e+20
  9
$PLIMMIN
 10
0.0
 20
0.0
  9
$PLIMMAX
 10
420.0
 20
297.0
  9
$UNITMODE
 70
0
  9
$VISRETAIN
 70
1
  9
$PLINEGEN
 70
0
  9
$PSLTSCALE
 70
1
  9
$TREEDEPTH
 70
3020
  9
$CMLSTYLE
  2
Standard
  9
$CMLJUST
 70
0
  9
$CMLSCALE
 40
20.0
  9
$PROXYGRAPHICS
 70
1
  9
$MEASUREMENT
 70
1
  9
$CELWEIGHT
370
-1
  9
$ENDCAPS
280
0
  9
$JOINSTYLE
280
0
  9
$LWDISPLAY
290
0
  9
$INSUNITS
 70
4
  9
$HYPERLINKBASE
  1

  9
$STYLESHEET
  1

  9
$XEDIT
290
1
  9
$CEPSNTYPE
380
0
  9
$PSTYLEMODE
290
1
  9
$FINGERPRINTGUID
  2
{E4D47E2A-203B-4765-820E-353D4E2AB3C1}
  9
$VERSIONGUID
  2
{EFD492D0-1A7C-4804-9995-844D6AD1B462}
  9
$EXTNAMES
290
1
  9
$PSVPSCALE
 40
0.0
  9
$OLESTARTUP
290
0
  9
$SORTENTS
280
127
  9
$INDEXCTL
280
0
  9
$HIDETEXT
280
1
  9
$XCLIPFRAME
280
1
  9
$HALOGAP
280
0
  9
$OBSCOLOR
 70
257
  9
$OBSLTYPE
280
0
  9
$INTERSECTIONDISPLAY
280
0
  9
$INTERSECTIONCOLOR
 70
257
  9
$DIMASSOC
280
2
  9
$PROJECTNAME
  1

  9
$CAMERADISPLAY
290
0
  9
$LENSLENGTH
 40
50.0
  9
$CAMERAHEIGHT
 40
0.0
  9
$STEPSPERSEC
 40
24.0
  9
$STEPSIZE
 40
100.0
  9
$3DDWFPREC
 40
2.0
  9
$PSOLWIDTH
 40
0.005
  9
$PSOLHEIGHT
 40
0.08
  9
$LOFTANG1
 40
1.570796326795
  9
$LOFTANG2
 40
1.570796326795
  9
$LOFTMAG1
 40
0.0
  9
$LOFTMAG2
 40
0.0
  9
$LOFTPARAM
 70
7
  9
$LOFTNORMALS
280
1
  9
$LATITUDE
 40
37.795
  9
$LONGITUDE
 40
-122.394
  9
$NORTHDIRECTION
 40
0.0
  9
$TIMEZONE
 70
-8000
  9
$LIGHTGLYPHDISPLAY
280
1
  9
$TILEMODELIGHTSYNCH
280
1
  9
$CMATERIAL
347
20
  9
$SOLIDHIST
280
0
  9
$SHOWHIST
280
1
  9
$DWFFRAME
280
2
  9
$DGNFRAME
280
2
  9
$REALWORLDSCALE
290
1
  9
$INTERFERECOLOR
 62
256
  9
$CSHADOW
280
0
  9
$SHADOWPLANELOCATION
 40
0.0
  0
ENDSEC
  0
SECTION
  2
CLASSES
  0
CLASS
  1
ACDBDICTIONARYWDFLT
  2
AcDbDictionaryWithDefault
  3
ObjectDBX Classes
 90
0
 91
0
280
0
281
0
  0
CLASS
  1
SUN
  2
AcDbSun
  3
SCENEOE
 90
1153
 91
0
280
0
281
0
  0
CLASS
  1
VISUALSTYLE
  2
AcDbVisualStyle
  3
ObjectDBX Classes
 90
4095
 91
0
280
0
281
0
  0
CLASS
  1
MATERIAL
  2
AcDbMaterial
  3
ObjectDBX Classes
 90
1153
 91
0
280
0
281
0
  0
CLASS
  1
SCALE
  2
AcDbScale
  3
ObjectDBX Classes
 90
1153
 91
0
280
0
281
0
  0
CLASS
  1
TABLESTYLE
  2
AcDbTableStyle
  3
ObjectDBX Classes
 90
4095
 91
0
280
0
281
0
  0
CLASS
  1
MLEADERSTYLE
  2
AcDbMLeaderStyle
  3
ACDB_MLEADERSTYLE_CLASS
 90
4095
 91
0
280
0
281
0
  0
CLASS
  1
DICTIONARYVAR
  2
AcDbDictionaryVar
  3
ObjectDBX Classes
 90
0
 91
0
280
0
281
0
  0
CLASS
  1
CELLSTYLEMAP
  2
AcDbCellStyleMap
  3
ObjectDBX Classes
 90
1152
 91
0
280
0
281
0
  0
CLASS
  1
MENTALRAYRENDERSETTINGS
  2
AcDbMentalRayRenderSettings
  3
SCENEOE
 90
1024
 91
0
280
0
281
0
  0
CLASS
  1
ACDBDETAILVIEWSTYLE
  2
AcDbDetailViewStyle
  3
ObjectDBX Classes
 90
1025
 91
0
280
0
281
0
  0
CLASS
  1
ACDBSECTIONVIEWSTYLE
  2
AcDbSectionViewStyle
  3
ObjectDBX Classes
 90
1025
 91
0
280
0
281
0
  0
CLASS
  1
RASTERVARIABLES
  2
AcDbRasterVariables
  3
ISM
 90
0
 91
0
280
0
281
0
  0
CLASS
  1
LAYOUT
  2
AcDbLayout
  3
ObjectDBX Classes
 90
0
 91
0
280
0
281
0
  0
CLASS
  1
ACDBPLACEHOLDER
  2
AcDbPlaceHolder
  3
ObjectDBX Classes
 90
0
 91
0
280
0
281
0
  0
ENDSEC
  0
SECTION
  2
TABLES
  0
TABLE
  2
VPORT
  5
8
330
0
100
AcDbSymbolTable
 70
1
  0
VPORT
  5
23
330
8
100
AcDbSymbolTableRecord
100
AcDbViewportTableRecord
  2
*Active
 70
0
 10
0.0
 20
0.0
 11
1.0
 21
1.0
 12
0.0
 22
0.0
 13
0.0
 23
0.0
 14
0.5
 24
0.5
 15
0.5
 25
0.5
 16
0.0
 26
0.0
 36
1.0
 17
0.0
 27
0.0
 37
0.0
 40
1000.0
 41
1.34
 42
50.0
 43
0.0
 44
0.0
 50
0.0
 51
0.0
 71
0
 72
1000
 73
1
 74
3
 75
0
 76
0
 77
0
 78
0
281
0
 65
0
146
0.0
  0
ENDTAB
  0
TABLE
  2
LTYPE
  5
2
330
0
100
AcDbSymbolTable
 70
5
  0
LTYPE
  5
24
330
2
100
AcDbSymbolTableRecord
100
AcDbLinetypeTableRecord
  2
ByBlock
 70
0
  3

 72
65
 73
0
 40
0.0
  0
LTYPE
  5
25
330
2
100
AcDbSymbolTableRecord
100
AcDbLinetypeTableRecord
  2
ByLayer
 70
0
  3

 72
65
 73
0
 40
0.0
  0
LTYPE
  5
26
330
2
100
AcDbSymbolTableRecord
100
AcDbLinetypeTableRecord
  2
Continuous
 70
0
  3

 72
65
 73
0
 40
0.0
  0
LTYPE
  5
2F
330
2
100
AcDbSymbolTableRecord
100
AcDbLinetypeTableRecord
  2
DASHED
 70
0
  3
Aks kesikli cizgi
 72
65
 73
2
 40
750.0
 49
500.0
 74
0
 49
-250.0
 74
0
  0
LTYPE
  5
1F2
330
2
100
AcDbSymbolTableRecord
100
AcDbLinetypeTableRecord
  2
KESIT_HATTI
 70
0
  3
Kesit (section cut) hatti - dash-dot-dash
 72
65
 73
4
 40
600.0
 49
300.0
 74
0
 49
-150.0
 74
0
 49
150.0
 74
0
 49
-150.0
 74
0
  0
ENDTAB
  0
TABLE
  2
LAYER
  5
1
330
0
100
AcDbSymbolTable
 70
13
  0
LAYER
  5
27
330
1
100
AcDbSymbolTableRecord
100
AcDbLayerTableRecord
  2
0
 70
0
 62
7
  6
Continuous
370
-3
390
13
347
21
  0
LAYER
  5
28
330
1
100
AcDbSymbolTableRecord
100
AcDbLayerTableRecord
  2
Defpoints
 70
0
 62
7
  6
Continuous
290
0
370
-3
390
13
347
21
  0
LAYER
  5
30
330
1
100
AcDbSymbolTableRecord
100
AcDbLayerTableRecord
  2
AKS
 70
0
 62
8
420
4410712
  6
DASHED
370
-3
390
13
347
21
  0
LAYER
  5
31
330
1
100
AcDbSymbolTableRecord
100
AcDbLayerTableRecord
  2
KOT
 70
0
 62
7
420
3312710
  6
Continuous
370
-3
390
13
347
21
  0
LAYER
  5
32
330
1
100
AcDbSymbolTableRecord
100
AcDbLayerTableRecord
  2
DUVARLAR
 70
0
 62
7
  6
Continuous
370
-3
390
13
347
21
  0
LAYER
  5
33
330
1
100
AcDbSymbolTableRecord
100
AcDbLayerTableRecord
  2
KAPI-PENCERE
 70
0
 62
7
  6
Continuous
370
-3
390
13
347
21
  0
LAYER
  5
34
330
1
100
AcDbSymbolTableRecord
100
AcDbLayerTableRecord
  2
MOBILYA
 70
0
 62
7
  6
Continuous
370
-3
390
13
347
21
  0
LAYER
  5
35
330
1
100
AcDbSymbolTableRecord
100
AcDbLayerTableRecord
  2
OLCU
 70
0
 62
7
  6
Continuous
370
-3
390
13
347
21
  0
LAYER
  5
36
330
1
100
AcDbSymbolTableRecord
100
AcDbLayerTableRecord
  2
METIN
 70
0
 62
7
  6
Continuous
370
-3
390
13
347
21
  0
LAYER
  5
37
330
1
100
AcDbSymbolTableRecord
100
AcDbLayerTableRecord
  2
CERCEVE
 70
0
 62
7
  6
Continuous
370
-3
390
13
347
21
  0
LAYER
  5
38
330
1
100
AcDbSymbolTableRecord
100
AcDbLayerTableRecord
  2
OTOPARK
 70
0
 62
7
  6
Continuous
370
-3
390
13
347
21
  0
LAYER
  5
39
330
1
100
AcDbSymbolTableRecord
100
AcDbLayerTableRecord
  2
MERDIVEN
 70
0
 62
7
420
3963030
  6
Continuous
370
-3
390
13
347
21
  0
LAYER
  5
1F3
330
1
100
AcDbSymbolTableRecord
100
AcDbLayerTableRecord
  2
KESIT
 70
0
 62
1
420
13114910
  6
KESIT_HATTI
370
-3
390
13
347
21
  0
ENDTAB
  0
TABLE
  2
STYLE
  5
5
330
0
100
AcDbSymbolTable
 70
1
  0
STYLE
  5
29
330
5
100
AcDbSymbolTableRecord
100
AcDbTextStyleTableRecord
  2
Standard
 70
0
 40
0.0
 41
1.0
 50
0.0
 71
0
 42
2.5
  3
arialn.ttf
  4

  0
ENDTAB
  0
TABLE
  2
VIEW
  5
7
330
0
100
AcDbSymbolTable
 70
0
  0
ENDTAB
  0
TABLE
  2
UCS
  5
6
330
0
100
AcDbSymbolTable
 70
0
  0
ENDTAB
  0
TABLE
  2
APPID
  5
3
330
0
100
AcDbSymbolTable
 70
3
  0
APPID
  5
2A
330
3
100
AcDbSymbolTableRecord
100
AcDbRegAppTableRecord
  2
ACAD
 70
0
  0
APPID
  5
156F
330
3
100
AcDbSymbolTableRecord
100
AcDbRegAppTableRecord
  2
HATCHBACKGROUNDCOLOR
 70
0
  0
APPID
  5
1570
330
3
100
AcDbSymbolTableRecord
100
AcDbRegAppTableRecord
  2
EZDXF
 70
0
  0
ENDTAB
  0
TABLE
  2
DIMSTYLE
  5
4
330
0
100
AcDbSymbolTable
 70
1
100
AcDbDimStyleTable
  0
DIMSTYLE
105
2B
330
4
100
AcDbSymbolTableRecord
100
AcDbDimStyleTableRecord
  2
Standard
 70
0
 40
1.0
 41
2.5
 42
0.625
 43
3.75
 44
1.25
 45
0.0
 46
0.0
 47
0.0
 48
0.0
 49
2.5
140
2.5
141
2.5
142
0.0
143
0.03937007874
144
1.0
145
0.0
146
1.0
147
0.625
148
0.0
 69
0
 70
0
 71
0
 72
0
 73
0
 74
0
 75
0
 76
0
 77
1
 78
8
 79
3
170
0
171
3
172
1
173
0
174
0
175
0
176
0
177
0
178
0
179
2
271
2
272
2
273
2
274
3
275
0
276
0
277
2
278
44
279
0
280
0
281
0
282
0
283
0
284
8
285
0
286
0
288
0
289
3
290
0
371
-2
372
-2
  0
ENDTAB
  0
TABLE
  2
BLOCK_RECORD
  5
9
330
0
100
AcDbSymbolTable
 70
103
  0
BLOCK_RECORD
  5
17
330
9
100
AcDbSymbolTableRecord
100
AcDbBlockTableRecord
  2
*Model_Space
340
1A
 70
0
280
1
281
0
  0
BLOCK_RECORD
  5
1B
330
9
100
AcDbSymbolTableRecord
100
AcDbBlockTableRecord
  2
*Paper_Space
340
1E
 70
0
280
1
281
0
  0
BLOCK_RECORD
  5
DE
330
9
100
AcDbSymbolTableRecord
100
AcDbBlockTableRecord
  2
*D1
340
0
 70
0
280
1
281
0
  0
BLOCK_RECORD
  5
E3
330
9
100
AcDbSymbolTableRecord
100
AcDbBlockTableRecord
  2
_CLOSEDFILLED
340
0
 70
0
280
1
281
0
  0
BLOCK_RECORD
  5
F2
330
9
100
AcDbSymbolTableRecord
100
AcDbBlockTableRecord
  2
*D2
340
0
 70
0
280
1
281
0
  0
BLOCK_RECORD
  5
102
330
9
100
AcDbSymbolTableRecord
100
AcDbBlockTableRecord
  2
*D3
340
0
 70
0
280
1
281
0
  0
BLOCK_RECORD
  5
112
330
9
100
AcDbSymbolTableRecord
100
AcDbBlockTableRecord
  2
*D4
340
0
 70
0
280
1
281
0
  0
BLOCK_RECORD
  5
122
330
9
100
AcDbSymbolTableRecord
100
AcDbBlockTableRecord
  2
*D5
340
0
 70
0
280
1
281
0
  0
BLOCK_RECORD
  5
132
330
9
100
AcDbSymbolTableRecord
100
AcDbBlockTableRecord
  2
*D6
340
0
 70
0
280
1
281
0
  0
BLOCK_RECORD
  5
142
330
9
100
AcDbSymbolTableRecord
100
AcDbBlockTableRecord
  2
*D7
340
0
 70
0
280
1
281
0
  0
BLOCK_RECORD
  5
152
330
9
100
AcDbSymbolTableRecord
100
AcDbBlockTableRecord
  2
*D8
340
0
 70
0
280
1
281
0
  0
BLOCK_RECORD
  5
162
330
9
100
AcDbSymbolTableRecord
100
AcDbBlockTableRecord
  2
*D9
340
0
 70
0
280
1
281
0
  0
BLOCK_RECORD
  5
1A1
330
9
100
AcDbSymbolTableRecord
100
AcDbBlockTableRecord
  2
MAHAL_ETIKET
340
0
 70
0
280
1
281
0
  0
BLOCK_RECORD
  5
232
330
9
100
AcDbSymbolTableRecord
100
AcDbBlockTableRecord
  2
*D10
340
0
 70
0
280
1
281
0
  0
BLOCK_RECORD
  5
242
330
9
100
AcDbSymbolTableRecord
100
AcDbBlockTableRecord
  2
*D11
340
0
 70
0
280
1
281
0
  0
BLOCK_RECORD
  5
252
330
9
100
AcDbSymbolTableRecord
100
AcDbBlockTableRecord
  2
*D12
340
0
 70
0
280
1
281
0
  0
BLOCK_RECORD
  5
262
330
9
100
AcDbSymbolTableRecord
100
AcDbBlockTableRecord
  2
*D13
340
0
 70
0
280
1
281
0
  0
BLOCK_RECORD
  5
272
330
9
100
AcDbSymbolTableRecord
100
AcDbBlockTableRecord
  2
*D14
340
0
 70
0
280
1
281
0
  0
BLOCK_RECORD
  5
282
330
9
100
AcDbSymbolTableRecord
100
AcDbBlockTableRecord
  2
*D15
340
0
 70
0
280
1
281
0
  0
BLOCK_RECORD
  5
292
330
9
100
AcDbSymbolTableRecord
100
AcDbBlockTableRecord
  2
*D16
340
0
 70
0
280
1
281
0
  0
BLOCK_RECORD
  5
2A2
330
9
100
AcDbSymbolTableRecord
100
AcDbBlockTableRecord
  2
*D17
340
0
 70
0
280
1
281
0
  0
BLOCK_RECORD
  5
2B2
330
9
100
AcDbSymbolTableRecord
100
AcDbBlockTableRecord
  2
*D18
340
0
 70
0
280
1
281
0
  0
BLOCK_RECORD
  5
37A
330
9
100
AcDbSymbolTableRecord
100
AcDbBlockTableRecord
  2
*D19
340
0
 70
0
280
1
281
0
  0
BLOCK_RECORD
  5
38A
330
9
100
AcDbSymbolTableRecord
100
AcDbBlockTableRecord
  2
*D20
340
0
 70
0
280
1
281
0
  0
BLOCK_RECORD
  5
39A
330
9
100
AcDbSymbolTableRecord
100
AcDbBlockTableRecord
  2
*D21
340
0
 70
0
280
1
281
0
  0
BLOCK_RECORD
  5
3AA
330
9
100
AcDbSymbolTableRecord
100
AcDbBlockTableRecord
  2
*D22
340
0
 70
0
280
1
281
0
  0
BLOCK_RECORD
  5
3BA
330
9
100
AcDbSymbolTableRecord
100
AcDbBlockTableRecord
  2
*D23
340
0
 70
0
280
1
281
0
  0
BLOCK_RECORD
  5
3CA
330
9
100
AcDbSymbolTableRecord
100
AcDbBlockTableRecord
  2
*D24
340
0
 70
0
280
1
281
0
  0
BLOCK_RECORD
  5
3DA
330
9
100
AcDbSymbolTableRecord
100
AcDbBlockTableRecord
  2
*D25
340
0
 70
0
280
1
281
0
  0
BLOCK_RECORD
  5
3EA
330
9
100
AcDbSymbolTableRecord
100
AcDbBlockTableRecord
  2
*D26
340
0
 70
0
280
1
281
0
  0
BLOCK_RECORD
  5
3FA
330
9
100
AcDbSymbolTableRecord
100
AcDbBlockTableRecord
  2
*D27
340
0
 70
0
280
1
281
0
  0
BLOCK_RECORD
  5
4F5
330
9
100
AcDbSymbolTableRecord
100
AcDbBlockTableRecord
  2
*D28
340
0
 70
0
280
1
281
0
  0
BLOCK_RECORD
  5
505
330
9
100
AcDbSymbolTableRecord
100
AcDbBlockTableRecord
  2
*D29
340
0
 70
0
280
1
281
0
  0
BLOCK_RECORD
  5
515
330
9
100
AcDbSymbolTableRecord
100
AcDbBlockTableRecord
  2
*D30
340
0
 70
0
280
1
281
0
  0
BLOCK_RECORD
  5
525
330
9
100
AcDbSymbolTableRecord
100
AcDbBlockTableRecord
  2
*D31
340
0
 70
0
280
1
281
0
  0
BLOCK_RECORD
  5
535
330
9
100
AcDbSymbolTableRecord
100
AcDbBlockTableRecord
  2
*D32
340
0
 70
0
280
1
281
0
  0
BLOCK_RECORD
  5
545
330
9
100
AcDbSymbolTableRecord
100
AcDbBlockTableRecord
  2
*D33
340
0
 70
0
280
1
281
0
  0
BLOCK_RECORD
  5
555
330
9
100
AcDbSymbolTableRecord
100
AcDbBlockTableRecord
  2
*D34
340
0
 70
0
280
1
281
0
  0
BLOCK_RECORD
  5
565
330
9
100
AcDbSymbolTableRecord
100
AcDbBlockTableRecord
  2
*D35
340
0
 70
0
280
1
281
0
  0
BLOCK_RECORD
  5
575
330
9
100
AcDbSymbolTableRecord
100
AcDbBlockTableRecord
  2
*D36
340
0
 70
0
280
1
281
0
  0
BLOCK_RECORD
  5
78B
330
9
100
AcDbSymbolTableRecord
100
AcDbBlockTableRecord
  2
*D37
340
0
 70
0
280
1
281
0
  0
BLOCK_RECORD
  5
79B
330
9
100
AcDbSymbolTableRecord
100
AcDbBlockTableRecord
  2
*D38
340
0
 70
0
280
1
281
0
  0
BLOCK_RECORD
  5
7AB
330
9
100
AcDbSymbolTableRecord
100
AcDbBlockTableRecord
  2
*D39
340
0
 70
0
280
1
281
0
  0
BLOCK_RECORD
  5
7BB
330
9
100
AcDbSymbolTableRecord
100
AcDbBlockTableRecord
  2
*D40
340
0
 70
0
280
1
281
0
  0
BLOCK_RECORD
  5
7CB
330
9
100
AcDbSymbolTableRecord
100
AcDbBlockTableRecord
  2
*D41
340
0
 70
0
280
1
281
0
  0
BLOCK_RECORD
  5
7DB
330
9
100
AcDbSymbolTableRecord
100
AcDbBlockTableRecord
  2
*D42
340
0
 70
0
280
1
281
0
  0
BLOCK_RECORD
  5
7EB
330
9
100
AcDbSymbolTableRecord
100
AcDbBlockTableRecord
  2
*D43
340
0
 70
0
280
1
281
0
  0
BLOCK_RECORD
  5
7FB
330
9
100
AcDbSymbolTableRecord
100
AcDbBlockTableRecord
  2
*D44
340
0
 70
0
280
1
281
0
  0
BLOCK_RECORD
  5
80B
330
9
100
AcDbSymbolTableRecord
100
AcDbBlockTableRecord
  2
*D45
340
0
 70
0
280
1
281
0
  0
BLOCK_RECORD
  5
A21
330
9
100
AcDbSymbolTableRecord
100
AcDbBlockTableRecord
  2
*D46
340
0
 70
0
280
1
281
0
  0
BLOCK_RECORD
  5
A31
330
9
100
AcDbSymbolTableRecord
100
AcDbBlockTableRecord
  2
*D47
340
0
 70
0
280
1
281
0
  0
BLOCK_RECORD
  5
A41
330
9
100
AcDbSymbolTableRecord
100
AcDbBlockTableRecord
  2
*D48
340
0
 70
0
280
1
281
0
  0
BLOCK_RECORD
  5
A51
330
9
100
AcDbSymbolTableRecord
100
AcDbBlockTableRecord
  2
*D49
340
0
 70
0
280
1
281
0
  0
BLOCK_RECORD
  5
A61
330
9
100
AcDbSymbolTableRecord
100
AcDbBlockTableRecord
  2
*D50
340
0
 70
0
280
1
281
0
  0
BLOCK_RECORD
  5
A71
330
9
100
AcDbSymbolTableRecord
100
AcDbBlockTableRecord
  2
*D51
340
0
 70
0
280
1
281
0
  0
BLOCK_RECORD
  5
A81
330
9
100
AcDbSymbolTableRecord
100
AcDbBlockTableRecord
  2
*D52
340
0
 70
0
280
1
281
0
  0
BLOCK_RECORD
  5
A91
330
9
100
AcDbSymbolTableRecord
100
AcDbBlockTableRecord
  2
*D53
340
0
 70
0
280
1
281
0
  0
BLOCK_RECORD
  5
AA1
330
9
100
AcDbSymbolTableRecord
100
AcDbBlockTableRecord
  2
*D54
340
0
 70
0
280
1
281
0
  0
BLOCK_RECORD
  5
CB7
330
9
100
AcDbSymbolTableRecord
100
AcDbBlockTableRecord
  2
*D55
340
0
 70
0
280
1
281
0
  0
BLOCK_RECORD
  5
CC7
330
9
100
AcDbSymbolTableRecord
100
AcDbBlockTableRecord
  2
*D56
340
0
 70
0
280
1
281
0
  0
BLOCK_RECORD
  5
CD7
330
9
100
AcDbSymbolTableRecord
100
AcDbBlockTableRecord
  2
*D57
340
0
 70
0
280
1
281
0
  0
BLOCK_RECORD
  5
CE7
330
9
100
AcDbSymbolTableRecord
100
AcDbBlockTableRecord
  2
*D58
340
0
 70
0
280
1
281
0
  0
BLOCK_RECORD
  5
CF7
330
9
100
AcDbSymbolTableRecord
100
AcDbBlockTableRecord
  2
*D59
340
0
 70
0
280
1
281
0
  0
BLOCK_RECORD
  5
D07
330
9
100
AcDbSymbolTableRecord
100
AcDbBlockTableRecord
  2
*D60
340
0
 70
0
280
1
281
0
  0
BLOCK_RECORD
  5
D17
330
9
100
AcDbSymbolTableRecord
100
AcDbBlockTableRecord
  2
*D61
340
0
 70
0
280
1
281
0
  0
BLOCK_RECORD
  5
D27
330
9
100
AcDbSymbolTableRecord
100
AcDbBlockTableRecord
  2
*D62
340
0
 70
0
280
1
281
0
  0
BLOCK_RECORD
  5
D37
330
9
100
AcDbSymbolTableRecord
100
AcDbBlockTableRecord
  2
*D63
340
0
 70
0
280
1
281
0
  0
BLOCK_RECORD
  5
F4D
330
9
100
AcDbSymbolTableRecord
100
AcDbBlockTableRecord
  2
*D64
340
0
 70
0
280
1
281
0
  0
BLOCK_RECORD
  5
F5D
330
9
100
AcDbSymbolTableRecord
100
AcDbBlockTableRecord
  2
*D65
340
0
 70
0
280
1
281
0
  0
BLOCK_RECORD
  5
F6D
330
9
100
AcDbSymbolTableRecord
100
AcDbBlockTableRecord
  2
*D66
340
0
 70
0
280
1
281
0
  0
BLOCK_RECORD
  5
F7D
330
9
100
AcDbSymbolTableRecord
100
AcDbBlockTableRecord
  2
*D67
340
0
 70
0
280
1
281
0
  0
BLOCK_RECORD
  5
F8D
330
9
100
AcDbSymbolTableRecord
100
AcDbBlockTableRecord
  2
*D68
340
0
 70
0
280
1
281
0
  0
BLOCK_RECORD
  5
F9D
330
9
100
AcDbSymbolTableRecord
100
AcDbBlockTableRecord
  2
*D69
340
0
 70
0
280
1
281
0
  0
BLOCK_RECORD
  5
FAD
330
9
100
AcDbSymbolTableRecord
100
AcDbBlockTableRecord
  2
*D70
340
0
 70
0
280
1
281
0
  0
BLOCK_RECORD
  5
FBD
330
9
100
AcDbSymbolTableRecord
100
AcDbBlockTableRecord
  2
*D71
340
0
 70
0
280
1
281
0
  0
BLOCK_RECORD
  5
FCD
330
9
100
AcDbSymbolTableRecord
100
AcDbBlockTableRecord
  2
*D72
340
0
 70
0
280
1
281
0
  0
BLOCK_RECORD
  5
11E3
330
9
100
AcDbSymbolTableRecord
100
AcDbBlockTableRecord
  2
*D73
340
0
 70
0
280
1
281
0
  0
BLOCK_RECORD
  5
11F3
330
9
100
AcDbSymbolTableRecord
100
AcDbBlockTableRecord
  2
*D74
340
0
 70
0
280
1
281
0
  0
BLOCK_RECORD
  5
1203
330
9
100
AcDbSymbolTableRecord
100
AcDbBlockTableRecord
  2
*D75
340
0
 70
0
280
1
281
0
  0
BLOCK_RECORD
  5
1213
330
9
100
AcDbSymbolTableRecord
100
AcDbBlockTableRecord
  2
*D76
340
0
 70
0
280
1
281
0
  0
BLOCK_RECORD
  5
1223
330
9
100
AcDbSymbolTableRecord
100
AcDbBlockTableRecord
  2
*D77
340
0
 70
0
280
1
281
0
  0
BLOCK_RECORD
  5
1233
330
9
100
AcDbSymbolTableRecord
100
AcDbBlockTableRecord
  2
*D78
340
0
 70
0
280
1
281
0
  0
BLOCK_RECORD
  5
1243
330
9
100
AcDbSymbolTableRecord
100
AcDbBlockTableRecord
  2
*D79
340
0
 70
0
280
1
281
0
  0
BLOCK_RECORD
  5
1253
330
9
100
AcDbSymbolTableRecord
100
AcDbBlockTableRecord
  2
*D80
340
0
 70
0
280
1
281
0
  0
BLOCK_RECORD
  5
1263
330
9
100
AcDbSymbolTableRecord
100
AcDbBlockTableRecord
  2
*D81
340
0
 70
0
280
1
281
0
  0
BLOCK_RECORD
  5
12E4
330
9
100
AcDbSymbolTableRecord
100
AcDbBlockTableRecord
  2
*D82
340
0
 70
0
280
1
281
0
  0
BLOCK_RECORD
  5
12F4
330
9
100
AcDbSymbolTableRecord
100
AcDbBlockTableRecord
  2
*D83
340
0
 70
0
280
1
281
0
  0
BLOCK_RECORD
  5
1304
330
9
100
AcDbSymbolTableRecord
100
AcDbBlockTableRecord
  2
*D84
340
0
 70
0
280
1
281
0
  0
BLOCK_RECORD
  5
1314
330
9
100
AcDbSymbolTableRecord
100
AcDbBlockTableRecord
  2
*D85
340
0
 70
0
280
1
281
0
  0
BLOCK_RECORD
  5
1385
330
9
100
AcDbSymbolTableRecord
100
AcDbBlockTableRecord
  2
*D86
340
0
 70
0
280
1
281
0
  0
BLOCK_RECORD
  5
1395
330
9
100
AcDbSymbolTableRecord
100
AcDbBlockTableRecord
  2
*D87
340
0
 70
0
280
1
281
0
  0
BLOCK_RECORD
  5
13A5
330
9
100
AcDbSymbolTableRecord
100
AcDbBlockTableRecord
  2
*D88
340
0
 70
0
280
1
281
0
  0
BLOCK_RECORD
  5
13B5
330
9
100
AcDbSymbolTableRecord
100
AcDbBlockTableRecord
  2
*D89
340
0
 70
0
280
1
281
0
  0
BLOCK_RECORD
  5
13C5
330
9
100
AcDbSymbolTableRecord
100
AcDbBlockTableRecord
  2
*D90
340
0
 70
0
280
1
281
0
  0
BLOCK_RECORD
  5
141E
330
9
100
AcDbSymbolTableRecord
100
AcDbBlockTableRecord
  2
*D91
340
0
 70
0
280
1
281
0
  0
BLOCK_RECORD
  5
142E
330
9
100
AcDbSymbolTableRecord
100
AcDbBlockTableRecord
  2
*D92
340
0
 70
0
280
1
281
0
  0
BLOCK_RECORD
  5
143E
330
9
100
AcDbSymbolTableRecord
100
AcDbBlockTableRecord
  2
*D93
340
0
 70
0
280
1
281
0
  0
BLOCK_RECORD
  5
144E
330
9
100
AcDbSymbolTableRecord
100
AcDbBlockTableRecord
  2
*D94
340
0
 70
0
280
1
281
0
  0
BLOCK_RECORD
  5
14D4
330
9
100
AcDbSymbolTableRecord
100
AcDbBlockTableRecord
  2
*D95
340
0
 70
0
280
1
281
0
  0
BLOCK_RECORD
  5
14E4
330
9
100
AcDbSymbolTableRecord
100
AcDbBlockTableRecord
  2
*D96
340
0
 70
0
280
1
281
0
  0
BLOCK_RECORD
  5
14F4
330
9
100
AcDbSymbolTableRecord
100
AcDbBlockTableRecord
  2
*D97
340
0
 70
0
280
1
281
0
  0
BLOCK_RECORD
  5
1504
330
9
100
AcDbSymbolTableRecord
100
AcDbBlockTableRecord
  2
*D98
340
0
 70
0
280
1
281
0
  0
BLOCK_RECORD
  5
1514
330
9
100
AcDbSymbolTableRecord
100
AcDbBlockTableRecord
  2
*D99
340
0
 70
0
280
1
281
0
  0
ENDTAB
  0
ENDSEC
  0
SECTION
  2
BLOCKS
  0
BLOCK
  5
18
330
17
100
AcDbEntity
  8
0
100
AcDbBlockBegin
  2
*Model_Space
 70
0
 10
0.0
 20
0.0
 30
0.0
  3
*Model_Space
  1

  0
ENDBLK
  5
19
330
17
100
AcDbEntity
  8
0
100
AcDbBlockEnd
  0
BLOCK
  5
1C
330
1B
100
AcDbEntity
  8
0
100
AcDbBlockBegin
  2
*Paper_Space
 70
0
 10
0.0
 20
0.0
 30
0.0
  3
*Paper_Space
  1

  0
ENDBLK
  5
1D
330
1B
100
AcDbEntity
  8
0
100
AcDbBlockEnd
  0
BLOCK
  5
DF
330
DE
100
AcDbEntity
  8
0
100
AcDbBlockBegin
  2
*D1
 70
1
 10
0.0
 20
0.0
 30
0.0
  3
*D1
  1

  0
LINE
  5
E1
330
DE
100
AcDbEntity
  8
AKS
100
AcDbLine
 10
14150.0
 20
-150.0
 30
0.0
 11
14150.0
 21
-550.0
 31
0.0
  0
LINE
  5
E2
330
DE
100
AcDbEntity
  8
AKS
100
AcDbLine
 10
21100.0
 20
-150.0
 30
0.0
 11
21100.0
 21
-550.0
 31
0.0
  0
INSERT
  5
E7
330
DE
100
AcDbEntity
  8
AKS
100
AcDbBlockReference
  2
_CLOSEDFILLED
 10
14150.0
 20
-400.0
 30
0.0
 41
84.0
 42
84.0
 50
180.0
  0
INSERT
  5
E9
330
DE
100
AcDbEntity
  8
AKS
100
AcDbBlockReference
  2
_CLOSEDFILLED
 10
21100.0
 20
-400.0
 30
0.0
 41
84.0
 42
84.0
  0
LINE
  5
EB
330
DE
100
AcDbEntity
  8
AKS
100
AcDbLine
 10
14234.0
 20
-400.0
 30
0.0
 11
17445.0
 21
-400.0
 31
0.0
  0
LINE
  5
EC
330
DE
100
AcDbEntity
  8
AKS
100
AcDbLine
 10
17805.0
 20
-400.0
 30
0.0
 11
21016.0
 21
-400.0
 31
0.0
  0
MTEXT
  5
ED
330
DE
100
AcDbEntity
  8
AKS
100
AcDbMText
 10
17625.0
 20
-400.0
 30
0.0
 40
120.0
 71
5
  1
695
  0
POINT
  5
EE
330
DE
100
AcDbEntity
  8
Defpoints
100
AcDbPoint
 10
14150.0
 20
-400.0
 30
0.0
  0
POINT
  5
EF
330
DE
100
AcDbEntity
  8
Defpoints
100
AcDbPoint
 10
14150.0
 20
0.0
 30
0.0
  0
POINT
  5
F0
330
DE
100
AcDbEntity
  8
Defpoints
100
AcDbPoint
 10
21100.0
 20
0.0
 30
0.0
  0
ENDBLK
  5
E0
330
DE
100
AcDbEntity
  8
0
100
AcDbBlockEnd
  0
BLOCK
  5
E4
330
E3
100
AcDbEntity
  8
0
100
AcDbBlockBegin
  2
_CLOSEDFILLED
 70
0
 10
0.0
 20
0.0
 30
0.0
  3
_CLOSEDFILLED
  1

  0
SOLID
  5
E6
330
E3
100
AcDbEntity
  8
0
  6
BYBLOCK
 62
0
100
AcDbTrace
 10
-1.0
 20
0.16439898372402537
 30
0.0
 11
0.0
 21
0.0
 31
0.0
 12
-1.0
 22
-0.16439898372402537
 32
0.0
 13
-1.0
 23
-0.16439898372402537
 33
0.0
  0
ENDBLK
  5
E5
330
E3
100
AcDbEntity
  8
0
100
AcDbBlockEnd
  0
BLOCK
  5
F3
330
F2
100
AcDbEntity
  8
0
100
AcDbBlockBegin
  2
*D2
 70
1
 10
0.0
 20
0.0
 30
0.0
  3
*D2
  1

  0
LINE
  5
F5
330
F2
100
AcDbEntity
  8
AKS
100
AcDbLine
 10
21100.0
 20
-150.0
 30
0.0
 11
21100.0
 21
-550.0
 31
0.0
  0
LINE
  5
F6
330
F2
100
AcDbEntity
  8
AKS
100
AcDbLine
 10
27200.0
 20
-150.0
 30
0.0
 11
27200.0
 21
-550.0
 31
0.0
  0
INSERT
  5
F7
330
F2
100
AcDbEntity
  8
AKS
100
AcDbBlockReference
  2
_CLOSEDFILLED
 10
21100.0
 20
-400.0
 30
0.0
 41
84.0
 42
84.0
 50
180.0
  0
INSERT
  5
F9
330
F2
100
AcDbEntity
  8
AKS
100
AcDbBlockReference
  2
_CLOSEDFILLED
 10
27200.0
 20
-400.0
 30
0.0
 41
84.0
 42
84.0
  0
LINE
  5
FB
330
F2
100
AcDbEntity
  8
AKS
100
AcDbLine
 10
21184.0
 20
-400.0
 30
0.0
 11
23970.0
 21
-400.0
 31
0.0
  0
LINE
  5
FC
330
F2
100
AcDbEntity
  8
AKS
100
AcDbLine
 10
24330.0
 20
-400.0
 30
0.0
 11
27116.0
 21
-400.0
 31
0.0
  0
MTEXT
  5
FD
330
F2
100
AcDbEntity
  8
AKS
100
AcDbMText
 10
24150.0
 20
-400.0
 30
0.0
 40
120.0
 71
5
  1
610
  0
POINT
  5
FE
330
F2
100
AcDbEntity
  8
Defpoints
100
AcDbPoint
 10
21100.0
 20
-400.0
 30
0.0
  0
POINT
  5
FF
330
F2
100
AcDbEntity
  8
Defpoints
100
AcDbPoint
 10
21100.0
 20
0.0
 30
0.0
  0
POINT
  5
100
330
F2
100
AcDbEntity
  8
Defpoints
100
AcDbPoint
 10
27200.0
 20
0.0
 30
0.0
  0
ENDBLK
  5
F4
330
F2
100
AcDbEntity
  8
0
100
AcDbBlockEnd
  0
BLOCK
  5
103
330
102
100
AcDbEntity
  8
0
100
AcDbBlockBegin
  2
*D3
 70
1
 10
0.0
 20
0.0
 30
0.0
  3
*D3
  1

  0
LINE
  5
105
330
102
100
AcDbEntity
  8
AKS
100
AcDbLine
 10
27200.0
 20
-150.0
 30
0.0
 11
27200.0
 21
-550.0
 31
0.0
  0
LINE
  5
106
330
102
100
AcDbEntity
  8
AKS
100
AcDbLine
 10
34150.0
 20
-150.0
 30
0.0
 11
34150.0
 21
-550.0
 31
0.0
  0
INSERT
  5
107
330
102
100
AcDbEntity
  8
AKS
100
AcDbBlockReference
  2
_CLOSEDFILLED
 10
27200.0
 20
-400.0
 30
0.0
 41
84.0
 42
84.0
 50
180.0
  0
INSERT
  5
109
330
102
100
AcDbEntity
  8
AKS
100
AcDbBlockReference
  2
_CLOSEDFILLED
 10
34150.0
 20
-400.0
 30
0.0
 41
84.0
 42
84.0
  0
LINE
  5
10B
330
102
100
AcDbEntity
  8
AKS
100
AcDbLine
 10
27284.0
 20
-400.0
 30
0.0
 11
30495.0
 21
-400.0
 31
0.0
  0
LINE
  5
10C
330
102
100
AcDbEntity
  8
AKS
100
AcDbLine
 10
30855.0
 20
-400.0
 30
0.0
 11
34066.0
 21
-400.0
 31
0.0
  0
MTEXT
  5
10D
330
102
100
AcDbEntity
  8
AKS
100
AcDbMText
 10
30675.0
 20
-400.0
 30
0.0
 40
120.0
 71
5
  1
695
  0
POINT
  5
10E
330
102
100
AcDbEntity
  8
Defpoints
100
AcDbPoint
 10
27200.0
 20
-400.0
 30
0.0
  0
POINT
  5
10F
330
102
100
AcDbEntity
  8
Defpoints
100
AcDbPoint
 10
27200.0
 20
0.0
 30
0.0
  0
POINT
  5
110
330
102
100
AcDbEntity
  8
Defpoints
100
AcDbPoint
 10
34150.0
 20
0.0
 30
0.0
  0
ENDBLK
  5
104
330
102
100
AcDbEntity
  8
0
100
AcDbBlockEnd
  0
BLOCK
  5
113
330
112
100
AcDbEntity
  8
0
100
AcDbBlockBegin
  2
*D4
 70
1
 10
0.0
 20
0.0
 30
0.0
  3
*D4
  1

  0
LINE
  5
115
330
112
100
AcDbEntity
  8
AKS
100
AcDbLine
 10
14150.0
 20
-150.0
 30
0.0
 11
14150.0
 21
-2100.0
 31
0.0
  0
LINE
  5
116
330
112
100
AcDbEntity
  8
AKS
100
AcDbLine
 10
34150.0
 20
-150.0
 30
0.0
 11
34150.0
 21
-2100.0
 31
0.0
  0
INSERT
  5
117
330
112
100
AcDbEntity
  8
AKS
100
AcDbBlockReference
  2
_CLOSEDFILLED
 10
14150.0
 20
-1950.0
 30
0.0
 41
84.0
 42
84.0
 50
180.0
  0
INSERT
  5
119
330
112
100
AcDbEntity
  8
AKS
100
AcDbBlockReference
  2
_CLOSEDFILLED
 10
34150.0
 20
-1950.0
 30
0.0
 41
84.0
 42
84.0
  0
LINE
  5
11B
330
112
100
AcDbEntity
  8
AKS
100
AcDbLine
 10
14234.0
 20
-1950.0
 30
0.0
 11
23910.0
 21
-1950.0
 31
0.0
  0
LINE
  5
11C
330
112
100
AcDbEntity
  8
AKS
100
AcDbLine
 10
24390.0
 20
-1950.0
 30
0.0
 11
34066.0
 21
-1950.0
 31
0.0
  0
MTEXT
  5
11D
330
112
100
AcDbEntity
  8
AKS
100
AcDbMText
 10
24150.0
 20
-1950.0
 30
0.0
 40
120.0
 71
5
  1
2000
  0
POINT
  5
11E
330
112
100
AcDbEntity
  8
Defpoints
100
AcDbPoint
 10
14150.0
 20
-1950.0
 30
0.0
  0
POINT
  5
11F
330
112
100
AcDbEntity
  8
Defpoints
100
AcDbPoint
 10
14150.0
 20
0.0
 30
0.0
  0
POINT
  5
120
330
112
100
AcDbEntity
  8
Defpoints
100
AcDbPoint
 10
34150.0
 20
0.0
 30
0.0
  0
ENDBLK
  5
114
330
112
100
AcDbEntity
  8
0
100
AcDbBlockEnd
  0
BLOCK
  5
123
330
122
100
AcDbEntity
  8
0
100
AcDbBlockBegin
  2
*D5
 70
1
 10
0.0
 20
0.0
 30
0.0
  3
*D5
  1

  0
LINE
  5
125
330
122
100
AcDbEntity
  8
AKS
100
AcDbLine
 10
14000.0
 20
0.0
 30
0.0
 11
13600.0
 21
0.0
 31
0.0
  0
LINE
  5
126
330
122
100
AcDbEntity
  8
AKS
100
AcDbLine
 10
14000.0
 20
5250.0
 30
0.0
 11
13600.0
 21
5250.0
 31
0.0
  0
INSERT
  5
127
330
122
100
AcDbEntity
  8
AKS
100
AcDbBlockReference
  2
_CLOSEDFILLED
 10
13750.0
 20
0.0
 30
0.0
 41
84.0
 42
84.0
 50
270.0
  0
INSERT
  5
129
330
122
100
AcDbEntity
  8
AKS
100
AcDbBlockReference
  2
_CLOSEDFILLED
 10
13750.0
 20
5250.0
 30
0.0
 41
84.0
 42
84.0
 50
90.0
  0
LINE
  5
12B
330
122
100
AcDbEntity
  8
AKS
100
AcDbLine
 10
13750.0
 20
84.0
 30
0.0
 11
13750.0
 21
2445.0
 31
0.0
  0
LINE
  5
12C
330
122
100
AcDbEntity
  8
AKS
100
AcDbLine
 10
13750.0
 20
2805.0
 30
0.0
 11
13750.0
 21
5166.0
 31
0.0
  0
MTEXT
  5
12D
330
122
100
AcDbEntity
  8
AKS
100
AcDbMText
 10
13750.0
 20
2625.0
 30
0.0
 40
120.0
 71
5
  1
525
 50
90.0
  0
POINT
  5
12E
330
122
100
AcDbEntity
  8
Defpoints
100
AcDbPoint
 10
13750.0
 20
0.0
 30
0.0
  0
POINT
  5
12F
330
122
100
AcDbEntity
  8
Defpoints
100
AcDbPoint
 10
14150.0
 20
0.0
 30
0.0
  0
POINT
  5
130
330
122
100
AcDbEntity
  8
Defpoints
100
AcDbPoint
 10
14150.0
 20
5250.0
 30
0.0
  0
ENDBLK
  5
124
330
122
100
AcDbEntity
  8
0
100
AcDbBlockEnd
  0
BLOCK
  5
133
330
132
100
AcDbEntity
  8
0
100
AcDbBlockBegin
  2
*D6
 70
1
 10
0.0
 20
0.0
 30
0.0
  3
*D6
  1

  0
LINE
  5
135
330
132
100
AcDbEntity
  8
AKS
100
AcDbLine
 10
14000.0
 20
5250.0
 30
0.0
 11
13600.0
 21
5250.0
 31
0.0
  0
LINE
  5
136
330
132
100
AcDbEntity
  8
AKS
100
AcDbLine
 10
14000.0
 20
9300.0
 30
0.0
 11
13600.0
 21
9300.0
 31
0.0
  0
INSERT
  5
137
330
132
100
AcDbEntity
  8
AKS
100
AcDbBlockReference
  2
_CLOSEDFILLED
 10
13750.0
 20
5250.0
 30
0.0
 41
84.0
 42
84.0
 50
270.0
  0
INSERT
  5
139
330
132
100
AcDbEntity
  8
AKS
100
AcDbBlockReference
  2
_CLOSEDFILLED
 10
13750.0
 20
9300.0
 30
0.0
 41
84.0
 42
84.0
 50
90.0
  0
LINE
  5
13B
330
132
100
AcDbEntity
  8
AKS
100
AcDbLine
 10
13750.0
 20
5334.0
 30
0.0
 11
13750.0
 21
7095.0
 31
0.0
  0
LINE
  5
13C
330
132
100
AcDbEntity
  8
AKS
100
AcDbLine
 10
13750.0
 20
7455.0
 30
0.0
 11
13750.0
 21
9216.0
 31
0.0
  0
MTEXT
  5
13D
330
132
100
AcDbEntity
  8
AKS
100
AcDbMText
 10
13750.0
 20
7275.0
 30
0.0
 40
120.0
 71
5
  1
405
 50
90.0
  0
POINT
  5
13E
330
132
100
AcDbEntity
  8
Defpoints
100
AcDbPoint
 10
13750.0
 20
5250.0
 30
0.0
  0
POINT
  5
13F
330
132
100
AcDbEntity
  8
Defpoints
100
AcDbPoint
 10
14150.0
 20
5250.0
 30
0.0
  0
POINT
  5
140
330
132
100
AcDbEntity
  8
Defpoints
100
AcDbPoint
 10
14150.0
 20
9300.0
 30
0.0
  0
ENDBLK
  5
134
330
132
100
AcDbEntity
  8
0
100
AcDbBlockEnd
  0
BLOCK
  5
143
330
142
100
AcDbEntity
  8
0
100
AcDbBlockBegin
  2
*D7
 70
1
 10
0.0
 20
0.0
 30
0.0
  3
*D7
  1

  0
LINE
  5
145
330
142
100
AcDbEntity
  8
AKS
100
AcDbLine
 10
14000.0
 20
9300.0
 30
0.0
 11
13600.0
 21
9300.0
 31
0.0
  0
LINE
  5
146
330
142
100
AcDbEntity
  8
AKS
100
AcDbLine
 10
14000.0
 20
12300.0
 30
0.0
 11
13600.0
 21
12300.0
 31
0.0
  0
INSERT
  5
147
330
142
100
AcDbEntity
  8
AKS
100
AcDbBlockReference
  2
_CLOSEDFILLED
 10
13750.0
 20
9300.0
 30
0.0
 41
84.0
 42
84.0
 50
270.0
  0
INSERT
  5
149
330
142
100
AcDbEntity
  8
AKS
100
AcDbBlockReference
  2
_CLOSEDFILLED
 10
13750.0
 20
12300.0
 30
0.0
 41
84.0
 42
84.0
 50
90.0
  0
LINE
  5
14B
330
142
100
AcDbEntity
  8
AKS
100
AcDbLine
 10
13750.0
 20
9384.0
 30
0.0
 11
13750.0
 21
10620.0
 31
0.0
  0
LINE
  5
14C
330
142
100
AcDbEntity
  8
AKS
100
AcDbLine
 10
13750.0
 20
10980.0
 30
0.0
 11
13750.0
 21
12216.0
 31
0.0
  0
MTEXT
  5
14D
330
142
100
AcDbEntity
  8
AKS
100
AcDbMText
 10
13750.0
 20
10800.0
 30
0.0
 40
120.0
 71
5
  1
300
 50
90.0
  0
POINT
  5
14E
330
142
100
AcDbEntity
  8
Defpoints
100
AcDbPoint
 10
13750.0
 20
9300.0
 30
0.0
  0
POINT
  5
14F
330
142
100
AcDbEntity
  8
Defpoints
100
AcDbPoint
 10
14150.0
 20
9300.0
 30
0.0
  0
POINT
  5
150
330
142
100
AcDbEntity
  8
Defpoints
100
AcDbPoint
 10
14150.0
 20
12300.0
 30
0.0
  0
ENDBLK
  5
144
330
142
100
AcDbEntity
  8
0
100
AcDbBlockEnd
  0
BLOCK
  5
153
330
152
100
AcDbEntity
  8
0
100
AcDbBlockBegin
  2
*D8
 70
1
 10
0.0
 20
0.0
 30
0.0
  3
*D8
  1

  0
LINE
  5
155
330
152
100
AcDbEntity
  8
AKS
100
AcDbLine
 10
14000.0
 20
12300.0
 30
0.0
 11
13600.0
 21
12300.0
 31
0.0
  0
LINE
  5
156
330
152
100
AcDbEntity
  8
AKS
100
AcDbLine
 10
14000.0
 20
17500.0
 30
0.0
 11
13600.0
 21
17500.0
 31
0.0
  0
INSERT
  5
157
330
152
100
AcDbEntity
  8
AKS
100
AcDbBlockReference
  2
_CLOSEDFILLED
 10
13750.0
 20
12300.0
 30
0.0
 41
84.0
 42
84.0
 50
270.0
  0
INSERT
  5
159
330
152
100
AcDbEntity
  8
AKS
100
AcDbBlockReference
  2
_CLOSEDFILLED
 10
13750.0
 20
17500.0
 30
0.0
 41
84.0
 42
84.0
 50
90.0
  0
LINE
  5
15B
330
152
100
AcDbEntity
  8
AKS
100
AcDbLine
 10
13750.0
 20
12384.0
 30
0.0
 11
13750.0
 21
14720.0
 31
0.0
  0
LINE
  5
15C
330
152
100
AcDbEntity
  8
AKS
100
AcDbLine
 10
13750.0
 20
15080.0
 30
0.0
 11
13750.0
 21
17416.0
 31
0.0
  0
MTEXT
  5
15D
330
152
100
AcDbEntity
  8
AKS
100
AcDbMText
 10
13750.0
 20
14900.0
 30
0.0
 40
120.0
 71
5
  1
520
 50
90.0
  0
POINT
  5
15E
330
152
100
AcDbEntity
  8
Defpoints
100
AcDbPoint
 10
13750.0
 20
12300.0
 30
0.0
  0
POINT
  5
15F
330
152
100
AcDbEntity
  8
Defpoints
100
AcDbPoint
 10
14150.0
 20
12300.0
 30
0.0
  0
POINT
  5
160
330
152
100
AcDbEntity
  8
Defpoints
100
AcDbPoint
 10
14150.0
 20
17500.0
 30
0.0
  0
ENDBLK
  5
154
330
152
100
AcDbEntity
  8
0
100
AcDbBlockEnd
  0
BLOCK
  5
163
330
162
100
AcDbEntity
  8
0
100
AcDbBlockBegin
  2
*D9
 70
1
 10
0.0
 20
0.0
 30
0.0
  3
*D9
  1

  0
LINE
  5
165
330
162
100
AcDbEntity
  8
AKS
100
AcDbLine
 10
14000.0
 20
0.0
 30
0.0
 11
12050.0
 21
0.0
 31
0.0
  0
LINE
  5
166
330
162
100
AcDbEntity
  8
AKS
100
AcDbLine
 10
14000.0
 20
17500.0
 30
0.0
 11
12050.0
 21
17500.0
 31
0.0
  0
INSERT
  5
167
330
162
100
AcDbEntity
  8
AKS
100
AcDbBlockReference
  2
_CLOSEDFILLED
 10
12200.0
 20
0.0
 30
0.0
 41
84.0
 42
84.0
 50
270.0
  0
INSERT
  5
169
330
162
100
AcDbEntity
  8
AKS
100
AcDbBlockReference
  2
_CLOSEDFILLED
 10
12200.0
 20
17500.0
 30
0.0
 41
84.0
 42
84.0
 50
90.0
  0
LINE
  5
16B
330
162
100
AcDbEntity
  8
AKS
100
AcDbLine
 10
12200.0
 20
84.0
 30
0.0
 11
12200.0
 21
8510.0
 31
0.0
  0
LINE
  5
16C
330
162
100
AcDbEntity
  8
AKS
100
AcDbLine
 10
12200.0
 20
8990.0
 30
0.0
 11
12200.0
 21
17416.0
 31
0.0
  0
MTEXT
  5
16D
330
162
100
AcDbEntity
  8
AKS
100
AcDbMText
 10
12200.0
 20
8750.0
 30
0.0
 40
120.0
 71
5
  1
1750
 50
90.0
  0
POINT
  5
16E
330
162
100
AcDbEntity
  8
Defpoints
100
AcDbPoint
 10
12200.0
 20
0.0
 30
0.0
  0
POINT
  5
16F
330
162
100
AcDbEntity
  8
Defpoints
100
AcDbPoint
 10
14150.0
 20
0.0
 30
0.0
  0
POINT
  5
170
330
162
100
AcDbEntity
  8
Defpoints
100
AcDbPoint
 10
14150.0
 20
17500.0
 30
0.0
  0
ENDBLK
  5
164
330
162
100
AcDbEntity
  8
0
100
AcDbBlockEnd
  0
BLOCK
  5
1A2
330
1A1
100
AcDbEntity
  8
0
100
AcDbBlockBegin
  2
MAHAL_ETIKET
 70
2
 10
0.0
 20
0.0
 30
0.0
  3
MAHAL_ETIKET
  1

  0
ATTDEF
  5
1A4
330
1A1
100
AcDbEntity
  8
METIN
100
AcDbText
 10
0.0
 20
118.00000000000003
 30
0.0
 40
100.0
  1

 72
1
 11
0.0
 21
118.00000000000003
 31
0.0
100
AcDbAttributeDefinition
  3

  2
MAHAL_ADI
 70
0
 74
2
  0
ATTDEF
  5
1A5
330
1A1
100
AcDbEntity
  8
METIN
100
AcDbText
 10
0.0
 20
-10.999999999999972
 30
0.0
 40
78.0
  1

 72
1
 11
0.0
 21
-10.999999999999972
 31
0.0
100
AcDbAttributeDefinition
  3

  2
MAHAL_KOD
 70
0
 74
2
  0
ATTDEF
  5
1A6
330
1A1
100
AcDbEntity
  8
METIN
100
AcDbText
 10
0.0
 20
-128.99999999999997
 30
0.0
 40
78.0
  1

 72
1
 11
0.0
 21
-128.99999999999997
 31
0.0
100
AcDbAttributeDefinition
  3

  2
ALAN
 70
0
 74
2
  0
ENDBLK
  5
1A3
330
1A1
100
AcDbEntity
  8
0
100
AcDbBlockEnd
  0
BLOCK
  5
233
330
232
100
AcDbEntity
  8
0
100
AcDbBlockBegin
  2
*D10
 70
1
 10
0.0
 20
0.0
 30
0.0
  3
*D10
  1

  0
LINE
  5
235
330
232
100
AcDbEntity
  8
AKS
100
AcDbLine
 10
42450.0
 20
-150.0
 30
0.0
 11
42450.0
 21
-550.0
 31
0.0
  0
LINE
  5
236
330
232
100
AcDbEntity
  8
AKS
100
AcDbLine
 10
49400.0
 20
-150.0
 30
0.0
 11
49400.0
 21
-550.0
 31
0.0
  0
INSERT
  5
237
330
232
100
AcDbEntity
  8
AKS
100
AcDbBlockReference
  2
_CLOSEDFILLED
 10
42450.0
 20
-400.0
 30
0.0
 41
84.0
 42
84.0
 50
180.0
  0
INSERT
  5
239
330
232
100
AcDbEntity
  8
AKS
100
AcDbBlockReference
  2
_CLOSEDFILLED
 10
49400.0
 20
-400.0
 30
0.0
 41
84.0
 42
84.0
  0
LINE
  5
23B
330
232
100
AcDbEntity
  8
AKS
100
AcDbLine
 10
42534.0
 20
-400.0
 30
0.0
 11
45745.0
 21
-400.0
 31
0.0
  0
LINE
  5
23C
330
232
100
AcDbEntity
  8
AKS
100
AcDbLine
 10
46105.0
 20
-400.0
 30
0.0
 11
49316.0
 21
-400.0
 31
0.0
  0
MTEXT
  5
23D
330
232
100
AcDbEntity
  8
AKS
100
AcDbMText
 10
45925.0
 20
-400.0
 30
0.0
 40
120.0
 71
5
  1
695
  0
POINT
  5
23E
330
232
100
AcDbEntity
  8
Defpoints
100
AcDbPoint
 10
42450.0
 20
-400.0
 30
0.0
  0
POINT
  5
23F
330
232
100
AcDbEntity
  8
Defpoints
100
AcDbPoint
 10
42450.0
 20
0.0
 30
0.0
  0
POINT
  5
240
330
232
100
AcDbEntity
  8
Defpoints
100
AcDbPoint
 10
49400.0
 20
0.0
 30
0.0
  0
ENDBLK
  5
234
330
232
100
AcDbEntity
  8
0
100
AcDbBlockEnd
  0
BLOCK
  5
243
330
242
100
AcDbEntity
  8
0
100
AcDbBlockBegin
  2
*D11
 70
1
 10
0.0
 20
0.0
 30
0.0
  3
*D11
  1

  0
LINE
  5
245
330
242
100
AcDbEntity
  8
AKS
100
AcDbLine
 10
49400.0
 20
-150.0
 30
0.0
 11
49400.0
 21
-550.0
 31
0.0
  0
LINE
  5
246
330
242
100
AcDbEntity
  8
AKS
100
AcDbLine
 10
55500.0
 20
-150.0
 30
0.0
 11
55500.0
 21
-550.0
 31
0.0
  0
INSERT
  5
247
330
242
100
AcDbEntity
  8
AKS
100
AcDbBlockReference
  2
_CLOSEDFILLED
 10
49400.0
 20
-400.0
 30
0.0
 41
84.0
 42
84.0
 50
180.0
  0
INSERT
  5
249
330
242
100
AcDbEntity
  8
AKS
100
AcDbBlockReference
  2
_CLOSEDFILLED
 10
55500.0
 20
-400.0
 30
0.0
 41
84.0
 42
84.0
  0
LINE
  5
24B
330
242
100
AcDbEntity
  8
AKS
100
AcDbLine
 10
49484.0
 20
-400.0
 30
0.0
 11
52270.0
 21
-400.0
 31
0.0
  0
LINE
  5
24C
330
242
100
AcDbEntity
  8
AKS
100
AcDbLine
 10
52630.0
 20
-400.0
 30
0.0
 11
55416.0
 21
-400.0
 31
0.0
  0
MTEXT
  5
24D
330
242
100
AcDbEntity
  8
AKS
100
AcDbMText
 10
52450.0
 20
-400.0
 30
0.0
 40
120.0
 71
5
  1
610
  0
POINT
  5
24E
330
242
100
AcDbEntity
  8
Defpoints
100
AcDbPoint
 10
49400.0
 20
-400.0
 30
0.0
  0
POINT
  5
24F
330
242
100
AcDbEntity
  8
Defpoints
100
AcDbPoint
 10
49400.0
 20
0.0
 30
0.0
  0
POINT
  5
250
330
242
100
AcDbEntity
  8
Defpoints
100
AcDbPoint
 10
55500.0
 20
0.0
 30
0.0
  0
ENDBLK
  5
244
330
242
100
AcDbEntity
  8
0
100
AcDbBlockEnd
  0
BLOCK
  5
253
330
252
100
AcDbEntity
  8
0
100
AcDbBlockBegin
  2
*D12
 70
1
 10
0.0
 20
0.0
 30
0.0
  3
*D12
  1

  0
LINE
  5
255
330
252
100
AcDbEntity
  8
AKS
100
AcDbLine
 10
55500.0
 20
-150.0
 30
0.0
 11
55500.0
 21
-550.0
 31
0.0
  0
LINE
  5
256
330
252
100
AcDbEntity
  8
AKS
100
AcDbLine
 10
62450.0
 20
-150.0
 30
0.0
 11
62450.0
 21
-550.0
 31
0.0
  0
INSERT
  5
257
330
252
100
AcDbEntity
  8
AKS
100
AcDbBlockReference
  2
_CLOSEDFILLED
 10
55500.0
 20
-400.0
 30
0.0
 41
84.0
 42
84.0
 50
180.0
  0
INSERT
  5
259
330
252
100
AcDbEntity
  8
AKS
100
AcDbBlockReference
  2
_CLOSEDFILLED
 10
62450.0
 20
-400.0
 30
0.0
 41
84.0
 42
84.0
  0
LINE
  5
25B
330
252
100
AcDbEntity
  8
AKS
100
AcDbLine
 10
55584.0
 20
-400.0
 30
0.0
 11
58795.0
 21
-400.0
 31
0.0
  0
LINE
  5
25C
330
252
100
AcDbEntity
  8
AKS
100
AcDbLine
 10
59155.0
 20
-400.0
 30
0.0
 11
62366.0
 21
-400.0
 31
0.0
  0
MTEXT
  5
25D
330
252
100
AcDbEntity
  8
AKS
100
AcDbMText
 10
58975.0
 20
-400.0
 30
0.0
 40
120.0
 71
5
  1
695
  0
POINT
  5
25E
330
252
100
AcDbEntity
  8
Defpoints
100
AcDbPoint
 10
55500.0
 20
-400.0
 30
0.0
  0
POINT
  5
25F
330
252
100
AcDbEntity
  8
Defpoints
100
AcDbPoint
 10
55500.0
 20
0.0
 30
0.0
  0
POINT
  5
260
330
252
100
AcDbEntity
  8
Defpoints
100
AcDbPoint
 10
62450.0
 20
0.0
 30
0.0
  0
ENDBLK
  5
254
330
252
100
AcDbEntity
  8
0
100
AcDbBlockEnd
  0
BLOCK
  5
263
330
262
100
AcDbEntity
  8
0
100
AcDbBlockBegin
  2
*D13
 70
1
 10
0.0
 20
0.0
 30
0.0
  3
*D13
  1

  0
LINE
  5
265
330
262
100
AcDbEntity
  8
AKS
100
AcDbLine
 10
42450.0
 20
-150.0
 30
0.0
 11
42450.0
 21
-2100.0
 31
0.0
  0
LINE
  5
266
330
262
100
AcDbEntity
  8
AKS
100
AcDbLine
 10
62450.0
 20
-150.0
 30
0.0
 11
62450.0
 21
-2100.0
 31
0.0
  0
INSERT
  5
267
330
262
100
AcDbEntity
  8
AKS
100
AcDbBlockReference
  2
_CLOSEDFILLED
 10
42450.0
 20
-1950.0
 30
0.0
 41
84.0
 42
84.0
 50
180.0
  0
INSERT
  5
269
330
262
100
AcDbEntity
  8
AKS
100
AcDbBlockReference
  2
_CLOSEDFILLED
 10
62450.0
 20
-1950.0
 30
0.0
 41
84.0
 42
84.0
  0
LINE
  5
26B
330
262
100
AcDbEntity
  8
AKS
100
AcDbLine
 10
42534.0
 20
-1950.0
 30
0.0
 11
52210.0
 21
-1950.0
 31
0.0
  0
LINE
  5
26C
330
262
100
AcDbEntity
  8
AKS
100
AcDbLine
 10
52690.0
 20
-1950.0
 30
0.0
 11
62366.0
 21
-1950.0
 31
0.0
  0
MTEXT
  5
26D
330
262
100
AcDbEntity
  8
AKS
100
AcDbMText
 10
52450.0
 20
-1950.0
 30
0.0
 40
120.0
 71
5
  1
2000
  0
POINT
  5
26E
330
262
100
AcDbEntity
  8
Defpoints
100
AcDbPoint
 10
42450.0
 20
-1950.0
 30
0.0
  0
POINT
  5
26F
330
262
100
AcDbEntity
  8
Defpoints
100
AcDbPoint
 10
42450.0
 20
0.0
 30
0.0
  0
POINT
  5
270
330
262
100
AcDbEntity
  8
Defpoints
100
AcDbPoint
 10
62450.0
 20
0.0
 30
0.0
  0
ENDBLK
  5
264
330
262
100
AcDbEntity
  8
0
100
AcDbBlockEnd
  0
BLOCK
  5
273
330
272
100
AcDbEntity
  8
0
100
AcDbBlockBegin
  2
*D14
 70
1
 10
0.0
 20
0.0
 30
0.0
  3
*D14
  1

  0
LINE
  5
275
330
272
100
AcDbEntity
  8
AKS
100
AcDbLine
 10
42300.0
 20
0.0
 30
0.0
 11
41900.0
 21
0.0
 31
0.0
  0
LINE
  5
276
330
272
100
AcDbEntity
  8
AKS
100
AcDbLine
 10
42300.0
 20
5250.0
 30
0.0
 11
41900.0
 21
5250.0
 31
0.0
  0
INSERT
  5
277
330
272
100
AcDbEntity
  8
AKS
100
AcDbBlockReference
  2
_CLOSEDFILLED
 10
42050.0
 20
0.0
 30
0.0
 41
84.0
 42
84.0
 50
270.0
  0
INSERT
  5
279
330
272
100
AcDbEntity
  8
AKS
100
AcDbBlockReference
  2
_CLOSEDFILLED
 10
42050.0
 20
5250.0
 30
0.0
 41
84.0
 42
84.0
 50
90.0
  0
LINE
  5
27B
330
272
100
AcDbEntity
  8
AKS
100
AcDbLine
 10
42050.0
 20
84.0
 30
0.0
 11
42050.0
 21
2445.0
 31
0.0
  0
LINE
  5
27C
330
272
100
AcDbEntity
  8
AKS
100
AcDbLine
 10
42050.0
 20
2805.0
 30
0.0
 11
42050.0
 21
5166.0
 31
0.0
  0
MTEXT
  5
27D
330
272
100
AcDbEntity
  8
AKS
100
AcDbMText
 10
42050.0
 20
2625.0
 30
0.0
 40
120.0
 71
5
  1
525
 50
90.0
  0
POINT
  5
27E
330
272
100
AcDbEntity
  8
Defpoints
100
AcDbPoint
 10
42050.0
 20
0.0
 30
0.0
  0
POINT
  5
27F
330
272
100
AcDbEntity
  8
Defpoints
100
AcDbPoint
 10
42450.0
 20
0.0
 30
0.0
  0
POINT
  5
280
330
272
100
AcDbEntity
  8
Defpoints
100
AcDbPoint
 10
42450.0
 20
5250.0
 30
0.0
  0
ENDBLK
  5
274
330
272
100
AcDbEntity
  8
0
100
AcDbBlockEnd
  0
BLOCK
  5
283
330
282
100
AcDbEntity
  8
0
100
AcDbBlockBegin
  2
*D15
 70
1
 10
0.0
 20
0.0
 30
0.0
  3
*D15
  1

  0
LINE
  5
285
330
282
100
AcDbEntity
  8
AKS
100
AcDbLine
 10
42300.0
 20
5250.0
 30
0.0
 11
41900.0
 21
5250.0
 31
0.0
  0
LINE
  5
286
330
282
100
AcDbEntity
  8
AKS
100
AcDbLine
 10
42300.0
 20
9300.0
 30
0.0
 11
41900.0
 21
9300.0
 31
0.0
  0
INSERT
  5
287
330
282
100
AcDbEntity
  8
AKS
100
AcDbBlockReference
  2
_CLOSEDFILLED
 10
42050.0
 20
5250.0
 30
0.0
 41
84.0
 42
84.0
 50
270.0
  0
INSERT
  5
289
330
282
100
AcDbEntity
  8
AKS
100
AcDbBlockReference
  2
_CLOSEDFILLED
 10
42050.0
 20
9300.0
 30
0.0
 41
84.0
 42
84.0
 50
90.0
  0
LINE
  5
28B
330
282
100
AcDbEntity
  8
AKS
100
AcDbLine
 10
42050.0
 20
5334.0
 30
0.0
 11
42050.0
 21
7095.0
 31
0.0
  0
LINE
  5
28C
330
282
100
AcDbEntity
  8
AKS
100
AcDbLine
 10
42050.0
 20
7455.0
 30
0.0
 11
42050.0
 21
9216.0
 31
0.0
  0
MTEXT
  5
28D
330
282
100
AcDbEntity
  8
AKS
100
AcDbMText
 10
42050.0
 20
7275.0
 30
0.0
 40
120.0
 71
5
  1
405
 50
90.0
  0
POINT
  5
28E
330
282
100
AcDbEntity
  8
Defpoints
100
AcDbPoint
 10
42050.0
 20
5250.0
 30
0.0
  0
POINT
  5
28F
330
282
100
AcDbEntity
  8
Defpoints
100
AcDbPoint
 10
42450.0
 20
5250.0
 30
0.0
  0
POINT
  5
290
330
282
100
AcDbEntity
  8
Defpoints
100
AcDbPoint
 10
42450.0
 20
9300.0
 30
0.0
  0
ENDBLK
  5
284
330
282
100
AcDbEntity
  8
0
100
AcDbBlockEnd
  0
BLOCK
  5
293
330
292
100
AcDbEntity
  8
0
100
AcDbBlockBegin
  2
*D16
 70
1
 10
0.0
 20
0.0
 30
0.0
  3
*D16
  1

  0
LINE
  5
295
330
292
100
AcDbEntity
  8
AKS
100
AcDbLine
 10
42300.0
 20
9300.0
 30
0.0
 11
41900.0
 21
9300.0
 31
0.0
  0
LINE
  5
296
330
292
100
AcDbEntity
  8
AKS
100
AcDbLine
 10
42300.0
 20
12300.0
 30
0.0
 11
41900.0
 21
12300.0
 31
0.0
  0
INSERT
  5
297
330
292
100
AcDbEntity
  8
AKS
100
AcDbBlockReference
  2
_CLOSEDFILLED
 10
42050.0
 20
9300.0
 30
0.0
 41
84.0
 42
84.0
 50
270.0
  0
INSERT
  5
299
330
292
100
AcDbEntity
  8
AKS
100
AcDbBlockReference
  2
_CLOSEDFILLED
 10
42050.0
 20
12300.0
 30
0.0
 41
84.0
 42
84.0
 50
90.0
  0
LINE
  5
29B
330
292
100
AcDbEntity
  8
AKS
100
AcDbLine
 10
42050.0
 20
9384.0
 30
0.0
 11
42050.0
 21
10620.0
 31
0.0
  0
LINE
  5
29C
330
292
100
AcDbEntity
  8
AKS
100
AcDbLine
 10
42050.0
 20
10980.0
 30
0.0
 11
42050.0
 21
12216.0
 31
0.0
  0
MTEXT
  5
29D
330
292
100
AcDbEntity
  8
AKS
100
AcDbMText
 10
42050.0
 20
10800.0
 30
0.0
 40
120.0
 71
5
  1
300
 50
90.0
  0
POINT
  5
29E
330
292
100
AcDbEntity
  8
Defpoints
100
AcDbPoint
 10
42050.0
 20
9300.0
 30
0.0
  0
POINT
  5
29F
330
292
100
AcDbEntity
  8
Defpoints
100
AcDbPoint
 10
42450.0
 20
9300.0
 30
0.0
  0
POINT
  5
2A0
330
292
100
AcDbEntity
  8
Defpoints
100
AcDbPoint
 10
42450.0
 20
12300.0
 30
0.0
  0
ENDBLK
  5
294
330
292
100
AcDbEntity
  8
0
100
AcDbBlockEnd
  0
BLOCK
  5
2A3
330
2A2
100
AcDbEntity
  8
0
100
AcDbBlockBegin
  2
*D17
 70
1
 10
0.0
 20
0.0
 30
0.0
  3
*D17
  1

  0
LINE
  5
2A5
330
2A2
100
AcDbEntity
  8
AKS
100
AcDbLine
 10
42300.0
 20
12300.0
 30
0.0
 11
41900.0
 21
12300.0
 31
0.0
  0
LINE
  5
2A6
330
2A2
100
AcDbEntity
  8
AKS
100
AcDbLine
 10
42300.0
 20
17500.0
 30
0.0
 11
41900.0
 21
17500.0
 31
0.0
  0
INSERT
  5
2A7
330
2A2
100
AcDbEntity
  8
AKS
100
AcDbBlockReference
  2
_CLOSEDFILLED
 10
42050.0
 20
12300.0
 30
0.0
 41
84.0
 42
84.0
 50
270.0
  0
INSERT
  5
2A9
330
2A2
100
AcDbEntity
  8
AKS
100
AcDbBlockReference
  2
_CLOSEDFILLED
 10
42050.0
 20
17500.0
 30
0.0
 41
84.0
 42
84.0
 50
90.0
  0
LINE
  5
2AB
330
2A2
100
AcDbEntity
  8
AKS
100
AcDbLine
 10
42050.0
 20
12384.0
 30
0.0
 11
42050.0
 21
14720.0
 31
0.0
  0
LINE
  5
2AC
330
2A2
100
AcDbEntity
  8
AKS
100
AcDbLine
 10
42050.0
 20
15080.0
 30
0.0
 11
42050.0
 21
17416.0
 31
0.0
  0
MTEXT
  5
2AD
330
2A2
100
AcDbEntity
  8
AKS
100
AcDbMText
 10
42050.0
 20
14900.0
 30
0.0
 40
120.0
 71
5
  1
520
 50
90.0
  0
POINT
  5
2AE
330
2A2
100
AcDbEntity
  8
Defpoints
100
AcDbPoint
 10
42050.0
 20
12300.0
 30
0.0
  0
POINT
  5
2AF
330
2A2
100
AcDbEntity
  8
Defpoints
100
AcDbPoint
 10
42450.0
 20
12300.0
 30
0.0
  0
POINT
  5
2B0
330
2A2
100
AcDbEntity
  8
Defpoints
100
AcDbPoint
 10
42450.0
 20
17500.0
 30
0.0
  0
ENDBLK
  5
2A4
330
2A2
100
AcDbEntity
  8
0
100
AcDbBlockEnd
  0
BLOCK
  5
2B3
330
2B2
100
AcDbEntity
  8
0
100
AcDbBlockBegin
  2
*D18
 70
1
 10
0.0
 20
0.0
 30
0.0
  3
*D18
  1

  0
LINE
  5
2B5
330
2B2
100
AcDbEntity
  8
AKS
100
AcDbLine
 10
42300.0
 20
0.0
 30
0.0
 11
40350.0
 21
0.0
 31
0.0
  0
LINE
  5
2B6
330
2B2
100
AcDbEntity
  8
AKS
100
AcDbLine
 10
42300.0
 20
17500.0
 30
0.0
 11
40350.0
 21
17500.0
 31
0.0
  0
INSERT
  5
2B7
330
2B2
100
AcDbEntity
  8
AKS
100
AcDbBlockReference
  2
_CLOSEDFILLED
 10
40500.0
 20
0.0
 30
0.0
 41
84.0
 42
84.0
 50
270.0
  0
INSERT
  5
2B9
330
2B2
100
AcDbEntity
  8
AKS
100
AcDbBlockReference
  2
_CLOSEDFILLED
 10
40500.0
 20
17500.0
 30
0.0
 41
84.0
 42
84.0
 50
90.0
  0
LINE
  5
2BB
330
2B2
100
AcDbEntity
  8
AKS
100
AcDbLine
 10
40500.0
 20
84.0
 30
0.0
 11
40500.0
 21
8510.0
 31
0.0
  0
LINE
  5
2BC
330
2B2
100
AcDbEntity
  8
AKS
100
AcDbLine
 10
40500.0
 20
8990.0
 30
0.0
 11
40500.0
 21
17416.0
 31
0.0
  0
MTEXT
  5
2BD
330
2B2
100
AcDbEntity
  8
AKS
100
AcDbMText
 10
40500.0
 20
8750.0
 30
0.0
 40
120.0
 71
5
  1
1750
 50
90.0
  0
POINT
  5
2BE
330
2B2
100
AcDbEntity
  8
Defpoints
100
AcDbPoint
 10
40500.0
 20
0.0
 30
0.0
  0
POINT
  5
2BF
330
2B2
100
AcDbEntity
  8
Defpoints
100
AcDbPoint
 10
42450.0
 20
0.0
 30
0.0
  0
POINT
  5
2C0
330
2B2
100
AcDbEntity
  8
Defpoints
100
AcDbPoint
 10
42450.0
 20
17500.0
 30
0.0
  0
ENDBLK
  5
2B4
330
2B2
100
AcDbEntity
  8
0
100
AcDbBlockEnd
  0
BLOCK
  5
37B
330
37A
100
AcDbEntity
  8
0
100
AcDbBlockBegin
  2
*D19
 70
1
 10
0.0
 20
0.0
 30
0.0
  3
*D19
  1

  0
LINE
  5
37D
330
37A
100
AcDbEntity
  8
AKS
100
AcDbLine
 10
70750.0
 20
-150.0
 30
0.0
 11
70750.0
 21
-550.0
 31
0.0
  0
LINE
  5
37E
330
37A
100
AcDbEntity
  8
AKS
100
AcDbLine
 10
77700.0
 20
-150.0
 30
0.0
 11
77700.0
 21
-550.0
 31
0.0
  0
INSERT
  5
37F
330
37A
100
AcDbEntity
  8
AKS
100
AcDbBlockReference
  2
_CLOSEDFILLED
 10
70750.0
 20
-400.0
 30
0.0
 41
84.0
 42
84.0
 50
180.0
  0
INSERT
  5
381
330
37A
100
AcDbEntity
  8
AKS
100
AcDbBlockReference
  2
_CLOSEDFILLED
 10
77700.0
 20
-400.0
 30
0.0
 41
84.0
 42
84.0
  0
LINE
  5
383
330
37A
100
AcDbEntity
  8
AKS
100
AcDbLine
 10
70834.0
 20
-400.0
 30
0.0
 11
74045.0
 21
-400.0
 31
0.0
  0
LINE
  5
384
330
37A
100
AcDbEntity
  8
AKS
100
AcDbLine
 10
74405.0
 20
-400.0
 30
0.0
 11
77616.0
 21
-400.0
 31
0.0
  0
MTEXT
  5
385
330
37A
100
AcDbEntity
  8
AKS
100
AcDbMText
 10
74225.0
 20
-400.0
 30
0.0
 40
120.0
 71
5
  1
695
  0
POINT
  5
386
330
37A
100
AcDbEntity
  8
Defpoints
100
AcDbPoint
 10
70750.0
 20
-400.0
 30
0.0
  0
POINT
  5
387
330
37A
100
AcDbEntity
  8
Defpoints
100
AcDbPoint
 10
70750.0
 20
0.0
 30
0.0
  0
POINT
  5
388
330
37A
100
AcDbEntity
  8
Defpoints
100
AcDbPoint
 10
77700.0
 20
0.0
 30
0.0
  0
ENDBLK
  5
37C
330
37A
100
AcDbEntity
  8
0
100
AcDbBlockEnd
  0
BLOCK
  5
38B
330
38A
100
AcDbEntity
  8
0
100
AcDbBlockBegin
  2
*D20
 70
1
 10
0.0
 20
0.0
 30
0.0
  3
*D20
  1

  0
LINE
  5
38D
330
38A
100
AcDbEntity
  8
AKS
100
AcDbLine
 10
77700.0
 20
-150.0
 30
0.0
 11
77700.0
 21
-550.0
 31
0.0
  0
LINE
  5
38E
330
38A
100
AcDbEntity
  8
AKS
100
AcDbLine
 10
83800.0
 20
-150.0
 30
0.0
 11
83800.0
 21
-550.0
 31
0.0
  0
INSERT
  5
38F
330
38A
100
AcDbEntity
  8
AKS
100
AcDbBlockReference
  2
_CLOSEDFILLED
 10
77700.0
 20
-400.0
 30
0.0
 41
84.0
 42
84.0
 50
180.0
  0
INSERT
  5
391
330
38A
100
AcDbEntity
  8
AKS
100
AcDbBlockReference
  2
_CLOSEDFILLED
 10
83800.0
 20
-400.0
 30
0.0
 41
84.0
 42
84.0
  0
LINE
  5
393
330
38A
100
AcDbEntity
  8
AKS
100
AcDbLine
 10
77784.0
 20
-400.0
 30
0.0
 11
80570.0
 21
-400.0
 31
0.0
  0
LINE
  5
394
330
38A
100
AcDbEntity
  8
AKS
100
AcDbLine
 10
80930.0
 20
-400.0
 30
0.0
 11
83716.0
 21
-400.0
 31
0.0
  0
MTEXT
  5
395
330
38A
100
AcDbEntity
  8
AKS
100
AcDbMText
 10
80750.0
 20
-400.0
 30
0.0
 40
120.0
 71
5
  1
610
  0
POINT
  5
396
330
38A
100
AcDbEntity
  8
Defpoints
100
AcDbPoint
 10
77700.0
 20
-400.0
 30
0.0
  0
POINT
  5
397
330
38A
100
AcDbEntity
  8
Defpoints
100
AcDbPoint
 10
77700.0
 20
0.0
 30
0.0
  0
POINT
  5
398
330
38A
100
AcDbEntity
  8
Defpoints
100
AcDbPoint
 10
83800.0
 20
0.0
 30
0.0
  0
ENDBLK
  5
38C
330
38A
100
AcDbEntity
  8
0
100
AcDbBlockEnd
  0
BLOCK
  5
39B
330
39A
100
AcDbEntity
  8
0
100
AcDbBlockBegin
  2
*D21
 70
1
 10
0.0
 20
0.0
 30
0.0
  3
*D21
  1

  0
LINE
  5
39D
330
39A
100
AcDbEntity
  8
AKS
100
AcDbLine
 10
83800.0
 20
-150.0
 30
0.0
 11
83800.0
 21
-550.0
 31
0.0
  0
LINE
  5
39E
330
39A
100
AcDbEntity
  8
AKS
100
AcDbLine
 10
90750.0
 20
-150.0
 30
0.0
 11
90750.0
 21
-550.0
 31
0.0
  0
INSERT
  5
39F
330
39A
100
AcDbEntity
  8
AKS
100
AcDbBlockReference
  2
_CLOSEDFILLED
 10
83800.0
 20
-400.0
 30
0.0
 41
84.0
 42
84.0
 50
180.0
  0
INSERT
  5
3A1
330
39A
100
AcDbEntity
  8
AKS
100
AcDbBlockReference
  2
_CLOSEDFILLED
 10
90750.0
 20
-400.0
 30
0.0
 41
84.0
 42
84.0
  0
LINE
  5
3A3
330
39A
100
AcDbEntity
  8
AKS
100
AcDbLine
 10
83884.0
 20
-400.0
 30
0.0
 11
87095.0
 21
-400.0
 31
0.0
  0
LINE
  5
3A4
330
39A
100
AcDbEntity
  8
AKS
100
AcDbLine
 10
87455.0
 20
-400.0
 30
0.0
 11
90666.0
 21
-400.0
 31
0.0
  0
MTEXT
  5
3A5
330
39A
100
AcDbEntity
  8
AKS
100
AcDbMText
 10
87275.0
 20
-400.0
 30
0.0
 40
120.0
 71
5
  1
695
  0
POINT
  5
3A6
330
39A
100
AcDbEntity
  8
Defpoints
100
AcDbPoint
 10
83800.0
 20
-400.0
 30
0.0
  0
POINT
  5
3A7
330
39A
100
AcDbEntity
  8
Defpoints
100
AcDbPoint
 10
83800.0
 20
0.0
 30
0.0
  0
POINT
  5
3A8
330
39A
100
AcDbEntity
  8
Defpoints
100
AcDbPoint
 10
90750.0
 20
0.0
 30
0.0
  0
ENDBLK
  5
39C
330
39A
100
AcDbEntity
  8
0
100
AcDbBlockEnd
  0
BLOCK
  5
3AB
330
3AA
100
AcDbEntity
  8
0
100
AcDbBlockBegin
  2
*D22
 70
1
 10
0.0
 20
0.0
 30
0.0
  3
*D22
  1

  0
LINE
  5
3AD
330
3AA
100
AcDbEntity
  8
AKS
100
AcDbLine
 10
70750.0
 20
-150.0
 30
0.0
 11
70750.0
 21
-2100.0
 31
0.0
  0
LINE
  5
3AE
330
3AA
100
AcDbEntity
  8
AKS
100
AcDbLine
 10
90750.0
 20
-150.0
 30
0.0
 11
90750.0
 21
-2100.0
 31
0.0
  0
INSERT
  5
3AF
330
3AA
100
AcDbEntity
  8
AKS
100
AcDbBlockReference
  2
_CLOSEDFILLED
 10
70750.0
 20
-1950.0
 30
0.0
 41
84.0
 42
84.0
 50
180.0
  0
INSERT
  5
3B1
330
3AA
100
AcDbEntity
  8
AKS
100
AcDbBlockReference
  2
_CLOSEDFILLED
 10
90750.0
 20
-1950.0
 30
0.0
 41
84.0
 42
84.0
  0
LINE
  5
3B3
330
3AA
100
AcDbEntity
  8
AKS
100
AcDbLine
 10
70834.0
 20
-1950.0
 30
0.0
 11
80510.0
 21
-1950.0
 31
0.0
  0
LINE
  5
3B4
330
3AA
100
AcDbEntity
  8
AKS
100
AcDbLine
 10
80990.0
 20
-1950.0
 30
0.0
 11
90666.0
 21
-1950.0
 31
0.0
  0
MTEXT
  5
3B5
330
3AA
100
AcDbEntity
  8
AKS
100
AcDbMText
 10
80750.0
 20
-1950.0
 30
0.0
 40
120.0
 71
5
  1
2000
  0
POINT
  5
3B6
330
3AA
100
AcDbEntity
  8
Defpoints
100
AcDbPoint
 10
70750.0
 20
-1950.0
 30
0.0
  0
POINT
  5
3B7
330
3AA
100
AcDbEntity
  8
Defpoints
100
AcDbPoint
 10
70750.0
 20
0.0
 30
0.0
  0
POINT
  5
3B8
330
3AA
100
AcDbEntity
  8
Defpoints
100
AcDbPoint
 10
90750.0
 20
0.0
 30
0.0
  0
ENDBLK
  5
3AC
330
3AA
100
AcDbEntity
  8
0
100
AcDbBlockEnd
  0
BLOCK
  5
3BB
330
3BA
100
AcDbEntity
  8
0
100
AcDbBlockBegin
  2
*D23
 70
1
 10
0.0
 20
0.0
 30
0.0
  3
*D23
  1

  0
LINE
  5
3BD
330
3BA
100
AcDbEntity
  8
AKS
100
AcDbLine
 10
70600.0
 20
0.0
 30
0.0
 11
70200.0
 21
0.0
 31
0.0
  0
LINE
  5
3BE
330
3BA
100
AcDbEntity
  8
AKS
100
AcDbLine
 10
70600.0
 20
5250.0
 30
0.0
 11
70200.0
 21
5250.0
 31
0.0
  0
INSERT
  5
3BF
330
3BA
100
AcDbEntity
  8
AKS
100
AcDbBlockReference
  2
_CLOSEDFILLED
 10
70350.0
 20
0.0
 30
0.0
 41
84.0
 42
84.0
 50
270.0
  0
INSERT
  5
3C1
330
3BA
100
AcDbEntity
  8
AKS
100
AcDbBlockReference
  2
_CLOSEDFILLED
 10
70350.0
 20
5250.0
 30
0.0
 41
84.0
 42
84.0
 50
90.0
  0
LINE
  5
3C3
330
3BA
100
AcDbEntity
  8
AKS
100
AcDbLine
 10
70350.0
 20
84.0
 30
0.0
 11
70350.0
 21
2445.0
 31
0.0
  0
LINE
  5
3C4
330
3BA
100
AcDbEntity
  8
AKS
100
AcDbLine
 10
70350.0
 20
2805.0
 30
0.0
 11
70350.0
 21
5166.0
 31
0.0
  0
MTEXT
  5
3C5
330
3BA
100
AcDbEntity
  8
AKS
100
AcDbMText
 10
70350.0
 20
2625.0
 30
0.0
 40
120.0
 71
5
  1
525
 50
90.0
  0
POINT
  5
3C6
330
3BA
100
AcDbEntity
  8
Defpoints
100
AcDbPoint
 10
70350.0
 20
0.0
 30
0.0
  0
POINT
  5
3C7
330
3BA
100
AcDbEntity
  8
Defpoints
100
AcDbPoint
 10
70750.0
 20
0.0
 30
0.0
  0
POINT
  5
3C8
330
3BA
100
AcDbEntity
  8
Defpoints
100
AcDbPoint
 10
70750.0
 20
5250.0
 30
0.0
  0
ENDBLK
  5
3BC
330
3BA
100
AcDbEntity
  8
0
100
AcDbBlockEnd
  0
BLOCK
  5
3CB
330
3CA
100
AcDbEntity
  8
0
100
AcDbBlockBegin
  2
*D24
 70
1
 10
0.0
 20
0.0
 30
0.0
  3
*D24
  1

  0
LINE
  5
3CD
330
3CA
100
AcDbEntity
  8
AKS
100
AcDbLine
 10
70600.0
 20
5250.0
 30
0.0
 11
70200.0
 21
5250.0
 31
0.0
  0
LINE
  5
3CE
330
3CA
100
AcDbEntity
  8
AKS
100
AcDbLine
 10
70600.0
 20
9300.0
 30
0.0
 11
70200.0
 21
9300.0
 31
0.0
  0
INSERT
  5
3CF
330
3CA
100
AcDbEntity
  8
AKS
100
AcDbBlockReference
  2
_CLOSEDFILLED
 10
70350.0
 20
5250.0
 30
0.0
 41
84.0
 42
84.0
 50
270.0
  0
INSERT
  5
3D1
330
3CA
100
AcDbEntity
  8
AKS
100
AcDbBlockReference
  2
_CLOSEDFILLED
 10
70350.0
 20
9300.0
 30
0.0
 41
84.0
 42
84.0
 50
90.0
  0
LINE
  5
3D3
330
3CA
100
AcDbEntity
  8
AKS
100
AcDbLine
 10
70350.0
 20
5334.0
 30
0.0
 11
70350.0
 21
7095.0
 31
0.0
  0
LINE
  5
3D4
330
3CA
100
AcDbEntity
  8
AKS
100
AcDbLine
 10
70350.0
 20
7455.0
 30
0.0
 11
70350.0
 21
9216.0
 31
0.0
  0
MTEXT
  5
3D5
330
3CA
100
AcDbEntity
  8
AKS
100
AcDbMText
 10
70350.0
 20
7275.0
 30
0.0
 40
120.0
 71
5
  1
405
 50
90.0
  0
POINT
  5
3D6
330
3CA
100
AcDbEntity
  8
Defpoints
100
AcDbPoint
 10
70350.0
 20
5250.0
 30
0.0
  0
POINT
  5
3D7
330
3CA
100
AcDbEntity
  8
Defpoints
100
AcDbPoint
 10
70750.0
 20
5250.0
 30
0.0
  0
POINT
  5
3D8
330
3CA
100
AcDbEntity
  8
Defpoints
100
AcDbPoint
 10
70750.0
 20
9300.0
 30
0.0
  0
ENDBLK
  5
3CC
330
3CA
100
AcDbEntity
  8
0
100
AcDbBlockEnd
  0
BLOCK
  5
3DB
330
3DA
100
AcDbEntity
  8
0
100
AcDbBlockBegin
  2
*D25
 70
1
 10
0.0
 20
0.0
 30
0.0
  3
*D25
  1

  0
LINE
  5
3DD
330
3DA
100
AcDbEntity
  8
AKS
100
AcDbLine
 10
70600.0
 20
9300.0
 30
0.0
 11
70200.0
 21
9300.0
 31
0.0
  0
LINE
  5
3DE
330
3DA
100
AcDbEntity
  8
AKS
100
AcDbLine
 10
70600.0
 20
12300.0
 30
0.0
 11
70200.0
 21
12300.0
 31
0.0
  0
INSERT
  5
3DF
330
3DA
100
AcDbEntity
  8
AKS
100
AcDbBlockReference
  2
_CLOSEDFILLED
 10
70350.0
 20
9300.0
 30
0.0
 41
84.0
 42
84.0
 50
270.0
  0
INSERT
  5
3E1
330
3DA
100
AcDbEntity
  8
AKS
100
AcDbBlockReference
  2
_CLOSEDFILLED
 10
70350.0
 20
12300.0
 30
0.0
 41
84.0
 42
84.0
 50
90.0
  0
LINE
  5
3E3
330
3DA
100
AcDbEntity
  8
AKS
100
AcDbLine
 10
70350.0
 20
9384.0
 30
0.0
 11
70350.0
 21
10620.0
 31
0.0
  0
LINE
  5
3E4
330
3DA
100
AcDbEntity
  8
AKS
100
AcDbLine
 10
70350.0
 20
10980.0
 30
0.0
 11
70350.0
 21
12216.0
 31
0.0
  0
MTEXT
  5
3E5
330
3DA
100
AcDbEntity
  8
AKS
100
AcDbMText
 10
70350.0
 20
10800.0
 30
0.0
 40
120.0
 71
5
  1
300
 50
90.0
  0
POINT
  5
3E6
330
3DA
100
AcDbEntity
  8
Defpoints
100
AcDbPoint
 10
70350.0
 20
9300.0
 30
0.0
  0
POINT
  5
3E7
330
3DA
100
AcDbEntity
  8
Defpoints
100
AcDbPoint
 10
70750.0
 20
9300.0
 30
0.0
  0
POINT
  5
3E8
330
3DA
100
AcDbEntity
  8
Defpoints
100
AcDbPoint
 10
70750.0
 20
12300.0
 30
0.0
  0
ENDBLK
  5
3DC
330
3DA
100
AcDbEntity
  8
0
100
AcDbBlockEnd
  0
BLOCK
  5
3EB
330
3EA
100
AcDbEntity
  8
0
100
AcDbBlockBegin
  2
*D26
 70
1
 10
0.0
 20
0.0
 30
0.0
  3
*D26
  1

  0
LINE
  5
3ED
330
3EA
100
AcDbEntity
  8
AKS
100
AcDbLine
 10
70600.0
 20
12300.0
 30
0.0
 11
70200.0
 21
12300.0
 31
0.0
  0
LINE
  5
3EE
330
3EA
100
AcDbEntity
  8
AKS
100
AcDbLine
 10
70600.0
 20
17500.0
 30
0.0
 11
70200.0
 21
17500.0
 31
0.0
  0
INSERT
  5
3EF
330
3EA
100
AcDbEntity
  8
AKS
100
AcDbBlockReference
  2
_CLOSEDFILLED
 10
70350.0
 20
12300.0
 30
0.0
 41
84.0
 42
84.0
 50
270.0
  0
INSERT
  5
3F1
330
3EA
100
AcDbEntity
  8
AKS
100
AcDbBlockReference
  2
_CLOSEDFILLED
 10
70350.0
 20
17500.0
 30
0.0
 41
84.0
 42
84.0
 50
90.0
  0
LINE
  5
3F3
330
3EA
100
AcDbEntity
  8
AKS
100
AcDbLine
 10
70350.0
 20
12384.0
 30
0.0
 11
70350.0
 21
14720.0
 31
0.0
  0
LINE
  5
3F4
330
3EA
100
AcDbEntity
  8
AKS
100
AcDbLine
 10
70350.0
 20
15080.0
 30
0.0
 11
70350.0
 21
17416.0
 31
0.0
  0
MTEXT
  5
3F5
330
3EA
100
AcDbEntity
  8
AKS
100
AcDbMText
 10
70350.0
 20
14900.0
 30
0.0
 40
120.0
 71
5
  1
520
 50
90.0
  0
POINT
  5
3F6
330
3EA
100
AcDbEntity
  8
Defpoints
100
AcDbPoint
 10
70350.0
 20
12300.0
 30
0.0
  0
POINT
  5
3F7
330
3EA
100
AcDbEntity
  8
Defpoints
100
AcDbPoint
 10
70750.0
 20
12300.0
 30
0.0
  0
POINT
  5
3F8
330
3EA
100
AcDbEntity
  8
Defpoints
100
AcDbPoint
 10
70750.0
 20
17500.0
 30
0.0
  0
ENDBLK
  5
3EC
330
3EA
100
AcDbEntity
  8
0
100
AcDbBlockEnd
  0
BLOCK
  5
3FB
330
3FA
100
AcDbEntity
  8
0
100
AcDbBlockBegin
  2
*D27
 70
1
 10
0.0
 20
0.0
 30
0.0
  3
*D27
  1

  0
LINE
  5
3FD
330
3FA
100
AcDbEntity
  8
AKS
100
AcDbLine
 10
70600.0
 20
0.0
 30
0.0
 11
68650.0
 21
0.0
 31
0.0
  0
LINE
  5
3FE
330
3FA
100
AcDbEntity
  8
AKS
100
AcDbLine
 10
70600.0
 20
17500.0
 30
0.0
 11
68650.0
 21
17500.0
 31
0.0
  0
INSERT
  5
3FF
330
3FA
100
AcDbEntity
  8
AKS
100
AcDbBlockReference
  2
_CLOSEDFILLED
 10
68800.0
 20
0.0
 30
0.0
 41
84.0
 42
84.0
 50
270.0
  0
INSERT
  5
401
330
3FA
100
AcDbEntity
  8
AKS
100
AcDbBlockReference
  2
_CLOSEDFILLED
 10
68800.0
 20
17500.0
 30
0.0
 41
84.0
 42
84.0
 50
90.0
  0
LINE
  5
403
330
3FA
100
AcDbEntity
  8
AKS
100
AcDbLine
 10
68800.0
 20
84.0
 30
0.0
 11
68800.0
 21
8510.0
 31
0.0
  0
LINE
  5
404
330
3FA
100
AcDbEntity
  8
AKS
100
AcDbLine
 10
68800.0
 20
8990.0
 30
0.0
 11
68800.0
 21
17416.0
 31
0.0
  0
MTEXT
  5
405
330
3FA
100
AcDbEntity
  8
AKS
100
AcDbMText
 10
68800.0
 20
8750.0
 30
0.0
 40
120.0
 71
5
  1
1750
 50
90.0
  0
POINT
  5
406
330
3FA
100
AcDbEntity
  8
Defpoints
100
AcDbPoint
 10
68800.0
 20
0.0
 30
0.0
  0
POINT
  5
407
330
3FA
100
AcDbEntity
  8
Defpoints
100
AcDbPoint
 10
70750.0
 20
0.0
 30
0.0
  0
POINT
  5
408
330
3FA
100
AcDbEntity
  8
Defpoints
100
AcDbPoint
 10
70750.0
 20
17500.0
 30
0.0
  0
ENDBLK
  5
3FC
330
3FA
100
AcDbEntity
  8
0
100
AcDbBlockEnd
  0
BLOCK
  5
4F6
330
4F5
100
AcDbEntity
  8
0
100
AcDbBlockBegin
  2
*D28
 70
1
 10
0.0
 20
0.0
 30
0.0
  3
*D28
  1

  0
LINE
  5
4F8
330
4F5
100
AcDbEntity
  8
AKS
100
AcDbLine
 10
99050.0
 20
-150.0
 30
0.0
 11
99050.0
 21
-550.0
 31
0.0
  0
LINE
  5
4F9
330
4F5
100
AcDbEntity
  8
AKS
100
AcDbLine
 10
106000.0
 20
-150.0
 30
0.0
 11
106000.0
 21
-550.0
 31
0.0
  0
INSERT
  5
4FA
330
4F5
100
AcDbEntity
  8
AKS
100
AcDbBlockReference
  2
_CLOSEDFILLED
 10
99050.0
 20
-400.0
 30
0.0
 41
84.0
 42
84.0
 50
180.0
  0
INSERT
  5
4FC
330
4F5
100
AcDbEntity
  8
AKS
100
AcDbBlockReference
  2
_CLOSEDFILLED
 10
106000.0
 20
-400.0
 30
0.0
 41
84.0
 42
84.0
  0
LINE
  5
4FE
330
4F5
100
AcDbEntity
  8
AKS
100
AcDbLine
 10
99134.0
 20
-400.0
 30
0.0
 11
102345.0
 21
-400.0
 31
0.0
  0
LINE
  5
4FF
330
4F5
100
AcDbEntity
  8
AKS
100
AcDbLine
 10
102705.0
 20
-400.0
 30
0.0
 11
105916.0
 21
-400.0
 31
0.0
  0
MTEXT
  5
500
330
4F5
100
AcDbEntity
  8
AKS
100
AcDbMText
 10
102525.0
 20
-400.0
 30
0.0
 40
120.0
 71
5
  1
695
  0
POINT
  5
501
330
4F5
100
AcDbEntity
  8
Defpoints
100
AcDbPoint
 10
99050.0
 20
-400.0
 30
0.0
  0
POINT
  5
502
330
4F5
100
AcDbEntity
  8
Defpoints
100
AcDbPoint
 10
99050.0
 20
0.0
 30
0.0
  0
POINT
  5
503
330
4F5
100
AcDbEntity
  8
Defpoints
100
AcDbPoint
 10
106000.0
 20
0.0
 30
0.0
  0
ENDBLK
  5
4F7
330
4F5
100
AcDbEntity
  8
0
100
AcDbBlockEnd
  0
BLOCK
  5
506
330
505
100
AcDbEntity
  8
0
100
AcDbBlockBegin
  2
*D29
 70
1
 10
0.0
 20
0.0
 30
0.0
  3
*D29
  1

  0
LINE
  5
508
330
505
100
AcDbEntity
  8
AKS
100
AcDbLine
 10
106000.0
 20
-150.0
 30
0.0
 11
106000.0
 21
-550.0
 31
0.0
  0
LINE
  5
509
330
505
100
AcDbEntity
  8
AKS
100
AcDbLine
 10
112100.0
 20
-150.0
 30
0.0
 11
112100.0
 21
-550.0
 31
0.0
  0
INSERT
  5
50A
330
505
100
AcDbEntity
  8
AKS
100
AcDbBlockReference
  2
_CLOSEDFILLED
 10
106000.0
 20
-400.0
 30
0.0
 41
84.0
 42
84.0
 50
180.0
  0
INSERT
  5
50C
330
505
100
AcDbEntity
  8
AKS
100
AcDbBlockReference
  2
_CLOSEDFILLED
 10
112100.0
 20
-400.0
 30
0.0
 41
84.0
 42
84.0
  0
LINE
  5
50E
330
505
100
AcDbEntity
  8
AKS
100
AcDbLine
 10
106084.0
 20
-400.0
 30
0.0
 11
108870.0
 21
-400.0
 31
0.0
  0
LINE
  5
50F
330
505
100
AcDbEntity
  8
AKS
100
AcDbLine
 10
109230.0
 20
-400.0
 30
0.0
 11
112016.0
 21
-400.0
 31
0.0
  0
MTEXT
  5
510
330
505
100
AcDbEntity
  8
AKS
100
AcDbMText
 10
109050.0
 20
-400.0
 30
0.0
 40
120.0
 71
5
  1
610
  0
POINT
  5
511
330
505
100
AcDbEntity
  8
Defpoints
100
AcDbPoint
 10
106000.0
 20
-400.0
 30
0.0
  0
POINT
  5
512
330
505
100
AcDbEntity
  8
Defpoints
100
AcDbPoint
 10
106000.0
 20
0.0
 30
0.0
  0
POINT
  5
513
330
505
100
AcDbEntity
  8
Defpoints
100
AcDbPoint
 10
112100.0
 20
0.0
 30
0.0
  0
ENDBLK
  5
507
330
505
100
AcDbEntity
  8
0
100
AcDbBlockEnd
  0
BLOCK
  5
516
330
515
100
AcDbEntity
  8
0
100
AcDbBlockBegin
  2
*D30
 70
1
 10
0.0
 20
0.0
 30
0.0
  3
*D30
  1

  0
LINE
  5
518
330
515
100
AcDbEntity
  8
AKS
100
AcDbLine
 10
112100.0
 20
-150.0
 30
0.0
 11
112100.0
 21
-550.0
 31
0.0
  0
LINE
  5
519
330
515
100
AcDbEntity
  8
AKS
100
AcDbLine
 10
119050.0
 20
-150.0
 30
0.0
 11
119050.0
 21
-550.0
 31
0.0
  0
INSERT
  5
51A
330
515
100
AcDbEntity
  8
AKS
100
AcDbBlockReference
  2
_CLOSEDFILLED
 10
112100.0
 20
-400.0
 30
0.0
 41
84.0
 42
84.0
 50
180.0
  0
INSERT
  5
51C
330
515
100
AcDbEntity
  8
AKS
100
AcDbBlockReference
  2
_CLOSEDFILLED
 10
119050.0
 20
-400.0
 30
0.0
 41
84.0
 42
84.0
  0
LINE
  5
51E
330
515
100
AcDbEntity
  8
AKS
100
AcDbLine
 10
112184.0
 20
-400.0
 30
0.0
 11
115395.0
 21
-400.0
 31
0.0
  0
LINE
  5
51F
330
515
100
AcDbEntity
  8
AKS
100
AcDbLine
 10
115755.0
 20
-400.0
 30
0.0
 11
118966.0
 21
-400.0
 31
0.0
  0
MTEXT
  5
520
330
515
100
AcDbEntity
  8
AKS
100
AcDbMText
 10
115575.0
 20
-400.0
 30
0.0
 40
120.0
 71
5
  1
695
  0
POINT
  5
521
330
515
100
AcDbEntity
  8
Defpoints
100
AcDbPoint
 10
112100.0
 20
-400.0
 30
0.0
  0
POINT
  5
522
330
515
100
AcDbEntity
  8
Defpoints
100
AcDbPoint
 10
112100.0
 20
0.0
 30
0.0
  0
POINT
  5
523
330
515
100
AcDbEntity
  8
Defpoints
100
AcDbPoint
 10
119050.0
 20
0.0
 30
0.0
  0
ENDBLK
  5
517
330
515
100
AcDbEntity
  8
0
100
AcDbBlockEnd
  0
BLOCK
  5
526
330
525
100
AcDbEntity
  8
0
100
AcDbBlockBegin
  2
*D31
 70
1
 10
0.0
 20
0.0
 30
0.0
  3
*D31
  1

  0
LINE
  5
528
330
525
100
AcDbEntity
  8
AKS
100
AcDbLine
 10
99050.0
 20
-150.0
 30
0.0
 11
99050.0
 21
-2100.0
 31
0.0
  0
LINE
  5
529
330
525
100
AcDbEntity
  8
AKS
100
AcDbLine
 10
119050.0
 20
-150.0
 30
0.0
 11
119050.0
 21
-2100.0
 31
0.0
  0
INSERT
  5
52A
330
525
100
AcDbEntity
  8
AKS
100
AcDbBlockReference
  2
_CLOSEDFILLED
 10
99050.0
 20
-1950.0
 30
0.0
 41
84.0
 42
84.0
 50
180.0
  0
INSERT
  5
52C
330
525
100
AcDbEntity
  8
AKS
100
AcDbBlockReference
  2
_CLOSEDFILLED
 10
119050.0
 20
-1950.0
 30
0.0
 41
84.0
 42
84.0
  0
LINE
  5
52E
330
525
100
AcDbEntity
  8
AKS
100
AcDbLine
 10
99134.0
 20
-1950.0
 30
0.0
 11
108810.0
 21
-1950.0
 31
0.0
  0
LINE
  5
52F
330
525
100
AcDbEntity
  8
AKS
100
AcDbLine
 10
109290.0
 20
-1950.0
 30
0.0
 11
118966.0
 21
-1950.0
 31
0.0
  0
MTEXT
  5
530
330
525
100
AcDbEntity
  8
AKS
100
AcDbMText
 10
109050.0
 20
-1950.0
 30
0.0
 40
120.0
 71
5
  1
2000
  0
POINT
  5
531
330
525
100
AcDbEntity
  8
Defpoints
100
AcDbPoint
 10
99050.0
 20
-1950.0
 30
0.0
  0
POINT
  5
532
330
525
100
AcDbEntity
  8
Defpoints
100
AcDbPoint
 10
99050.0
 20
0.0
 30
0.0
  0
POINT
  5
533
330
525
100
AcDbEntity
  8
Defpoints
100
AcDbPoint
 10
119050.0
 20
0.0
 30
0.0
  0
ENDBLK
  5
527
330
525
100
AcDbEntity
  8
0
100
AcDbBlockEnd
  0
BLOCK
  5
536
330
535
100
AcDbEntity
  8
0
100
AcDbBlockBegin
  2
*D32
 70
1
 10
0.0
 20
0.0
 30
0.0
  3
*D32
  1

  0
LINE
  5
538
330
535
100
AcDbEntity
  8
AKS
100
AcDbLine
 10
98900.0
 20
0.0
 30
0.0
 11
98500.0
 21
0.0
 31
0.0
  0
LINE
  5
539
330
535
100
AcDbEntity
  8
AKS
100
AcDbLine
 10
98900.0
 20
5250.0
 30
0.0
 11
98500.0
 21
5250.0
 31
0.0
  0
INSERT
  5
53A
330
535
100
AcDbEntity
  8
AKS
100
AcDbBlockReference
  2
_CLOSEDFILLED
 10
98650.0
 20
0.0
 30
0.0
 41
84.0
 42
84.0
 50
270.0
  0
INSERT
  5
53C
330
535
100
AcDbEntity
  8
AKS
100
AcDbBlockReference
  2
_CLOSEDFILLED
 10
98650.0
 20
5250.0
 30
0.0
 41
84.0
 42
84.0
 50
90.0
  0
LINE
  5
53E
330
535
100
AcDbEntity
  8
AKS
100
AcDbLine
 10
98650.0
 20
84.0
 30
0.0
 11
98650.0
 21
2445.0
 31
0.0
  0
LINE
  5
53F
330
535
100
AcDbEntity
  8
AKS
100
AcDbLine
 10
98650.0
 20
2805.0
 30
0.0
 11
98650.0
 21
5166.0
 31
0.0
  0
MTEXT
  5
540
330
535
100
AcDbEntity
  8
AKS
100
AcDbMText
 10
98650.0
 20
2625.0
 30
0.0
 40
120.0
 71
5
  1
525
 50
90.0
  0
POINT
  5
541
330
535
100
AcDbEntity
  8
Defpoints
100
AcDbPoint
 10
98650.0
 20
0.0
 30
0.0
  0
POINT
  5
542
330
535
100
AcDbEntity
  8
Defpoints
100
AcDbPoint
 10
99050.0
 20
0.0
 30
0.0
  0
POINT
  5
543
330
535
100
AcDbEntity
  8
Defpoints
100
AcDbPoint
 10
99050.0
 20
5250.0
 30
0.0
  0
ENDBLK
  5
537
330
535
100
AcDbEntity
  8
0
100
AcDbBlockEnd
  0
BLOCK
  5
546
330
545
100
AcDbEntity
  8
0
100
AcDbBlockBegin
  2
*D33
 70
1
 10
0.0
 20
0.0
 30
0.0
  3
*D33
  1

  0
LINE
  5
548
330
545
100
AcDbEntity
  8
AKS
100
AcDbLine
 10
98900.0
 20
5250.0
 30
0.0
 11
98500.0
 21
5250.0
 31
0.0
  0
LINE
  5
549
330
545
100
AcDbEntity
  8
AKS
100
AcDbLine
 10
98900.0
 20
9300.0
 30
0.0
 11
98500.0
 21
9300.0
 31
0.0
  0
INSERT
  5
54A
330
545
100
AcDbEntity
  8
AKS
100
AcDbBlockReference
  2
_CLOSEDFILLED
 10
98650.0
 20
5250.0
 30
0.0
 41
84.0
 42
84.0
 50
270.0
  0
INSERT
  5
54C
330
545
100
AcDbEntity
  8
AKS
100
AcDbBlockReference
  2
_CLOSEDFILLED
 10
98650.0
 20
9300.0
 30
0.0
 41
84.0
 42
84.0
 50
90.0
  0
LINE
  5
54E
330
545
100
AcDbEntity
  8
AKS
100
AcDbLine
 10
98650.0
 20
5334.0
 30
0.0
 11
98650.0
 21
7095.0
 31
0.0
  0
LINE
  5
54F
330
545
100
AcDbEntity
  8
AKS
100
AcDbLine
 10
98650.0
 20
7455.0
 30
0.0
 11
98650.0
 21
9216.0
 31
0.0
  0
MTEXT
  5
550
330
545
100
AcDbEntity
  8
AKS
100
AcDbMText
 10
98650.0
 20
7275.0
 30
0.0
 40
120.0
 71
5
  1
405
 50
90.0
  0
POINT
  5
551
330
545
100
AcDbEntity
  8
Defpoints
100
AcDbPoint
 10
98650.0
 20
5250.0
 30
0.0
  0
POINT
  5
552
330
545
100
AcDbEntity
  8
Defpoints
100
AcDbPoint
 10
99050.0
 20
5250.0
 30
0.0
  0
POINT
  5
553
330
545
100
AcDbEntity
  8
Defpoints
100
AcDbPoint
 10
99050.0
 20
9300.0
 30
0.0
  0
ENDBLK
  5
547
330
545
100
AcDbEntity
  8
0
100
AcDbBlockEnd
  0
BLOCK
  5
556
330
555
100
AcDbEntity
  8
0
100
AcDbBlockBegin
  2
*D34
 70
1
 10
0.0
 20
0.0
 30
0.0
  3
*D34
  1

  0
LINE
  5
558
330
555
100
AcDbEntity
  8
AKS
100
AcDbLine
 10
98900.0
 20
9300.0
 30
0.0
 11
98500.0
 21
9300.0
 31
0.0
  0
LINE
  5
559
330
555
100
AcDbEntity
  8
AKS
100
AcDbLine
 10
98900.0
 20
12300.0
 30
0.0
 11
98500.0
 21
12300.0
 31
0.0
  0
INSERT
  5
55A
330
555
100
AcDbEntity
  8
AKS
100
AcDbBlockReference
  2
_CLOSEDFILLED
 10
98650.0
 20
9300.0
 30
0.0
 41
84.0
 42
84.0
 50
270.0
  0
INSERT
  5
55C
330
555
100
AcDbEntity
  8
AKS
100
AcDbBlockReference
  2
_CLOSEDFILLED
 10
98650.0
 20
12300.0
 30
0.0
 41
84.0
 42
84.0
 50
90.0
  0
LINE
  5
55E
330
555
100
AcDbEntity
  8
AKS
100
AcDbLine
 10
98650.0
 20
9384.0
 30
0.0
 11
98650.0
 21
10620.0
 31
0.0
  0
LINE
  5
55F
330
555
100
AcDbEntity
  8
AKS
100
AcDbLine
 10
98650.0
 20
10980.0
 30
0.0
 11
98650.0
 21
12216.0
 31
0.0
  0
MTEXT
  5
560
330
555
100
AcDbEntity
  8
AKS
100
AcDbMText
 10
98650.0
 20
10800.0
 30
0.0
 40
120.0
 71
5
  1
300
 50
90.0
  0
POINT
  5
561
330
555
100
AcDbEntity
  8
Defpoints
100
AcDbPoint
 10
98650.0
 20
9300.0
 30
0.0
  0
POINT
  5
562
330
555
100
AcDbEntity
  8
Defpoints
100
AcDbPoint
 10
99050.0
 20
9300.0
 30
0.0
  0
POINT
  5
563
330
555
100
AcDbEntity
  8
Defpoints
100
AcDbPoint
 10
99050.0
 20
12300.0
 30
0.0
  0
ENDBLK
  5
557
330
555
100
AcDbEntity
  8
0
100
AcDbBlockEnd
  0
BLOCK
  5
566
330
565
100
AcDbEntity
  8
0
100
AcDbBlockBegin
  2
*D35
 70
1
 10
0.0
 20
0.0
 30
0.0
  3
*D35
  1

  0
LINE
  5
568
330
565
100
AcDbEntity
  8
AKS
100
AcDbLine
 10
98900.0
 20
12300.0
 30
0.0
 11
98500.0
 21
12300.0
 31
0.0
  0
LINE
  5
569
330
565
100
AcDbEntity
  8
AKS
100
AcDbLine
 10
98900.0
 20
17500.0
 30
0.0
 11
98500.0
 21
17500.0
 31
0.0
  0
INSERT
  5
56A
330
565
100
AcDbEntity
  8
AKS
100
AcDbBlockReference
  2
_CLOSEDFILLED
 10
98650.0
 20
12300.0
 30
0.0
 41
84.0
 42
84.0
 50
270.0
  0
INSERT
  5
56C
330
565
100
AcDbEntity
  8
AKS
100
AcDbBlockReference
  2
_CLOSEDFILLED
 10
98650.0
 20
17500.0
 30
0.0
 41
84.0
 42
84.0
 50
90.0
  0
LINE
  5
56E
330
565
100
AcDbEntity
  8
AKS
100
AcDbLine
 10
98650.0
 20
12384.0
 30
0.0
 11
98650.0
 21
14720.0
 31
0.0
  0
LINE
  5
56F
330
565
100
AcDbEntity
  8
AKS
100
AcDbLine
 10
98650.0
 20
15080.0
 30
0.0
 11
98650.0
 21
17416.0
 31
0.0
  0
MTEXT
  5
570
330
565
100
AcDbEntity
  8
AKS
100
AcDbMText
 10
98650.0
 20
14900.0
 30
0.0
 40
120.0
 71
5
  1
520
 50
90.0
  0
POINT
  5
571
330
565
100
AcDbEntity
  8
Defpoints
100
AcDbPoint
 10
98650.0
 20
12300.0
 30
0.0
  0
POINT
  5
572
330
565
100
AcDbEntity
  8
Defpoints
100
AcDbPoint
 10
99050.0
 20
12300.0
 30
0.0
  0
POINT
  5
573
330
565
100
AcDbEntity
  8
Defpoints
100
AcDbPoint
 10
99050.0
 20
17500.0
 30
0.0
  0
ENDBLK
  5
567
330
565
100
AcDbEntity
  8
0
100
AcDbBlockEnd
  0
BLOCK
  5
576
330
575
100
AcDbEntity
  8
0
100
AcDbBlockBegin
  2
*D36
 70
1
 10
0.0
 20
0.0
 30
0.0
  3
*D36
  1

  0
LINE
  5
578
330
575
100
AcDbEntity
  8
AKS
100
AcDbLine
 10
98900.0
 20
0.0
 30
0.0
 11
96950.0
 21
0.0
 31
0.0
  0
LINE
  5
579
330
575
100
AcDbEntity
  8
AKS
100
AcDbLine
 10
98900.0
 20
17500.0
 30
0.0
 11
96950.0
 21
17500.0
 31
0.0
  0
INSERT
  5
57A
330
575
100
AcDbEntity
  8
AKS
100
AcDbBlockReference
  2
_CLOSEDFILLED
 10
97100.0
 20
0.0
 30
0.0
 41
84.0
 42
84.0
 50
270.0
  0
INSERT
  5
57C
330
575
100
AcDbEntity
  8
AKS
100
AcDbBlockReference
  2
_CLOSEDFILLED
 10
97100.0
 20
17500.0
 30
0.0
 41
84.0
 42
84.0
 50
90.0
  0
LINE
  5
57E
330
575
100
AcDbEntity
  8
AKS
100
AcDbLine
 10
97100.0
 20
84.0
 30
0.0
 11
97100.0
 21
8510.0
 31
0.0
  0
LINE
  5
57F
330
575
100
AcDbEntity
  8
AKS
100
AcDbLine
 10
97100.0
 20
8990.0
 30
0.0
 11
97100.0
 21
17416.0
 31
0.0
  0
MTEXT
  5
580
330
575
100
AcDbEntity
  8
AKS
100
AcDbMText
 10
97100.0
 20
8750.0
 30
0.0
 40
120.0
 71
5
  1
1750
 50
90.0
  0
POINT
  5
581
330
575
100
AcDbEntity
  8
Defpoints
100
AcDbPoint
 10
97100.0
 20
0.0
 30
0.0
  0
POINT
  5
582
330
575
100
AcDbEntity
  8
Defpoints
100
AcDbPoint
 10
99050.0
 20
0.0
 30
0.0
  0
POINT
  5
583
330
575
100
AcDbEntity
  8
Defpoints
100
AcDbPoint
 10
99050.0
 20
17500.0
 30
0.0
  0
ENDBLK
  5
577
330
575
100
AcDbEntity
  8
0
100
AcDbBlockEnd
  0
BLOCK
  5
78C
330
78B
100
AcDbEntity
  8
0
100
AcDbBlockBegin
  2
*D37
 70
1
 10
0.0
 20
0.0
 30
0.0
  3
*D37
  1

  0
LINE
  5
78E
330
78B
100
AcDbEntity
  8
AKS
100
AcDbLine
 10
127350.0
 20
-150.0
 30
0.0
 11
127350.0
 21
-550.0
 31
0.0
  0
LINE
  5
78F
330
78B
100
AcDbEntity
  8
AKS
100
AcDbLine
 10
134300.0
 20
-150.0
 30
0.0
 11
134300.0
 21
-550.0
 31
0.0
  0
INSERT
  5
790
330
78B
100
AcDbEntity
  8
AKS
100
AcDbBlockReference
  2
_CLOSEDFILLED
 10
127350.0
 20
-400.0
 30
0.0
 41
84.0
 42
84.0
 50
180.0
  0
INSERT
  5
792
330
78B
100
AcDbEntity
  8
AKS
100
AcDbBlockReference
  2
_CLOSEDFILLED
 10
134300.0
 20
-400.0
 30
0.0
 41
84.0
 42
84.0
  0
LINE
  5
794
330
78B
100
AcDbEntity
  8
AKS
100
AcDbLine
 10
127434.0
 20
-400.0
 30
0.0
 11
130645.0
 21
-400.0
 31
0.0
  0
LINE
  5
795
330
78B
100
AcDbEntity
  8
AKS
100
AcDbLine
 10
131005.0
 20
-400.0
 30
0.0
 11
134216.0
 21
-400.0
 31
0.0
  0
MTEXT
  5
796
330
78B
100
AcDbEntity
  8
AKS
100
AcDbMText
 10
130825.0
 20
-400.0
 30
0.0
 40
120.0
 71
5
  1
695
  0
POINT
  5
797
330
78B
100
AcDbEntity
  8
Defpoints
100
AcDbPoint
 10
127350.0
 20
-400.0
 30
0.0
  0
POINT
  5
798
330
78B
100
AcDbEntity
  8
Defpoints
100
AcDbPoint
 10
127350.0
 20
0.0
 30
0.0
  0
POINT
  5
799
330
78B
100
AcDbEntity
  8
Defpoints
100
AcDbPoint
 10
134300.0
 20
0.0
 30
0.0
  0
ENDBLK
  5
78D
330
78B
100
AcDbEntity
  8
0
100
AcDbBlockEnd
  0
BLOCK
  5
79C
330
79B
100
AcDbEntity
  8
0
100
AcDbBlockBegin
  2
*D38
 70
1
 10
0.0
 20
0.0
 30
0.0
  3
*D38
  1

  0
LINE
  5
79E
330
79B
100
AcDbEntity
  8
AKS
100
AcDbLine
 10
134300.0
 20
-150.0
 30
0.0
 11
134300.0
 21
-550.0
 31
0.0
  0
LINE
  5
79F
330
79B
100
AcDbEntity
  8
AKS
100
AcDbLine
 10
140400.0
 20
-150.0
 30
0.0
 11
140400.0
 21
-550.0
 31
0.0
  0
INSERT
  5
7A0
330
79B
100
AcDbEntity
  8
AKS
100
AcDbBlockReference
  2
_CLOSEDFILLED
 10
134300.0
 20
-400.0
 30
0.0
 41
84.0
 42
84.0
 50
180.0
  0
INSERT
  5
7A2
330
79B
100
AcDbEntity
  8
AKS
100
AcDbBlockReference
  2
_CLOSEDFILLED
 10
140400.0
 20
-400.0
 30
0.0
 41
84.0
 42
84.0
  0
LINE
  5
7A4
330
79B
100
AcDbEntity
  8
AKS
100
AcDbLine
 10
134384.0
 20
-400.0
 30
0.0
 11
137170.0
 21
-400.0
 31
0.0
  0
LINE
  5
7A5
330
79B
100
AcDbEntity
  8
AKS
100
AcDbLine
 10
137530.0
 20
-400.0
 30
0.0
 11
140316.0
 21
-400.0
 31
0.0
  0
MTEXT
  5
7A6
330
79B
100
AcDbEntity
  8
AKS
100
AcDbMText
 10
137350.0
 20
-400.0
 30
0.0
 40
120.0
 71
5
  1
610
  0
POINT
  5
7A7
330
79B
100
AcDbEntity
  8
Defpoints
100
AcDbPoint
 10
134300.0
 20
-400.0
 30
0.0
  0
POINT
  5
7A8
330
79B
100
AcDbEntity
  8
Defpoints
100
AcDbPoint
 10
134300.0
 20
0.0
 30
0.0
  0
POINT
  5
7A9
330
79B
100
AcDbEntity
  8
Defpoints
100
AcDbPoint
 10
140400.0
 20
0.0
 30
0.0
  0
ENDBLK
  5
79D
330
79B
100
AcDbEntity
  8
0
100
AcDbBlockEnd
  0
BLOCK
  5
7AC
330
7AB
100
AcDbEntity
  8
0
100
AcDbBlockBegin
  2
*D39
 70
1
 10
0.0
 20
0.0
 30
0.0
  3
*D39
  1

  0
LINE
  5
7AE
330
7AB
100
AcDbEntity
  8
AKS
100
AcDbLine
 10
140400.0
 20
-150.0
 30
0.0
 11
140400.0
 21
-550.0
 31
0.0
  0
LINE
  5
7AF
330
7AB
100
AcDbEntity
  8
AKS
100
AcDbLine
 10
147350.0
 20
-150.0
 30
0.0
 11
147350.0
 21
-550.0
 31
0.0
  0
INSERT
  5
7B0
330
7AB
100
AcDbEntity
  8
AKS
100
AcDbBlockReference
  2
_CLOSEDFILLED
 10
140400.0
 20
-400.0
 30
0.0
 41
84.0
 42
84.0
 50
180.0
  0
INSERT
  5
7B2
330
7AB
100
AcDbEntity
  8
AKS
100
AcDbBlockReference
  2
_CLOSEDFILLED
 10
147350.0
 20
-400.0
 30
0.0
 41
84.0
 42
84.0
  0
LINE
  5
7B4
330
7AB
100
AcDbEntity
  8
AKS
100
AcDbLine
 10
140484.0
 20
-400.0
 30
0.0
 11
143695.0
 21
-400.0
 31
0.0
  0
LINE
  5
7B5
330
7AB
100
AcDbEntity
  8
AKS
100
AcDbLine
 10
144055.0
 20
-400.0
 30
0.0
 11
147266.0
 21
-400.0
 31
0.0
  0
MTEXT
  5
7B6
330
7AB
100
AcDbEntity
  8
AKS
100
AcDbMText
 10
143875.0
 20
-400.0
 30
0.0
 40
120.0
 71
5
  1
695
  0
POINT
  5
7B7
330
7AB
100
AcDbEntity
  8
Defpoints
100
AcDbPoint
 10
140400.0
 20
-400.0
 30
0.0
  0
POINT
  5
7B8
330
7AB
100
AcDbEntity
  8
Defpoints
100
AcDbPoint
 10
140400.0
 20
0.0
 30
0.0
  0
POINT
  5
7B9
330
7AB
100
AcDbEntity
  8
Defpoints
100
AcDbPoint
 10
147350.0
 20
0.0
 30
0.0
  0
ENDBLK
  5
7AD
330
7AB
100
AcDbEntity
  8
0
100
AcDbBlockEnd
  0
BLOCK
  5
7BC
330
7BB
100
AcDbEntity
  8
0
100
AcDbBlockBegin
  2
*D40
 70
1
 10
0.0
 20
0.0
 30
0.0
  3
*D40
  1

  0
LINE
  5
7BE
330
7BB
100
AcDbEntity
  8
AKS
100
AcDbLine
 10
127350.0
 20
-150.0
 30
0.0
 11
127350.0
 21
-2100.0
 31
0.0
  0
LINE
  5
7BF
330
7BB
100
AcDbEntity
  8
AKS
100
AcDbLine
 10
147350.0
 20
-150.0
 30
0.0
 11
147350.0
 21
-2100.0
 31
0.0
  0
INSERT
  5
7C0
330
7BB
100
AcDbEntity
  8
AKS
100
AcDbBlockReference
  2
_CLOSEDFILLED
 10
127350.0
 20
-1950.0
 30
0.0
 41
84.0
 42
84.0
 50
180.0
  0
INSERT
  5
7C2
330
7BB
100
AcDbEntity
  8
AKS
100
AcDbBlockReference
  2
_CLOSEDFILLED
 10
147350.0
 20
-1950.0
 30
0.0
 41
84.0
 42
84.0
  0
LINE
  5
7C4
330
7BB
100
AcDbEntity
  8
AKS
100
AcDbLine
 10
127434.0
 20
-1950.0
 30
0.0
 11
137110.0
 21
-1950.0
 31
0.0
  0
LINE
  5
7C5
330
7BB
100
AcDbEntity
  8
AKS
100
AcDbLine
 10
137590.0
 20
-1950.0
 30
0.0
 11
147266.0
 21
-1950.0
 31
0.0
  0
MTEXT
  5
7C6
330
7BB
100
AcDbEntity
  8
AKS
100
AcDbMText
 10
137350.0
 20
-1950.0
 30
0.0
 40
120.0
 71
5
  1
2000
  0
POINT
  5
7C7
330
7BB
100
AcDbEntity
  8
Defpoints
100
AcDbPoint
 10
127350.0
 20
-1950.0
 30
0.0
  0
POINT
  5
7C8
330
7BB
100
AcDbEntity
  8
Defpoints
100
AcDbPoint
 10
127350.0
 20
0.0
 30
0.0
  0
POINT
  5
7C9
330
7BB
100
AcDbEntity
  8
Defpoints
100
AcDbPoint
 10
147350.0
 20
0.0
 30
0.0
  0
ENDBLK
  5
7BD
330
7BB
100
AcDbEntity
  8
0
100
AcDbBlockEnd
  0
BLOCK
  5
7CC
330
7CB
100
AcDbEntity
  8
0
100
AcDbBlockBegin
  2
*D41
 70
1
 10
0.0
 20
0.0
 30
0.0
  3
*D41
  1

  0
LINE
  5
7CE
330
7CB
100
AcDbEntity
  8
AKS
100
AcDbLine
 10
127200.0
 20
0.0
 30
0.0
 11
126800.0
 21
0.0
 31
0.0
  0
LINE
  5
7CF
330
7CB
100
AcDbEntity
  8
AKS
100
AcDbLine
 10
127200.0
 20
5250.0
 30
0.0
 11
126800.0
 21
5250.0
 31
0.0
  0
INSERT
  5
7D0
330
7CB
100
AcDbEntity
  8
AKS
100
AcDbBlockReference
  2
_CLOSEDFILLED
 10
126950.0
 20
0.0
 30
0.0
 41
84.0
 42
84.0
 50
270.0
  0
INSERT
  5
7D2
330
7CB
100
AcDbEntity
  8
AKS
100
AcDbBlockReference
  2
_CLOSEDFILLED
 10
126950.0
 20
5250.0
 30
0.0
 41
84.0
 42
84.0
 50
90.0
  0
LINE
  5
7D4
330
7CB
100
AcDbEntity
  8
AKS
100
AcDbLine
 10
126950.0
 20
84.0
 30
0.0
 11
126950.0
 21
2445.0
 31
0.0
  0
LINE
  5
7D5
330
7CB
100
AcDbEntity
  8
AKS
100
AcDbLine
 10
126950.0
 20
2805.0
 30
0.0
 11
126950.0
 21
5166.0
 31
0.0
  0
MTEXT
  5
7D6
330
7CB
100
AcDbEntity
  8
AKS
100
AcDbMText
 10
126950.0
 20
2625.0
 30
0.0
 40
120.0
 71
5
  1
525
 50
90.0
  0
POINT
  5
7D7
330
7CB
100
AcDbEntity
  8
Defpoints
100
AcDbPoint
 10
126950.0
 20
0.0
 30
0.0
  0
POINT
  5
7D8
330
7CB
100
AcDbEntity
  8
Defpoints
100
AcDbPoint
 10
127350.0
 20
0.0
 30
0.0
  0
POINT
  5
7D9
330
7CB
100
AcDbEntity
  8
Defpoints
100
AcDbPoint
 10
127350.0
 20
5250.0
 30
0.0
  0
ENDBLK
  5
7CD
330
7CB
100
AcDbEntity
  8
0
100
AcDbBlockEnd
  0
BLOCK
  5
7DC
330
7DB
100
AcDbEntity
  8
0
100
AcDbBlockBegin
  2
*D42
 70
1
 10
0.0
 20
0.0
 30
0.0
  3
*D42
  1

  0
LINE
  5
7DE
330
7DB
100
AcDbEntity
  8
AKS
100
AcDbLine
 10
127200.0
 20
5250.0
 30
0.0
 11
126800.0
 21
5250.0
 31
0.0
  0
LINE
  5
7DF
330
7DB
100
AcDbEntity
  8
AKS
100
AcDbLine
 10
127200.0
 20
9300.0
 30
0.0
 11
126800.0
 21
9300.0
 31
0.0
  0
INSERT
  5
7E0
330
7DB
100
AcDbEntity
  8
AKS
100
AcDbBlockReference
  2
_CLOSEDFILLED
 10
126950.0
 20
5250.0
 30
0.0
 41
84.0
 42
84.0
 50
270.0
  0
INSERT
  5
7E2
330
7DB
100
AcDbEntity
  8
AKS
100
AcDbBlockReference
  2
_CLOSEDFILLED
 10
126950.0
 20
9300.0
 30
0.0
 41
84.0
 42
84.0
 50
90.0
  0
LINE
  5
7E4
330
7DB
100
AcDbEntity
  8
AKS
100
AcDbLine
 10
126950.0
 20
5334.0
 30
0.0
 11
126950.0
 21
7095.0
 31
0.0
  0
LINE
  5
7E5
330
7DB
100
AcDbEntity
  8
AKS
100
AcDbLine
 10
126950.0
 20
7455.0
 30
0.0
 11
126950.0
 21
9216.0
 31
0.0
  0
MTEXT
  5
7E6
330
7DB
100
AcDbEntity
  8
AKS
100
AcDbMText
 10
126950.0
 20
7275.0
 30
0.0
 40
120.0
 71
5
  1
405
 50
90.0
  0
POINT
  5
7E7
330
7DB
100
AcDbEntity
  8
Defpoints
100
AcDbPoint
 10
126950.0
 20
5250.0
 30
0.0
  0
POINT
  5
7E8
330
7DB
100
AcDbEntity
  8
Defpoints
100
AcDbPoint
 10
127350.0
 20
5250.0
 30
0.0
  0
POINT
  5
7E9
330
7DB
100
AcDbEntity
  8
Defpoints
100
AcDbPoint
 10
127350.0
 20
9300.0
 30
0.0
  0
ENDBLK
  5
7DD
330
7DB
100
AcDbEntity
  8
0
100
AcDbBlockEnd
  0
BLOCK
  5
7EC
330
7EB
100
AcDbEntity
  8
0
100
AcDbBlockBegin
  2
*D43
 70
1
 10
0.0
 20
0.0
 30
0.0
  3
*D43
  1

  0
LINE
  5
7EE
330
7EB
100
AcDbEntity
  8
AKS
100
AcDbLine
 10
127200.0
 20
9300.0
 30
0.0
 11
126800.0
 21
9300.0
 31
0.0
  0
LINE
  5
7EF
330
7EB
100
AcDbEntity
  8
AKS
100
AcDbLine
 10
127200.0
 20
12300.0
 30
0.0
 11
126800.0
 21
12300.0
 31
0.0
  0
INSERT
  5
7F0
330
7EB
100
AcDbEntity
  8
AKS
100
AcDbBlockReference
  2
_CLOSEDFILLED
 10
126950.0
 20
9300.0
 30
0.0
 41
84.0
 42
84.0
 50
270.0
  0
INSERT
  5
7F2
330
7EB
100
AcDbEntity
  8
AKS
100
AcDbBlockReference
  2
_CLOSEDFILLED
 10
126950.0
 20
12300.0
 30
0.0
 41
84.0
 42
84.0
 50
90.0
  0
LINE
  5
7F4
330
7EB
100
AcDbEntity
  8
AKS
100
AcDbLine
 10
126950.0
 20
9384.0
 30
0.0
 11
126950.0
 21
10620.0
 31
0.0
  0
LINE
  5
7F5
330
7EB
100
AcDbEntity
  8
AKS
100
AcDbLine
 10
126950.0
 20
10980.0
 30
0.0
 11
126950.0
 21
12216.0
 31
0.0
  0
MTEXT
  5
7F6
330
7EB
100
AcDbEntity
  8
AKS
100
AcDbMText
 10
126950.0
 20
10800.0
 30
0.0
 40
120.0
 71
5
  1
300
 50
90.0
  0
POINT
  5
7F7
330
7EB
100
AcDbEntity
  8
Defpoints
100
AcDbPoint
 10
126950.0
 20
9300.0
 30
0.0
  0
POINT
  5
7F8
330
7EB
100
AcDbEntity
  8
Defpoints
100
AcDbPoint
 10
127350.0
 20
9300.0
 30
0.0
  0
POINT
  5
7F9
330
7EB
100
AcDbEntity
  8
Defpoints
100
AcDbPoint
 10
127350.0
 20
12300.0
 30
0.0
  0
ENDBLK
  5
7ED
330
7EB
100
AcDbEntity
  8
0
100
AcDbBlockEnd
  0
BLOCK
  5
7FC
330
7FB
100
AcDbEntity
  8
0
100
AcDbBlockBegin
  2
*D44
 70
1
 10
0.0
 20
0.0
 30
0.0
  3
*D44
  1

  0
LINE
  5
7FE
330
7FB
100
AcDbEntity
  8
AKS
100
AcDbLine
 10
127200.0
 20
12300.0
 30
0.0
 11
126800.0
 21
12300.0
 31
0.0
  0
LINE
  5
7FF
330
7FB
100
AcDbEntity
  8
AKS
100
AcDbLine
 10
127200.0
 20
17500.0
 30
0.0
 11
126800.0
 21
17500.0
 31
0.0
  0
INSERT
  5
800
330
7FB
100
AcDbEntity
  8
AKS
100
AcDbBlockReference
  2
_CLOSEDFILLED
 10
126950.0
 20
12300.0
 30
0.0
 41
84.0
 42
84.0
 50
270.0
  0
INSERT
  5
802
330
7FB
100
AcDbEntity
  8
AKS
100
AcDbBlockReference
  2
_CLOSEDFILLED
 10
126950.0
 20
17500.0
 30
0.0
 41
84.0
 42
84.0
 50
90.0
  0
LINE
  5
804
330
7FB
100
AcDbEntity
  8
AKS
100
AcDbLine
 10
126950.0
 20
12384.0
 30
0.0
 11
126950.0
 21
14720.0
 31
0.0
  0
LINE
  5
805
330
7FB
100
AcDbEntity
  8
AKS
100
AcDbLine
 10
126950.0
 20
15080.0
 30
0.0
 11
126950.0
 21
17416.0
 31
0.0
  0
MTEXT
  5
806
330
7FB
100
AcDbEntity
  8
AKS
100
AcDbMText
 10
126950.0
 20
14900.0
 30
0.0
 40
120.0
 71
5
  1
520
 50
90.0
  0
POINT
  5
807
330
7FB
100
AcDbEntity
  8
Defpoints
100
AcDbPoint
 10
126950.0
 20
12300.0
 30
0.0
  0
POINT
  5
808
330
7FB
100
AcDbEntity
  8
Defpoints
100
AcDbPoint
 10
127350.0
 20
12300.0
 30
0.0
  0
POINT
  5
809
330
7FB
100
AcDbEntity
  8
Defpoints
100
AcDbPoint
 10
127350.0
 20
17500.0
 30
0.0
  0
ENDBLK
  5
7FD
330
7FB
100
AcDbEntity
  8
0
100
AcDbBlockEnd
  0
BLOCK
  5
80C
330
80B
100
AcDbEntity
  8
0
100
AcDbBlockBegin
  2
*D45
 70
1
 10
0.0
 20
0.0
 30
0.0
  3
*D45
  1

  0
LINE
  5
80E
330
80B
100
AcDbEntity
  8
AKS
100
AcDbLine
 10
127200.0
 20
0.0
 30
0.0
 11
125250.0
 21
0.0
 31
0.0
  0
LINE
  5
80F
330
80B
100
AcDbEntity
  8
AKS
100
AcDbLine
 10
127200.0
 20
17500.0
 30
0.0
 11
125250.0
 21
17500.0
 31
0.0
  0
INSERT
  5
810
330
80B
100
AcDbEntity
  8
AKS
100
AcDbBlockReference
  2
_CLOSEDFILLED
 10
125400.0
 20
0.0
 30
0.0
 41
84.0
 42
84.0
 50
270.0
  0
INSERT
  5
812
330
80B
100
AcDbEntity
  8
AKS
100
AcDbBlockReference
  2
_CLOSEDFILLED
 10
125400.0
 20
17500.0
 30
0.0
 41
84.0
 42
84.0
 50
90.0
  0
LINE
  5
814
330
80B
100
AcDbEntity
  8
AKS
100
AcDbLine
 10
125400.0
 20
84.0
 30
0.0
 11
125400.0
 21
8510.0
 31
0.0
  0
LINE
  5
815
330
80B
100
AcDbEntity
  8
AKS
100
AcDbLine
 10
125400.0
 20
8990.0
 30
0.0
 11
125400.0
 21
17416.0
 31
0.0
  0
MTEXT
  5
816
330
80B
100
AcDbEntity
  8
AKS
100
AcDbMText
 10
125400.0
 20
8750.0
 30
0.0
 40
120.0
 71
5
  1
1750
 50
90.0
  0
POINT
  5
817
330
80B
100
AcDbEntity
  8
Defpoints
100
AcDbPoint
 10
125400.0
 20
0.0
 30
0.0
  0
POINT
  5
818
330
80B
100
AcDbEntity
  8
Defpoints
100
AcDbPoint
 10
127350.0
 20
0.0
 30
0.0
  0
POINT
  5
819
330
80B
100
AcDbEntity
  8
Defpoints
100
AcDbPoint
 10
127350.0
 20
17500.0
 30
0.0
  0
ENDBLK
  5
80D
330
80B
100
AcDbEntity
  8
0
100
AcDbBlockEnd
  0
BLOCK
  5
A22
330
A21
100
AcDbEntity
  8
0
100
AcDbBlockBegin
  2
*D46
 70
1
 10
0.0
 20
0.0
 30
0.0
  3
*D46
  1

  0
LINE
  5
A24
330
A21
100
AcDbEntity
  8
AKS
100
AcDbLine
 10
155650.0
 20
-150.0
 30
0.0
 11
155650.0
 21
-550.0
 31
0.0
  0
LINE
  5
A25
330
A21
100
AcDbEntity
  8
AKS
100
AcDbLine
 10
162600.0
 20
-150.0
 30
0.0
 11
162600.0
 21
-550.0
 31
0.0
  0
INSERT
  5
A26
330
A21
100
AcDbEntity
  8
AKS
100
AcDbBlockReference
  2
_CLOSEDFILLED
 10
155650.0
 20
-400.0
 30
0.0
 41
84.0
 42
84.0
 50
180.0
  0
INSERT
  5
A28
330
A21
100
AcDbEntity
  8
AKS
100
AcDbBlockReference
  2
_CLOSEDFILLED
 10
162600.0
 20
-400.0
 30
0.0
 41
84.0
 42
84.0
  0
LINE
  5
A2A
330
A21
100
AcDbEntity
  8
AKS
100
AcDbLine
 10
155734.0
 20
-400.0
 30
0.0
 11
158945.0
 21
-400.0
 31
0.0
  0
LINE
  5
A2B
330
A21
100
AcDbEntity
  8
AKS
100
AcDbLine
 10
159305.0
 20
-400.0
 30
0.0
 11
162516.0
 21
-400.0
 31
0.0
  0
MTEXT
  5
A2C
330
A21
100
AcDbEntity
  8
AKS
100
AcDbMText
 10
159125.0
 20
-400.0
 30
0.0
 40
120.0
 71
5
  1
695
  0
POINT
  5
A2D
330
A21
100
AcDbEntity
  8
Defpoints
100
AcDbPoint
 10
155650.0
 20
-400.0
 30
0.0
  0
POINT
  5
A2E
330
A21
100
AcDbEntity
  8
Defpoints
100
AcDbPoint
 10
155650.0
 20
0.0
 30
0.0
  0
POINT
  5
A2F
330
A21
100
AcDbEntity
  8
Defpoints
100
AcDbPoint
 10
162600.0
 20
0.0
 30
0.0
  0
ENDBLK
  5
A23
330
A21
100
AcDbEntity
  8
0
100
AcDbBlockEnd
  0
BLOCK
  5
A32
330
A31
100
AcDbEntity
  8
0
100
AcDbBlockBegin
  2
*D47
 70
1
 10
0.0
 20
0.0
 30
0.0
  3
*D47
  1

  0
LINE
  5
A34
330
A31
100
AcDbEntity
  8
AKS
100
AcDbLine
 10
162600.0
 20
-150.0
 30
0.0
 11
162600.0
 21
-550.0
 31
0.0
  0
LINE
  5
A35
330
A31
100
AcDbEntity
  8
AKS
100
AcDbLine
 10
168700.0
 20
-150.0
 30
0.0
 11
168700.0
 21
-550.0
 31
0.0
  0
INSERT
  5
A36
330
A31
100
AcDbEntity
  8
AKS
100
AcDbBlockReference
  2
_CLOSEDFILLED
 10
162600.0
 20
-400.0
 30
0.0
 41
84.0
 42
84.0
 50
180.0
  0
INSERT
  5
A38
330
A31
100
AcDbEntity
  8
AKS
100
AcDbBlockReference
  2
_CLOSEDFILLED
 10
168700.0
 20
-400.0
 30
0.0
 41
84.0
 42
84.0
  0
LINE
  5
A3A
330
A31
100
AcDbEntity
  8
AKS
100
AcDbLine
 10
162684.0
 20
-400.0
 30
0.0
 11
165470.0
 21
-400.0
 31
0.0
  0
LINE
  5
A3B
330
A31
100
AcDbEntity
  8
AKS
100
AcDbLine
 10
165830.0
 20
-400.0
 30
0.0
 11
168616.0
 21
-400.0
 31
0.0
  0
MTEXT
  5
A3C
330
A31
100
AcDbEntity
  8
AKS
100
AcDbMText
 10
165650.0
 20
-400.0
 30
0.0
 40
120.0
 71
5
  1
610
  0
POINT
  5
A3D
330
A31
100
AcDbEntity
  8
Defpoints
100
AcDbPoint
 10
162600.0
 20
-400.0
 30
0.0
  0
POINT
  5
A3E
330
A31
100
AcDbEntity
  8
Defpoints
100
AcDbPoint
 10
162600.0
 20
0.0
 30
0.0
  0
POINT
  5
A3F
330
A31
100
AcDbEntity
  8
Defpoints
100
AcDbPoint
 10
168700.0
 20
0.0
 30
0.0
  0
ENDBLK
  5
A33
330
A31
100
AcDbEntity
  8
0
100
AcDbBlockEnd
  0
BLOCK
  5
A42
330
A41
100
AcDbEntity
  8
0
100
AcDbBlockBegin
  2
*D48
 70
1
 10
0.0
 20
0.0
 30
0.0
  3
*D48
  1

  0
LINE
  5
A44
330
A41
100
AcDbEntity
  8
AKS
100
AcDbLine
 10
168700.0
 20
-150.0
 30
0.0
 11
168700.0
 21
-550.0
 31
0.0
  0
LINE
  5
A45
330
A41
100
AcDbEntity
  8
AKS
100
AcDbLine
 10
175650.0
 20
-150.0
 30
0.0
 11
175650.0
 21
-550.0
 31
0.0
  0
INSERT
  5
A46
330
A41
100
AcDbEntity
  8
AKS
100
AcDbBlockReference
  2
_CLOSEDFILLED
 10
168700.0
 20
-400.0
 30
0.0
 41
84.0
 42
84.0
 50
180.0
  0
INSERT
  5
A48
330
A41
100
AcDbEntity
  8
AKS
100
AcDbBlockReference
  2
_CLOSEDFILLED
 10
175650.0
 20
-400.0
 30
0.0
 41
84.0
 42
84.0
  0
LINE
  5
A4A
330
A41
100
AcDbEntity
  8
AKS
100
AcDbLine
 10
168784.0
 20
-400.0
 30
0.0
 11
171995.0
 21
-400.0
 31
0.0
  0
LINE
  5
A4B
330
A41
100
AcDbEntity
  8
AKS
100
AcDbLine
 10
172355.0
 20
-400.0
 30
0.0
 11
175566.0
 21
-400.0
 31
0.0
  0
MTEXT
  5
A4C
330
A41
100
AcDbEntity
  8
AKS
100
AcDbMText
 10
172175.0
 20
-400.0
 30
0.0
 40
120.0
 71
5
  1
695
  0
POINT
  5
A4D
330
A41
100
AcDbEntity
  8
Defpoints
100
AcDbPoint
 10
168700.0
 20
-400.0
 30
0.0
  0
POINT
  5
A4E
330
A41
100
AcDbEntity
  8
Defpoints
100
AcDbPoint
 10
168700.0
 20
0.0
 30
0.0
  0
POINT
  5
A4F
330
A41
100
AcDbEntity
  8
Defpoints
100
AcDbPoint
 10
175650.0
 20
0.0
 30
0.0
  0
ENDBLK
  5
A43
330
A41
100
AcDbEntity
  8
0
100
AcDbBlockEnd
  0
BLOCK
  5
A52
330
A51
100
AcDbEntity
  8
0
100
AcDbBlockBegin
  2
*D49
 70
1
 10
0.0
 20
0.0
 30
0.0
  3
*D49
  1

  0
LINE
  5
A54
330
A51
100
AcDbEntity
  8
AKS
100
AcDbLine
 10
155650.0
 20
-150.0
 30
0.0
 11
155650.0
 21
-2100.0
 31
0.0
  0
LINE
  5
A55
330
A51
100
AcDbEntity
  8
AKS
100
AcDbLine
 10
175650.0
 20
-150.0
 30
0.0
 11
175650.0
 21
-2100.0
 31
0.0
  0
INSERT
  5
A56
330
A51
100
AcDbEntity
  8
AKS
100
AcDbBlockReference
  2
_CLOSEDFILLED
 10
155650.0
 20
-1950.0
 30
0.0
 41
84.0
 42
84.0
 50
180.0
  0
INSERT
  5
A58
330
A51
100
AcDbEntity
  8
AKS
100
AcDbBlockReference
  2
_CLOSEDFILLED
 10
175650.0
 20
-1950.0
 30
0.0
 41
84.0
 42
84.0
  0
LINE
  5
A5A
330
A51
100
AcDbEntity
  8
AKS
100
AcDbLine
 10
155734.0
 20
-1950.0
 30
0.0
 11
165410.0
 21
-1950.0
 31
0.0
  0
LINE
  5
A5B
330
A51
100
AcDbEntity
  8
AKS
100
AcDbLine
 10
165890.0
 20
-1950.0
 30
0.0
 11
175566.0
 21
-1950.0
 31
0.0
  0
MTEXT
  5
A5C
330
A51
100
AcDbEntity
  8
AKS
100
AcDbMText
 10
165650.0
 20
-1950.0
 30
0.0
 40
120.0
 71
5
  1
2000
  0
POINT
  5
A5D
330
A51
100
AcDbEntity
  8
Defpoints
100
AcDbPoint
 10
155650.0
 20
-1950.0
 30
0.0
  0
POINT
  5
A5E
330
A51
100
AcDbEntity
  8
Defpoints
100
AcDbPoint
 10
155650.0
 20
0.0
 30
0.0
  0
POINT
  5
A5F
330
A51
100
AcDbEntity
  8
Defpoints
100
AcDbPoint
 10
175650.0
 20
0.0
 30
0.0
  0
ENDBLK
  5
A53
330
A51
100
AcDbEntity
  8
0
100
AcDbBlockEnd
  0
BLOCK
  5
A62
330
A61
100
AcDbEntity
  8
0
100
AcDbBlockBegin
  2
*D50
 70
1
 10
0.0
 20
0.0
 30
0.0
  3
*D50
  1

  0
LINE
  5
A64
330
A61
100
AcDbEntity
  8
AKS
100
AcDbLine
 10
155500.0
 20
0.0
 30
0.0
 11
155100.0
 21
0.0
 31
0.0
  0
LINE
  5
A65
330
A61
100
AcDbEntity
  8
AKS
100
AcDbLine
 10
155500.0
 20
5250.0
 30
0.0
 11
155100.0
 21
5250.0
 31
0.0
  0
INSERT
  5
A66
330
A61
100
AcDbEntity
  8
AKS
100
AcDbBlockReference
  2
_CLOSEDFILLED
 10
155250.0
 20
0.0
 30
0.0
 41
84.0
 42
84.0
 50
270.0
  0
INSERT
  5
A68
330
A61
100
AcDbEntity
  8
AKS
100
AcDbBlockReference
  2
_CLOSEDFILLED
 10
155250.0
 20
5250.0
 30
0.0
 41
84.0
 42
84.0
 50
90.0
  0
LINE
  5
A6A
330
A61
100
AcDbEntity
  8
AKS
100
AcDbLine
 10
155250.0
 20
84.0
 30
0.0
 11
155250.0
 21
2445.0
 31
0.0
  0
LINE
  5
A6B
330
A61
100
AcDbEntity
  8
AKS
100
AcDbLine
 10
155250.0
 20
2805.0
 30
0.0
 11
155250.0
 21
5166.0
 31
0.0
  0
MTEXT
  5
A6C
330
A61
100
AcDbEntity
  8
AKS
100
AcDbMText
 10
155250.0
 20
2625.0
 30
0.0
 40
120.0
 71
5
  1
525
 50
90.0
  0
POINT
  5
A6D
330
A61
100
AcDbEntity
  8
Defpoints
100
AcDbPoint
 10
155250.0
 20
0.0
 30
0.0
  0
POINT
  5
A6E
330
A61
100
AcDbEntity
  8
Defpoints
100
AcDbPoint
 10
155650.0
 20
0.0
 30
0.0
  0
POINT
  5
A6F
330
A61
100
AcDbEntity
  8
Defpoints
100
AcDbPoint
 10
155650.0
 20
5250.0
 30
0.0
  0
ENDBLK
  5
A63
330
A61
100
AcDbEntity
  8
0
100
AcDbBlockEnd
  0
BLOCK
  5
A72
330
A71
100
AcDbEntity
  8
0
100
AcDbBlockBegin
  2
*D51
 70
1
 10
0.0
 20
0.0
 30
0.0
  3
*D51
  1

  0
LINE
  5
A74
330
A71
100
AcDbEntity
  8
AKS
100
AcDbLine
 10
155500.0
 20
5250.0
 30
0.0
 11
155100.0
 21
5250.0
 31
0.0
  0
LINE
  5
A75
330
A71
100
AcDbEntity
  8
AKS
100
AcDbLine
 10
155500.0
 20
9300.0
 30
0.0
 11
155100.0
 21
9300.0
 31
0.0
  0
INSERT
  5
A76
330
A71
100
AcDbEntity
  8
AKS
100
AcDbBlockReference
  2
_CLOSEDFILLED
 10
155250.0
 20
5250.0
 30
0.0
 41
84.0
 42
84.0
 50
270.0
  0
INSERT
  5
A78
330
A71
100
AcDbEntity
  8
AKS
100
AcDbBlockReference
  2
_CLOSEDFILLED
 10
155250.0
 20
9300.0
 30
0.0
 41
84.0
 42
84.0
 50
90.0
  0
LINE
  5
A7A
330
A71
100
AcDbEntity
  8
AKS
100
AcDbLine
 10
155250.0
 20
5334.0
 30
0.0
 11
155250.0
 21
7095.0
 31
0.0
  0
LINE
  5
A7B
330
A71
100
AcDbEntity
  8
AKS
100
AcDbLine
 10
155250.0
 20
7455.0
 30
0.0
 11
155250.0
 21
9216.0
 31
0.0
  0
MTEXT
  5
A7C
330
A71
100
AcDbEntity
  8
AKS
100
AcDbMText
 10
155250.0
 20
7275.0
 30
0.0
 40
120.0
 71
5
  1
405
 50
90.0
  0
POINT
  5
A7D
330
A71
100
AcDbEntity
  8
Defpoints
100
AcDbPoint
 10
155250.0
 20
5250.0
 30
0.0
  0
POINT
  5
A7E
330
A71
100
AcDbEntity
  8
Defpoints
100
AcDbPoint
 10
155650.0
 20
5250.0
 30
0.0
  0
POINT
  5
A7F
330
A71
100
AcDbEntity
  8
Defpoints
100
AcDbPoint
 10
155650.0
 20
9300.0
 30
0.0
  0
ENDBLK
  5
A73
330
A71
100
AcDbEntity
  8
0
100
AcDbBlockEnd
  0
BLOCK
  5
A82
330
A81
100
AcDbEntity
  8
0
100
AcDbBlockBegin
  2
*D52
 70
1
 10
0.0
 20
0.0
 30
0.0
  3
*D52
  1

  0
LINE
  5
A84
330
A81
100
AcDbEntity
  8
AKS
100
AcDbLine
 10
155500.0
 20
9300.0
 30
0.0
 11
155100.0
 21
9300.0
 31
0.0
  0
LINE
  5
A85
330
A81
100
AcDbEntity
  8
AKS
100
AcDbLine
 10
155500.0
 20
12300.0
 30
0.0
 11
155100.0
 21
12300.0
 31
0.0
  0
INSERT
  5
A86
330
A81
100
AcDbEntity
  8
AKS
100
AcDbBlockReference
  2
_CLOSEDFILLED
 10
155250.0
 20
9300.0
 30
0.0
 41
84.0
 42
84.0
 50
270.0
  0
INSERT
  5
A88
330
A81
100
AcDbEntity
  8
AKS
100
AcDbBlockReference
  2
_CLOSEDFILLED
 10
155250.0
 20
12300.0
 30
0.0
 41
84.0
 42
84.0
 50
90.0
  0
LINE
  5
A8A
330
A81
100
AcDbEntity
  8
AKS
100
AcDbLine
 10
155250.0
 20
9384.0
 30
0.0
 11
155250.0
 21
10620.0
 31
0.0
  0
LINE
  5
A8B
330
A81
100
AcDbEntity
  8
AKS
100
AcDbLine
 10
155250.0
 20
10980.0
 30
0.0
 11
155250.0
 21
12216.0
 31
0.0
  0
MTEXT
  5
A8C
330
A81
100
AcDbEntity
  8
AKS
100
AcDbMText
 10
155250.0
 20
10800.0
 30
0.0
 40
120.0
 71
5
  1
300
 50
90.0
  0
POINT
  5
A8D
330
A81
100
AcDbEntity
  8
Defpoints
100
AcDbPoint
 10
155250.0
 20
9300.0
 30
0.0
  0
POINT
  5
A8E
330
A81
100
AcDbEntity
  8
Defpoints
100
AcDbPoint
 10
155650.0
 20
9300.0
 30
0.0
  0
POINT
  5
A8F
330
A81
100
AcDbEntity
  8
Defpoints
100
AcDbPoint
 10
155650.0
 20
12300.0
 30
0.0
  0
ENDBLK
  5
A83
330
A81
100
AcDbEntity
  8
0
100
AcDbBlockEnd
  0
BLOCK
  5
A92
330
A91
100
AcDbEntity
  8
0
100
AcDbBlockBegin
  2
*D53
 70
1
 10
0.0
 20
0.0
 30
0.0
  3
*D53
  1

  0
LINE
  5
A94
330
A91
100
AcDbEntity
  8
AKS
100
AcDbLine
 10
155500.0
 20
12300.0
 30
0.0
 11
155100.0
 21
12300.0
 31
0.0
  0
LINE
  5
A95
330
A91
100
AcDbEntity
  8
AKS
100
AcDbLine
 10
155500.0
 20
17500.0
 30
0.0
 11
155100.0
 21
17500.0
 31
0.0
  0
INSERT
  5
A96
330
A91
100
AcDbEntity
  8
AKS
100
AcDbBlockReference
  2
_CLOSEDFILLED
 10
155250.0
 20
12300.0
 30
0.0
 41
84.0
 42
84.0
 50
270.0
  0
INSERT
  5
A98
330
A91
100
AcDbEntity
  8
AKS
100
AcDbBlockReference
  2
_CLOSEDFILLED
 10
155250.0
 20
17500.0
 30
0.0
 41
84.0
 42
84.0
 50
90.0
  0
LINE
  5
A9A
330
A91
100
AcDbEntity
  8
AKS
100
AcDbLine
 10
155250.0
 20
12384.0
 30
0.0
 11
155250.0
 21
14720.0
 31
0.0
  0
LINE
  5
A9B
330
A91
100
AcDbEntity
  8
AKS
100
AcDbLine
 10
155250.0
 20
15080.0
 30
0.0
 11
155250.0
 21
17416.0
 31
0.0
  0
MTEXT
  5
A9C
330
A91
100
AcDbEntity
  8
AKS
100
AcDbMText
 10
155250.0
 20
14900.0
 30
0.0
 40
120.0
 71
5
  1
520
 50
90.0
  0
POINT
  5
A9D
330
A91
100
AcDbEntity
  8
Defpoints
100
AcDbPoint
 10
155250.0
 20
12300.0
 30
0.0
  0
POINT
  5
A9E
330
A91
100
AcDbEntity
  8
Defpoints
100
AcDbPoint
 10
155650.0
 20
12300.0
 30
0.0
  0
POINT
  5
A9F
330
A91
100
AcDbEntity
  8
Defpoints
100
AcDbPoint
 10
155650.0
 20
17500.0
 30
0.0
  0
ENDBLK
  5
A93
330
A91
100
AcDbEntity
  8
0
100
AcDbBlockEnd
  0
BLOCK
  5
AA2
330
AA1
100
AcDbEntity
  8
0
100
AcDbBlockBegin
  2
*D54
 70
1
 10
0.0
 20
0.0
 30
0.0
  3
*D54
  1

  0
LINE
  5
AA4
330
AA1
100
AcDbEntity
  8
AKS
100
AcDbLine
 10
155500.0
 20
0.0
 30
0.0
 11
153550.0
 21
0.0
 31
0.0
  0
LINE
  5
AA5
330
AA1
100
AcDbEntity
  8
AKS
100
AcDbLine
 10
155500.0
 20
17500.0
 30
0.0
 11
153550.0
 21
17500.0
 31
0.0
  0
INSERT
  5
AA6
330
AA1
100
AcDbEntity
  8
AKS
100
AcDbBlockReference
  2
_CLOSEDFILLED
 10
153700.0
 20
0.0
 30
0.0
 41
84.0
 42
84.0
 50
270.0
  0
INSERT
  5
AA8
330
AA1
100
AcDbEntity
  8
AKS
100
AcDbBlockReference
  2
_CLOSEDFILLED
 10
153700.0
 20
17500.0
 30
0.0
 41
84.0
 42
84.0
 50
90.0
  0
LINE
  5
AAA
330
AA1
100
AcDbEntity
  8
AKS
100
AcDbLine
 10
153700.0
 20
84.0
 30
0.0
 11
153700.0
 21
8510.0
 31
0.0
  0
LINE
  5
AAB
330
AA1
100
AcDbEntity
  8
AKS
100
AcDbLine
 10
153700.0
 20
8990.0
 30
0.0
 11
153700.0
 21
17416.0
 31
0.0
  0
MTEXT
  5
AAC
330
AA1
100
AcDbEntity
  8
AKS
100
AcDbMText
 10
153700.0
 20
8750.0
 30
0.0
 40
120.0
 71
5
  1
1750
 50
90.0
  0
POINT
  5
AAD
330
AA1
100
AcDbEntity
  8
Defpoints
100
AcDbPoint
 10
153700.0
 20
0.0
 30
0.0
  0
POINT
  5
AAE
330
AA1
100
AcDbEntity
  8
Defpoints
100
AcDbPoint
 10
155650.0
 20
0.0
 30
0.0
  0
POINT
  5
AAF
330
AA1
100
AcDbEntity
  8
Defpoints
100
AcDbPoint
 10
155650.0
 20
17500.0
 30
0.0
  0
ENDBLK
  5
AA3
330
AA1
100
AcDbEntity
  8
0
100
AcDbBlockEnd
  0
BLOCK
  5
CB8
330
CB7
100
AcDbEntity
  8
0
100
AcDbBlockBegin
  2
*D55
 70
1
 10
0.0
 20
0.0
 30
0.0
  3
*D55
  1

  0
LINE
  5
CBA
330
CB7
100
AcDbEntity
  8
AKS
100
AcDbLine
 10
183950.0
 20
-150.0
 30
0.0
 11
183950.0
 21
-550.0
 31
0.0
  0
LINE
  5
CBB
330
CB7
100
AcDbEntity
  8
AKS
100
AcDbLine
 10
190900.0
 20
-150.0
 30
0.0
 11
190900.0
 21
-550.0
 31
0.0
  0
INSERT
  5
CBC
330
CB7
100
AcDbEntity
  8
AKS
100
AcDbBlockReference
  2
_CLOSEDFILLED
 10
183950.0
 20
-400.0
 30
0.0
 41
84.0
 42
84.0
 50
180.0
  0
INSERT
  5
CBE
330
CB7
100
AcDbEntity
  8
AKS
100
AcDbBlockReference
  2
_CLOSEDFILLED
 10
190900.0
 20
-400.0
 30
0.0
 41
84.0
 42
84.0
  0
LINE
  5
CC0
330
CB7
100
AcDbEntity
  8
AKS
100
AcDbLine
 10
184034.0
 20
-400.0
 30
0.0
 11
187245.0
 21
-400.0
 31
0.0
  0
LINE
  5
CC1
330
CB7
100
AcDbEntity
  8
AKS
100
AcDbLine
 10
187605.0
 20
-400.0
 30
0.0
 11
190816.0
 21
-400.0
 31
0.0
  0
MTEXT
  5
CC2
330
CB7
100
AcDbEntity
  8
AKS
100
AcDbMText
 10
187425.0
 20
-400.0
 30
0.0
 40
120.0
 71
5
  1
695
  0
POINT
  5
CC3
330
CB7
100
AcDbEntity
  8
Defpoints
100
AcDbPoint
 10
183950.0
 20
-400.0
 30
0.0
  0
POINT
  5
CC4
330
CB7
100
AcDbEntity
  8
Defpoints
100
AcDbPoint
 10
183950.0
 20
0.0
 30
0.0
  0
POINT
  5
CC5
330
CB7
100
AcDbEntity
  8
Defpoints
100
AcDbPoint
 10
190900.0
 20
0.0
 30
0.0
  0
ENDBLK
  5
CB9
330
CB7
100
AcDbEntity
  8
0
100
AcDbBlockEnd
  0
BLOCK
  5
CC8
330
CC7
100
AcDbEntity
  8
0
100
AcDbBlockBegin
  2
*D56
 70
1
 10
0.0
 20
0.0
 30
0.0
  3
*D56
  1

  0
LINE
  5
CCA
330
CC7
100
AcDbEntity
  8
AKS
100
AcDbLine
 10
190900.0
 20
-150.0
 30
0.0
 11
190900.0
 21
-550.0
 31
0.0
  0
LINE
  5
CCB
330
CC7
100
AcDbEntity
  8
AKS
100
AcDbLine
 10
197000.0
 20
-150.0
 30
0.0
 11
197000.0
 21
-550.0
 31
0.0
  0
INSERT
  5
CCC
330
CC7
100
AcDbEntity
  8
AKS
100
AcDbBlockReference
  2
_CLOSEDFILLED
 10
190900.0
 20
-400.0
 30
0.0
 41
84.0
 42
84.0
 50
180.0
  0
INSERT
  5
CCE
330
CC7
100
AcDbEntity
  8
AKS
100
AcDbBlockReference
  2
_CLOSEDFILLED
 10
197000.0
 20
-400.0
 30
0.0
 41
84.0
 42
84.0
  0
LINE
  5
CD0
330
CC7
100
AcDbEntity
  8
AKS
100
AcDbLine
 10
190984.0
 20
-400.0
 30
0.0
 11
193770.0
 21
-400.0
 31
0.0
  0
LINE
  5
CD1
330
CC7
100
AcDbEntity
  8
AKS
100
AcDbLine
 10
194130.0
 20
-400.0
 30
0.0
 11
196916.0
 21
-400.0
 31
0.0
  0
MTEXT
  5
CD2
330
CC7
100
AcDbEntity
  8
AKS
100
AcDbMText
 10
193950.0
 20
-400.0
 30
0.0
 40
120.0
 71
5
  1
610
  0
POINT
  5
CD3
330
CC7
100
AcDbEntity
  8
Defpoints
100
AcDbPoint
 10
190900.0
 20
-400.0
 30
0.0
  0
POINT
  5
CD4
330
CC7
100
AcDbEntity
  8
Defpoints
100
AcDbPoint
 10
190900.0
 20
0.0
 30
0.0
  0
POINT
  5
CD5
330
CC7
100
AcDbEntity
  8
Defpoints
100
AcDbPoint
 10
197000.0
 20
0.0
 30
0.0
  0
ENDBLK
  5
CC9
330
CC7
100
AcDbEntity
  8
0
100
AcDbBlockEnd
  0
BLOCK
  5
CD8
330
CD7
100
AcDbEntity
  8
0
100
AcDbBlockBegin
  2
*D57
 70
1
 10
0.0
 20
0.0
 30
0.0
  3
*D57
  1

  0
LINE
  5
CDA
330
CD7
100
AcDbEntity
  8
AKS
100
AcDbLine
 10
197000.0
 20
-150.0
 30
0.0
 11
197000.0
 21
-550.0
 31
0.0
  0
LINE
  5
CDB
330
CD7
100
AcDbEntity
  8
AKS
100
AcDbLine
 10
203950.0
 20
-150.0
 30
0.0
 11
203950.0
 21
-550.0
 31
0.0
  0
INSERT
  5
CDC
330
CD7
100
AcDbEntity
  8
AKS
100
AcDbBlockReference
  2
_CLOSEDFILLED
 10
197000.0
 20
-400.0
 30
0.0
 41
84.0
 42
84.0
 50
180.0
  0
INSERT
  5
CDE
330
CD7
100
AcDbEntity
  8
AKS
100
AcDbBlockReference
  2
_CLOSEDFILLED
 10
203950.0
 20
-400.0
 30
0.0
 41
84.0
 42
84.0
  0
LINE
  5
CE0
330
CD7
100
AcDbEntity
  8
AKS
100
AcDbLine
 10
197084.0
 20
-400.0
 30
0.0
 11
200295.0
 21
-400.0
 31
0.0
  0
LINE
  5
CE1
330
CD7
100
AcDbEntity
  8
AKS
100
AcDbLine
 10
200655.0
 20
-400.0
 30
0.0
 11
203866.0
 21
-400.0
 31
0.0
  0
MTEXT
  5
CE2
330
CD7
100
AcDbEntity
  8
AKS
100
AcDbMText
 10
200475.0
 20
-400.0
 30
0.0
 40
120.0
 71
5
  1
695
  0
POINT
  5
CE3
330
CD7
100
AcDbEntity
  8
Defpoints
100
AcDbPoint
 10
197000.0
 20
-400.0
 30
0.0
  0
POINT
  5
CE4
330
CD7
100
AcDbEntity
  8
Defpoints
100
AcDbPoint
 10
197000.0
 20
0.0
 30
0.0
  0
POINT
  5
CE5
330
CD7
100
AcDbEntity
  8
Defpoints
100
AcDbPoint
 10
203950.0
 20
0.0
 30
0.0
  0
ENDBLK
  5
CD9
330
CD7
100
AcDbEntity
  8
0
100
AcDbBlockEnd
  0
BLOCK
  5
CE8
330
CE7
100
AcDbEntity
  8
0
100
AcDbBlockBegin
  2
*D58
 70
1
 10
0.0
 20
0.0
 30
0.0
  3
*D58
  1

  0
LINE
  5
CEA
330
CE7
100
AcDbEntity
  8
AKS
100
AcDbLine
 10
183950.0
 20
-150.0
 30
0.0
 11
183950.0
 21
-2100.0
 31
0.0
  0
LINE
  5
CEB
330
CE7
100
AcDbEntity
  8
AKS
100
AcDbLine
 10
203950.0
 20
-150.0
 30
0.0
 11
203950.0
 21
-2100.0
 31
0.0
  0
INSERT
  5
CEC
330
CE7
100
AcDbEntity
  8
AKS
100
AcDbBlockReference
  2
_CLOSEDFILLED
 10
183950.0
 20
-1950.0
 30
0.0
 41
84.0
 42
84.0
 50
180.0
  0
INSERT
  5
CEE
330
CE7
100
AcDbEntity
  8
AKS
100
AcDbBlockReference
  2
_CLOSEDFILLED
 10
203950.0
 20
-1950.0
 30
0.0
 41
84.0
 42
84.0
  0
LINE
  5
CF0
330
CE7
100
AcDbEntity
  8
AKS
100
AcDbLine
 10
184034.0
 20
-1950.0
 30
0.0
 11
193710.0
 21
-1950.0
 31
0.0
  0
LINE
  5
CF1
330
CE7
100
AcDbEntity
  8
AKS
100
AcDbLine
 10
194190.0
 20
-1950.0
 30
0.0
 11
203866.0
 21
-1950.0
 31
0.0
  0
MTEXT
  5
CF2
330
CE7
100
AcDbEntity
  8
AKS
100
AcDbMText
 10
193950.0
 20
-1950.0
 30
0.0
 40
120.0
 71
5
  1
2000
  0
POINT
  5
CF3
330
CE7
100
AcDbEntity
  8
Defpoints
100
AcDbPoint
 10
183950.0
 20
-1950.0
 30
0.0
  0
POINT
  5
CF4
330
CE7
100
AcDbEntity
  8
Defpoints
100
AcDbPoint
 10
183950.0
 20
0.0
 30
0.0
  0
POINT
  5
CF5
330
CE7
100
AcDbEntity
  8
Defpoints
100
AcDbPoint
 10
203950.0
 20
0.0
 30
0.0
  0
ENDBLK
  5
CE9
330
CE7
100
AcDbEntity
  8
0
100
AcDbBlockEnd
  0
BLOCK
  5
CF8
330
CF7
100
AcDbEntity
  8
0
100
AcDbBlockBegin
  2
*D59
 70
1
 10
0.0
 20
0.0
 30
0.0
  3
*D59
  1

  0
LINE
  5
CFA
330
CF7
100
AcDbEntity
  8
AKS
100
AcDbLine
 10
183800.0
 20
0.0
 30
0.0
 11
183400.0
 21
0.0
 31
0.0
  0
LINE
  5
CFB
330
CF7
100
AcDbEntity
  8
AKS
100
AcDbLine
 10
183800.0
 20
5250.0
 30
0.0
 11
183400.0
 21
5250.0
 31
0.0
  0
INSERT
  5
CFC
330
CF7
100
AcDbEntity
  8
AKS
100
AcDbBlockReference
  2
_CLOSEDFILLED
 10
183550.0
 20
0.0
 30
0.0
 41
84.0
 42
84.0
 50
270.0
  0
INSERT
  5
CFE
330
CF7
100
AcDbEntity
  8
AKS
100
AcDbBlockReference
  2
_CLOSEDFILLED
 10
183550.0
 20
5250.0
 30
0.0
 41
84.0
 42
84.0
 50
90.0
  0
LINE
  5
D00
330
CF7
100
AcDbEntity
  8
AKS
100
AcDbLine
 10
183550.0
 20
84.0
 30
0.0
 11
183550.0
 21
2445.0
 31
0.0
  0
LINE
  5
D01
330
CF7
100
AcDbEntity
  8
AKS
100
AcDbLine
 10
183550.0
 20
2805.0
 30
0.0
 11
183550.0
 21
5166.0
 31
0.0
  0
MTEXT
  5
D02
330
CF7
100
AcDbEntity
  8
AKS
100
AcDbMText
 10
183550.0
 20
2625.0
 30
0.0
 40
120.0
 71
5
  1
525
 50
90.0
  0
POINT
  5
D03
330
CF7
100
AcDbEntity
  8
Defpoints
100
AcDbPoint
 10
183550.0
 20
0.0
 30
0.0
  0
POINT
  5
D04
330
CF7
100
AcDbEntity
  8
Defpoints
100
AcDbPoint
 10
183950.0
 20
0.0
 30
0.0
  0
POINT
  5
D05
330
CF7
100
AcDbEntity
  8
Defpoints
100
AcDbPoint
 10
183950.0
 20
5250.0
 30
0.0
  0
ENDBLK
  5
CF9
330
CF7
100
AcDbEntity
  8
0
100
AcDbBlockEnd
  0
BLOCK
  5
D08
330
D07
100
AcDbEntity
  8
0
100
AcDbBlockBegin
  2
*D60
 70
1
 10
0.0
 20
0.0
 30
0.0
  3
*D60
  1

  0
LINE
  5
D0A
330
D07
100
AcDbEntity
  8
AKS
100
AcDbLine
 10
183800.0
 20
5250.0
 30
0.0
 11
183400.0
 21
5250.0
 31
0.0
  0
LINE
  5
D0B
330
D07
100
AcDbEntity
  8
AKS
100
AcDbLine
 10
183800.0
 20
9300.0
 30
0.0
 11
183400.0
 21
9300.0
 31
0.0
  0
INSERT
  5
D0C
330
D07
100
AcDbEntity
  8
AKS
100
AcDbBlockReference
  2
_CLOSEDFILLED
 10
183550.0
 20
5250.0
 30
0.0
 41
84.0
 42
84.0
 50
270.0
  0
INSERT
  5
D0E
330
D07
100
AcDbEntity
  8
AKS
100
AcDbBlockReference
  2
_CLOSEDFILLED
 10
183550.0
 20
9300.0
 30
0.0
 41
84.0
 42
84.0
 50
90.0
  0
LINE
  5
D10
330
D07
100
AcDbEntity
  8
AKS
100
AcDbLine
 10
183550.0
 20
5334.0
 30
0.0
 11
183550.0
 21
7095.0
 31
0.0
  0
LINE
  5
D11
330
D07
100
AcDbEntity
  8
AKS
100
AcDbLine
 10
183550.0
 20
7455.0
 30
0.0
 11
183550.0
 21
9216.0
 31
0.0
  0
MTEXT
  5
D12
330
D07
100
AcDbEntity
  8
AKS
100
AcDbMText
 10
183550.0
 20
7275.0
 30
0.0
 40
120.0
 71
5
  1
405
 50
90.0
  0
POINT
  5
D13
330
D07
100
AcDbEntity
  8
Defpoints
100
AcDbPoint
 10
183550.0
 20
5250.0
 30
0.0
  0
POINT
  5
D14
330
D07
100
AcDbEntity
  8
Defpoints
100
AcDbPoint
 10
183950.0
 20
5250.0
 30
0.0
  0
POINT
  5
D15
330
D07
100
AcDbEntity
  8
Defpoints
100
AcDbPoint
 10
183950.0
 20
9300.0
 30
0.0
  0
ENDBLK
  5
D09
330
D07
100
AcDbEntity
  8
0
100
AcDbBlockEnd
  0
BLOCK
  5
D18
330
D17
100
AcDbEntity
  8
0
100
AcDbBlockBegin
  2
*D61
 70
1
 10
0.0
 20
0.0
 30
0.0
  3
*D61
  1

  0
LINE
  5
D1A
330
D17
100
AcDbEntity
  8
AKS
100
AcDbLine
 10
183800.0
 20
9300.0
 30
0.0
 11
183400.0
 21
9300.0
 31
0.0
  0
LINE
  5
D1B
330
D17
100
AcDbEntity
  8
AKS
100
AcDbLine
 10
183800.0
 20
12300.0
 30
0.0
 11
183400.0
 21
12300.0
 31
0.0
  0
INSERT
  5
D1C
330
D17
100
AcDbEntity
  8
AKS
100
AcDbBlockReference
  2
_CLOSEDFILLED
 10
183550.0
 20
9300.0
 30
0.0
 41
84.0
 42
84.0
 50
270.0
  0
INSERT
  5
D1E
330
D17
100
AcDbEntity
  8
AKS
100
AcDbBlockReference
  2
_CLOSEDFILLED
 10
183550.0
 20
12300.0
 30
0.0
 41
84.0
 42
84.0
 50
90.0
  0
LINE
  5
D20
330
D17
100
AcDbEntity
  8
AKS
100
AcDbLine
 10
183550.0
 20
9384.0
 30
0.0
 11
183550.0
 21
10620.0
 31
0.0
  0
LINE
  5
D21
330
D17
100
AcDbEntity
  8
AKS
100
AcDbLine
 10
183550.0
 20
10980.0
 30
0.0
 11
183550.0
 21
12216.0
 31
0.0
  0
MTEXT
  5
D22
330
D17
100
AcDbEntity
  8
AKS
100
AcDbMText
 10
183550.0
 20
10800.0
 30
0.0
 40
120.0
 71
5
  1
300
 50
90.0
  0
POINT
  5
D23
330
D17
100
AcDbEntity
  8
Defpoints
100
AcDbPoint
 10
183550.0
 20
9300.0
 30
0.0
  0
POINT
  5
D24
330
D17
100
AcDbEntity
  8
Defpoints
100
AcDbPoint
 10
183950.0
 20
9300.0
 30
0.0
  0
POINT
  5
D25
330
D17
100
AcDbEntity
  8
Defpoints
100
AcDbPoint
 10
183950.0
 20
12300.0
 30
0.0
  0
ENDBLK
  5
D19
330
D17
100
AcDbEntity
  8
0
100
AcDbBlockEnd
  0
BLOCK
  5
D28
330
D27
100
AcDbEntity
  8
0
100
AcDbBlockBegin
  2
*D62
 70
1
 10
0.0
 20
0.0
 30
0.0
  3
*D62
  1

  0
LINE
  5
D2A
330
D27
100
AcDbEntity
  8
AKS
100
AcDbLine
 10
183800.0
 20
12300.0
 30
0.0
 11
183400.0
 21
12300.0
 31
0.0
  0
LINE
  5
D2B
330
D27
100
AcDbEntity
  8
AKS
100
AcDbLine
 10
183800.0
 20
17500.0
 30
0.0
 11
183400.0
 21
17500.0
 31
0.0
  0
INSERT
  5
D2C
330
D27
100
AcDbEntity
  8
AKS
100
AcDbBlockReference
  2
_CLOSEDFILLED
 10
183550.0
 20
12300.0
 30
0.0
 41
84.0
 42
84.0
 50
270.0
  0
INSERT
  5
D2E
330
D27
100
AcDbEntity
  8
AKS
100
AcDbBlockReference
  2
_CLOSEDFILLED
 10
183550.0
 20
17500.0
 30
0.0
 41
84.0
 42
84.0
 50
90.0
  0
LINE
  5
D30
330
D27
100
AcDbEntity
  8
AKS
100
AcDbLine
 10
183550.0
 20
12384.0
 30
0.0
 11
183550.0
 21
14720.0
 31
0.0
  0
LINE
  5
D31
330
D27
100
AcDbEntity
  8
AKS
100
AcDbLine
 10
183550.0
 20
15080.0
 30
0.0
 11
183550.0
 21
17416.0
 31
0.0
  0
MTEXT
  5
D32
330
D27
100
AcDbEntity
  8
AKS
100
AcDbMText
 10
183550.0
 20
14900.0
 30
0.0
 40
120.0
 71
5
  1
520
 50
90.0
  0
POINT
  5
D33
330
D27
100
AcDbEntity
  8
Defpoints
100
AcDbPoint
 10
183550.0
 20
12300.0
 30
0.0
  0
POINT
  5
D34
330
D27
100
AcDbEntity
  8
Defpoints
100
AcDbPoint
 10
183950.0
 20
12300.0
 30
0.0
  0
POINT
  5
D35
330
D27
100
AcDbEntity
  8
Defpoints
100
AcDbPoint
 10
183950.0
 20
17500.0
 30
0.0
  0
ENDBLK
  5
D29
330
D27
100
AcDbEntity
  8
0
100
AcDbBlockEnd
  0
BLOCK
  5
D38
330
D37
100
AcDbEntity
  8
0
100
AcDbBlockBegin
  2
*D63
 70
1
 10
0.0
 20
0.0
 30
0.0
  3
*D63
  1

  0
LINE
  5
D3A
330
D37
100
AcDbEntity
  8
AKS
100
AcDbLine
 10
183800.0
 20
0.0
 30
0.0
 11
181850.0
 21
0.0
 31
0.0
  0
LINE
  5
D3B
330
D37
100
AcDbEntity
  8
AKS
100
AcDbLine
 10
183800.0
 20
17500.0
 30
0.0
 11
181850.0
 21
17500.0
 31
0.0
  0
INSERT
  5
D3C
330
D37
100
AcDbEntity
  8
AKS
100
AcDbBlockReference
  2
_CLOSEDFILLED
 10
182000.0
 20
0.0
 30
0.0
 41
84.0
 42
84.0
 50
270.0
  0
INSERT
  5
D3E
330
D37
100
AcDbEntity
  8
AKS
100
AcDbBlockReference
  2
_CLOSEDFILLED
 10
182000.0
 20
17500.0
 30
0.0
 41
84.0
 42
84.0
 50
90.0
  0
LINE
  5
D40
330
D37
100
AcDbEntity
  8
AKS
100
AcDbLine
 10
182000.0
 20
84.0
 30
0.0
 11
182000.0
 21
8510.0
 31
0.0
  0
LINE
  5
D41
330
D37
100
AcDbEntity
  8
AKS
100
AcDbLine
 10
182000.0
 20
8990.0
 30
0.0
 11
182000.0
 21
17416.0
 31
0.0
  0
MTEXT
  5
D42
330
D37
100
AcDbEntity
  8
AKS
100
AcDbMText
 10
182000.0
 20
8750.0
 30
0.0
 40
120.0
 71
5
  1
1750
 50
90.0
  0
POINT
  5
D43
330
D37
100
AcDbEntity
  8
Defpoints
100
AcDbPoint
 10
182000.0
 20
0.0
 30
0.0
  0
POINT
  5
D44
330
D37
100
AcDbEntity
  8
Defpoints
100
AcDbPoint
 10
183950.0
 20
0.0
 30
0.0
  0
POINT
  5
D45
330
D37
100
AcDbEntity
  8
Defpoints
100
AcDbPoint
 10
183950.0
 20
17500.0
 30
0.0
  0
ENDBLK
  5
D39
330
D37
100
AcDbEntity
  8
0
100
AcDbBlockEnd
  0
BLOCK
  5
F4E
330
F4D
100
AcDbEntity
  8
0
100
AcDbBlockBegin
  2
*D64
 70
1
 10
0.0
 20
0.0
 30
0.0
  3
*D64
  1

  0
LINE
  5
F50
330
F4D
100
AcDbEntity
  8
AKS
100
AcDbLine
 10
212250.0
 20
-150.0
 30
0.0
 11
212250.0
 21
-550.0
 31
0.0
  0
LINE
  5
F51
330
F4D
100
AcDbEntity
  8
AKS
100
AcDbLine
 10
219200.0
 20
-150.0
 30
0.0
 11
219200.0
 21
-550.0
 31
0.0
  0
INSERT
  5
F52
330
F4D
100
AcDbEntity
  8
AKS
100
AcDbBlockReference
  2
_CLOSEDFILLED
 10
212250.0
 20
-400.0
 30
0.0
 41
84.0
 42
84.0
 50
180.0
  0
INSERT
  5
F54
330
F4D
100
AcDbEntity
  8
AKS
100
AcDbBlockReference
  2
_CLOSEDFILLED
 10
219200.0
 20
-400.0
 30
0.0
 41
84.0
 42
84.0
  0
LINE
  5
F56
330
F4D
100
AcDbEntity
  8
AKS
100
AcDbLine
 10
212334.0
 20
-400.0
 30
0.0
 11
215545.0
 21
-400.0
 31
0.0
  0
LINE
  5
F57
330
F4D
100
AcDbEntity
  8
AKS
100
AcDbLine
 10
215905.0
 20
-400.0
 30
0.0
 11
219116.0
 21
-400.0
 31
0.0
  0
MTEXT
  5
F58
330
F4D
100
AcDbEntity
  8
AKS
100
AcDbMText
 10
215725.0
 20
-400.0
 30
0.0
 40
120.0
 71
5
  1
695
  0
POINT
  5
F59
330
F4D
100
AcDbEntity
  8
Defpoints
100
AcDbPoint
 10
212250.0
 20
-400.0
 30
0.0
  0
POINT
  5
F5A
330
F4D
100
AcDbEntity
  8
Defpoints
100
AcDbPoint
 10
212250.0
 20
0.0
 30
0.0
  0
POINT
  5
F5B
330
F4D
100
AcDbEntity
  8
Defpoints
100
AcDbPoint
 10
219200.0
 20
0.0
 30
0.0
  0
ENDBLK
  5
F4F
330
F4D
100
AcDbEntity
  8
0
100
AcDbBlockEnd
  0
BLOCK
  5
F5E
330
F5D
100
AcDbEntity
  8
0
100
AcDbBlockBegin
  2
*D65
 70
1
 10
0.0
 20
0.0
 30
0.0
  3
*D65
  1

  0
LINE
  5
F60
330
F5D
100
AcDbEntity
  8
AKS
100
AcDbLine
 10
219200.0
 20
-150.0
 30
0.0
 11
219200.0
 21
-550.0
 31
0.0
  0
LINE
  5
F61
330
F5D
100
AcDbEntity
  8
AKS
100
AcDbLine
 10
225300.0
 20
-150.0
 30
0.0
 11
225300.0
 21
-550.0
 31
0.0
  0
INSERT
  5
F62
330
F5D
100
AcDbEntity
  8
AKS
100
AcDbBlockReference
  2
_CLOSEDFILLED
 10
219200.0
 20
-400.0
 30
0.0
 41
84.0
 42
84.0
 50
180.0
  0
INSERT
  5
F64
330
F5D
100
AcDbEntity
  8
AKS
100
AcDbBlockReference
  2
_CLOSEDFILLED
 10
225300.0
 20
-400.0
 30
0.0
 41
84.0
 42
84.0
  0
LINE
  5
F66
330
F5D
100
AcDbEntity
  8
AKS
100
AcDbLine
 10
219284.0
 20
-400.0
 30
0.0
 11
222070.0
 21
-400.0
 31
0.0
  0
LINE
  5
F67
330
F5D
100
AcDbEntity
  8
AKS
100
AcDbLine
 10
222430.0
 20
-400.0
 30
0.0
 11
225216.0
 21
-400.0
 31
0.0
  0
MTEXT
  5
F68
330
F5D
100
AcDbEntity
  8
AKS
100
AcDbMText
 10
222250.0
 20
-400.0
 30
0.0
 40
120.0
 71
5
  1
610
  0
POINT
  5
F69
330
F5D
100
AcDbEntity
  8
Defpoints
100
AcDbPoint
 10
219200.0
 20
-400.0
 30
0.0
  0
POINT
  5
F6A
330
F5D
100
AcDbEntity
  8
Defpoints
100
AcDbPoint
 10
219200.0
 20
0.0
 30
0.0
  0
POINT
  5
F6B
330
F5D
100
AcDbEntity
  8
Defpoints
100
AcDbPoint
 10
225300.0
 20
0.0
 30
0.0
  0
ENDBLK
  5
F5F
330
F5D
100
AcDbEntity
  8
0
100
AcDbBlockEnd
  0
BLOCK
  5
F6E
330
F6D
100
AcDbEntity
  8
0
100
AcDbBlockBegin
  2
*D66
 70
1
 10
0.0
 20
0.0
 30
0.0
  3
*D66
  1

  0
LINE
  5
F70
330
F6D
100
AcDbEntity
  8
AKS
100
AcDbLine
 10
225300.0
 20
-150.0
 30
0.0
 11
225300.0
 21
-550.0
 31
0.0
  0
LINE
  5
F71
330
F6D
100
AcDbEntity
  8
AKS
100
AcDbLine
 10
232250.0
 20
-150.0
 30
0.0
 11
232250.0
 21
-550.0
 31
0.0
  0
INSERT
  5
F72
330
F6D
100
AcDbEntity
  8
AKS
100
AcDbBlockReference
  2
_CLOSEDFILLED
 10
225300.0
 20
-400.0
 30
0.0
 41
84.0
 42
84.0
 50
180.0
  0
INSERT
  5
F74
330
F6D
100
AcDbEntity
  8
AKS
100
AcDbBlockReference
  2
_CLOSEDFILLED
 10
232250.0
 20
-400.0
 30
0.0
 41
84.0
 42
84.0
  0
LINE
  5
F76
330
F6D
100
AcDbEntity
  8
AKS
100
AcDbLine
 10
225384.0
 20
-400.0
 30
0.0
 11
228595.0
 21
-400.0
 31
0.0
  0
LINE
  5
F77
330
F6D
100
AcDbEntity
  8
AKS
100
AcDbLine
 10
228955.0
 20
-400.0
 30
0.0
 11
232166.0
 21
-400.0
 31
0.0
  0
MTEXT
  5
F78
330
F6D
100
AcDbEntity
  8
AKS
100
AcDbMText
 10
228775.0
 20
-400.0
 30
0.0
 40
120.0
 71
5
  1
695
  0
POINT
  5
F79
330
F6D
100
AcDbEntity
  8
Defpoints
100
AcDbPoint
 10
225300.0
 20
-400.0
 30
0.0
  0
POINT
  5
F7A
330
F6D
100
AcDbEntity
  8
Defpoints
100
AcDbPoint
 10
225300.0
 20
0.0
 30
0.0
  0
POINT
  5
F7B
330
F6D
100
AcDbEntity
  8
Defpoints
100
AcDbPoint
 10
232250.0
 20
0.0
 30
0.0
  0
ENDBLK
  5
F6F
330
F6D
100
AcDbEntity
  8
0
100
AcDbBlockEnd
  0
BLOCK
  5
F7E
330
F7D
100
AcDbEntity
  8
0
100
AcDbBlockBegin
  2
*D67
 70
1
 10
0.0
 20
0.0
 30
0.0
  3
*D67
  1

  0
LINE
  5
F80
330
F7D
100
AcDbEntity
  8
AKS
100
AcDbLine
 10
212250.0
 20
-150.0
 30
0.0
 11
212250.0
 21
-2100.0
 31
0.0
  0
LINE
  5
F81
330
F7D
100
AcDbEntity
  8
AKS
100
AcDbLine
 10
232250.0
 20
-150.0
 30
0.0
 11
232250.0
 21
-2100.0
 31
0.0
  0
INSERT
  5
F82
330
F7D
100
AcDbEntity
  8
AKS
100
AcDbBlockReference
  2
_CLOSEDFILLED
 10
212250.0
 20
-1950.0
 30
0.0
 41
84.0
 42
84.0
 50
180.0
  0
INSERT
  5
F84
330
F7D
100
AcDbEntity
  8
AKS
100
AcDbBlockReference
  2
_CLOSEDFILLED
 10
232250.0
 20
-1950.0
 30
0.0
 41
84.0
 42
84.0
  0
LINE
  5
F86
330
F7D
100
AcDbEntity
  8
AKS
100
AcDbLine
 10
212334.0
 20
-1950.0
 30
0.0
 11
222010.0
 21
-1950.0
 31
0.0
  0
LINE
  5
F87
330
F7D
100
AcDbEntity
  8
AKS
100
AcDbLine
 10
222490.0
 20
-1950.0
 30
0.0
 11
232166.0
 21
-1950.0
 31
0.0
  0
MTEXT
  5
F88
330
F7D
100
AcDbEntity
  8
AKS
100
AcDbMText
 10
222250.0
 20
-1950.0
 30
0.0
 40
120.0
 71
5
  1
2000
  0
POINT
  5
F89
330
F7D
100
AcDbEntity
  8
Defpoints
100
AcDbPoint
 10
212250.0
 20
-1950.0
 30
0.0
  0
POINT
  5
F8A
330
F7D
100
AcDbEntity
  8
Defpoints
100
AcDbPoint
 10
212250.0
 20
0.0
 30
0.0
  0
POINT
  5
F8B
330
F7D
100
AcDbEntity
  8
Defpoints
100
AcDbPoint
 10
232250.0
 20
0.0
 30
0.0
  0
ENDBLK
  5
F7F
330
F7D
100
AcDbEntity
  8
0
100
AcDbBlockEnd
  0
BLOCK
  5
F8E
330
F8D
100
AcDbEntity
  8
0
100
AcDbBlockBegin
  2
*D68
 70
1
 10
0.0
 20
0.0
 30
0.0
  3
*D68
  1

  0
LINE
  5
F90
330
F8D
100
AcDbEntity
  8
AKS
100
AcDbLine
 10
212100.0
 20
0.0
 30
0.0
 11
211700.0
 21
0.0
 31
0.0
  0
LINE
  5
F91
330
F8D
100
AcDbEntity
  8
AKS
100
AcDbLine
 10
212100.0
 20
5250.0
 30
0.0
 11
211700.0
 21
5250.0
 31
0.0
  0
INSERT
  5
F92
330
F8D
100
AcDbEntity
  8
AKS
100
AcDbBlockReference
  2
_CLOSEDFILLED
 10
211850.0
 20
0.0
 30
0.0
 41
84.0
 42
84.0
 50
270.0
  0
INSERT
  5
F94
330
F8D
100
AcDbEntity
  8
AKS
100
AcDbBlockReference
  2
_CLOSEDFILLED
 10
211850.0
 20
5250.0
 30
0.0
 41
84.0
 42
84.0
 50
90.0
  0
LINE
  5
F96
330
F8D
100
AcDbEntity
  8
AKS
100
AcDbLine
 10
211850.0
 20
84.0
 30
0.0
 11
211850.0
 21
2445.0
 31
0.0
  0
LINE
  5
F97
330
F8D
100
AcDbEntity
  8
AKS
100
AcDbLine
 10
211850.0
 20
2805.0
 30
0.0
 11
211850.0
 21
5166.0
 31
0.0
  0
MTEXT
  5
F98
330
F8D
100
AcDbEntity
  8
AKS
100
AcDbMText
 10
211850.0
 20
2625.0
 30
0.0
 40
120.0
 71
5
  1
525
 50
90.0
  0
POINT
  5
F99
330
F8D
100
AcDbEntity
  8
Defpoints
100
AcDbPoint
 10
211850.0
 20
0.0
 30
0.0
  0
POINT
  5
F9A
330
F8D
100
AcDbEntity
  8
Defpoints
100
AcDbPoint
 10
212250.0
 20
0.0
 30
0.0
  0
POINT
  5
F9B
330
F8D
100
AcDbEntity
  8
Defpoints
100
AcDbPoint
 10
212250.0
 20
5250.0
 30
0.0
  0
ENDBLK
  5
F8F
330
F8D
100
AcDbEntity
  8
0
100
AcDbBlockEnd
  0
BLOCK
  5
F9E
330
F9D
100
AcDbEntity
  8
0
100
AcDbBlockBegin
  2
*D69
 70
1
 10
0.0
 20
0.0
 30
0.0
  3
*D69
  1

  0
LINE
  5
FA0
330
F9D
100
AcDbEntity
  8
AKS
100
AcDbLine
 10
212100.0
 20
5250.0
 30
0.0
 11
211700.0
 21
5250.0
 31
0.0
  0
LINE
  5
FA1
330
F9D
100
AcDbEntity
  8
AKS
100
AcDbLine
 10
212100.0
 20
9300.0
 30
0.0
 11
211700.0
 21
9300.0
 31
0.0
  0
INSERT
  5
FA2
330
F9D
100
AcDbEntity
  8
AKS
100
AcDbBlockReference
  2
_CLOSEDFILLED
 10
211850.0
 20
5250.0
 30
0.0
 41
84.0
 42
84.0
 50
270.0
  0
INSERT
  5
FA4
330
F9D
100
AcDbEntity
  8
AKS
100
AcDbBlockReference
  2
_CLOSEDFILLED
 10
211850.0
 20
9300.0
 30
0.0
 41
84.0
 42
84.0
 50
90.0
  0
LINE
  5
FA6
330
F9D
100
AcDbEntity
  8
AKS
100
AcDbLine
 10
211850.0
 20
5334.0
 30
0.0
 11
211850.0
 21
7095.0
 31
0.0
  0
LINE
  5
FA7
330
F9D
100
AcDbEntity
  8
AKS
100
AcDbLine
 10
211850.0
 20
7455.0
 30
0.0
 11
211850.0
 21
9216.0
 31
0.0
  0
MTEXT
  5
FA8
330
F9D
100
AcDbEntity
  8
AKS
100
AcDbMText
 10
211850.0
 20
7275.0
 30
0.0
 40
120.0
 71
5
  1
405
 50
90.0
  0
POINT
  5
FA9
330
F9D
100
AcDbEntity
  8
Defpoints
100
AcDbPoint
 10
211850.0
 20
5250.0
 30
0.0
  0
POINT
  5
FAA
330
F9D
100
AcDbEntity
  8
Defpoints
100
AcDbPoint
 10
212250.0
 20
5250.0
 30
0.0
  0
POINT
  5
FAB
330
F9D
100
AcDbEntity
  8
Defpoints
100
AcDbPoint
 10
212250.0
 20
9300.0
 30
0.0
  0
ENDBLK
  5
F9F
330
F9D
100
AcDbEntity
  8
0
100
AcDbBlockEnd
  0
BLOCK
  5
FAE
330
FAD
100
AcDbEntity
  8
0
100
AcDbBlockBegin
  2
*D70
 70
1
 10
0.0
 20
0.0
 30
0.0
  3
*D70
  1

  0
LINE
  5
FB0
330
FAD
100
AcDbEntity
  8
AKS
100
AcDbLine
 10
212100.0
 20
9300.0
 30
0.0
 11
211700.0
 21
9300.0
 31
0.0
  0
LINE
  5
FB1
330
FAD
100
AcDbEntity
  8
AKS
100
AcDbLine
 10
212100.0
 20
12300.0
 30
0.0
 11
211700.0
 21
12300.0
 31
0.0
  0
INSERT
  5
FB2
330
FAD
100
AcDbEntity
  8
AKS
100
AcDbBlockReference
  2
_CLOSEDFILLED
 10
211850.0
 20
9300.0
 30
0.0
 41
84.0
 42
84.0
 50
270.0
  0
INSERT
  5
FB4
330
FAD
100
AcDbEntity
  8
AKS
100
AcDbBlockReference
  2
_CLOSEDFILLED
 10
211850.0
 20
12300.0
 30
0.0
 41
84.0
 42
84.0
 50
90.0
  0
LINE
  5
FB6
330
FAD
100
AcDbEntity
  8
AKS
100
AcDbLine
 10
211850.0
 20
9384.0
 30
0.0
 11
211850.0
 21
10620.0
 31
0.0
  0
LINE
  5
FB7
330
FAD
100
AcDbEntity
  8
AKS
100
AcDbLine
 10
211850.0
 20
10980.0
 30
0.0
 11
211850.0
 21
12216.0
 31
0.0
  0
MTEXT
  5
FB8
330
FAD
100
AcDbEntity
  8
AKS
100
AcDbMText
 10
211850.0
 20
10800.0
 30
0.0
 40
120.0
 71
5
  1
300
 50
90.0
  0
POINT
  5
FB9
330
FAD
100
AcDbEntity
  8
Defpoints
100
AcDbPoint
 10
211850.0
 20
9300.0
 30
0.0
  0
POINT
  5
FBA
330
FAD
100
AcDbEntity
  8
Defpoints
100
AcDbPoint
 10
212250.0
 20
9300.0
 30
0.0
  0
POINT
  5
FBB
330
FAD
100
AcDbEntity
  8
Defpoints
100
AcDbPoint
 10
212250.0
 20
12300.0
 30
0.0
  0
ENDBLK
  5
FAF
330
FAD
100
AcDbEntity
  8
0
100
AcDbBlockEnd
  0
BLOCK
  5
FBE
330
FBD
100
AcDbEntity
  8
0
100
AcDbBlockBegin
  2
*D71
 70
1
 10
0.0
 20
0.0
 30
0.0
  3
*D71
  1

  0
LINE
  5
FC0
330
FBD
100
AcDbEntity
  8
AKS
100
AcDbLine
 10
212100.0
 20
12300.0
 30
0.0
 11
211700.0
 21
12300.0
 31
0.0
  0
LINE
  5
FC1
330
FBD
100
AcDbEntity
  8
AKS
100
AcDbLine
 10
212100.0
 20
17500.0
 30
0.0
 11
211700.0
 21
17500.0
 31
0.0
  0
INSERT
  5
FC2
330
FBD
100
AcDbEntity
  8
AKS
100
AcDbBlockReference
  2
_CLOSEDFILLED
 10
211850.0
 20
12300.0
 30
0.0
 41
84.0
 42
84.0
 50
270.0
  0
INSERT
  5
FC4
330
FBD
100
AcDbEntity
  8
AKS
100
AcDbBlockReference
  2
_CLOSEDFILLED
 10
211850.0
 20
17500.0
 30
0.0
 41
84.0
 42
84.0
 50
90.0
  0
LINE
  5
FC6
330
FBD
100
AcDbEntity
  8
AKS
100
AcDbLine
 10
211850.0
 20
12384.0
 30
0.0
 11
211850.0
 21
14720.0
 31
0.0
  0
LINE
  5
FC7
330
FBD
100
AcDbEntity
  8
AKS
100
AcDbLine
 10
211850.0
 20
15080.0
 30
0.0
 11
211850.0
 21
17416.0
 31
0.0
  0
MTEXT
  5
FC8
330
FBD
100
AcDbEntity
  8
AKS
100
AcDbMText
 10
211850.0
 20
14900.0
 30
0.0
 40
120.0
 71
5
  1
520
 50
90.0
  0
POINT
  5
FC9
330
FBD
100
AcDbEntity
  8
Defpoints
100
AcDbPoint
 10
211850.0
 20
12300.0
 30
0.0
  0
POINT
  5
FCA
330
FBD
100
AcDbEntity
  8
Defpoints
100
AcDbPoint
 10
212250.0
 20
12300.0
 30
0.0
  0
POINT
  5
FCB
330
FBD
100
AcDbEntity
  8
Defpoints
100
AcDbPoint
 10
212250.0
 20
17500.0
 30
0.0
  0
ENDBLK
  5
FBF
330
FBD
100
AcDbEntity
  8
0
100
AcDbBlockEnd
  0
BLOCK
  5
FCE
330
FCD
100
AcDbEntity
  8
0
100
AcDbBlockBegin
  2
*D72
 70
1
 10
0.0
 20
0.0
 30
0.0
  3
*D72
  1

  0
LINE
  5
FD0
330
FCD
100
AcDbEntity
  8
AKS
100
AcDbLine
 10
212100.0
 20
0.0
 30
0.0
 11
210150.0
 21
0.0
 31
0.0
  0
LINE
  5
FD1
330
FCD
100
AcDbEntity
  8
AKS
100
AcDbLine
 10
212100.0
 20
17500.0
 30
0.0
 11
210150.0
 21
17500.0
 31
0.0
  0
INSERT
  5
FD2
330
FCD
100
AcDbEntity
  8
AKS
100
AcDbBlockReference
  2
_CLOSEDFILLED
 10
210300.0
 20
0.0
 30
0.0
 41
84.0
 42
84.0
 50
270.0
  0
INSERT
  5
FD4
330
FCD
100
AcDbEntity
  8
AKS
100
AcDbBlockReference
  2
_CLOSEDFILLED
 10
210300.0
 20
17500.0
 30
0.0
 41
84.0
 42
84.0
 50
90.0
  0
LINE
  5
FD6
330
FCD
100
AcDbEntity
  8
AKS
100
AcDbLine
 10
210300.0
 20
84.0
 30
0.0
 11
210300.0
 21
8510.0
 31
0.0
  0
LINE
  5
FD7
330
FCD
100
AcDbEntity
  8
AKS
100
AcDbLine
 10
210300.0
 20
8990.0
 30
0.0
 11
210300.0
 21
17416.0
 31
0.0
  0
MTEXT
  5
FD8
330
FCD
100
AcDbEntity
  8
AKS
100
AcDbMText
 10
210300.0
 20
8750.0
 30
0.0
 40
120.0
 71
5
  1
1750
 50
90.0
  0
POINT
  5
FD9
330
FCD
100
AcDbEntity
  8
Defpoints
100
AcDbPoint
 10
210300.0
 20
0.0
 30
0.0
  0
POINT
  5
FDA
330
FCD
100
AcDbEntity
  8
Defpoints
100
AcDbPoint
 10
212250.0
 20
0.0
 30
0.0
  0
POINT
  5
FDB
330
FCD
100
AcDbEntity
  8
Defpoints
100
AcDbPoint
 10
212250.0
 20
17500.0
 30
0.0
  0
ENDBLK
  5
FCF
330
FCD
100
AcDbEntity
  8
0
100
AcDbBlockEnd
  0
BLOCK
  5
11E4
330
11E3
100
AcDbEntity
  8
0
100
AcDbBlockBegin
  2
*D73
 70
1
 10
0.0
 20
0.0
 30
0.0
  3
*D73
  1

  0
LINE
  5
11E6
330
11E3
100
AcDbEntity
  8
AKS
100
AcDbLine
 10
240550.0
 20
-150.0
 30
0.0
 11
240550.0
 21
-550.0
 31
0.0
  0
LINE
  5
11E7
330
11E3
100
AcDbEntity
  8
AKS
100
AcDbLine
 10
247500.0
 20
-150.0
 30
0.0
 11
247500.0
 21
-550.0
 31
0.0
  0
INSERT
  5
11E8
330
11E3
100
AcDbEntity
  8
AKS
100
AcDbBlockReference
  2
_CLOSEDFILLED
 10
240550.0
 20
-400.0
 30
0.0
 41
84.0
 42
84.0
 50
180.0
  0
INSERT
  5
11EA
330
11E3
100
AcDbEntity
  8
AKS
100
AcDbBlockReference
  2
_CLOSEDFILLED
 10
247500.0
 20
-400.0
 30
0.0
 41
84.0
 42
84.0
  0
LINE
  5
11EC
330
11E3
100
AcDbEntity
  8
AKS
100
AcDbLine
 10
240634.0
 20
-400.0
 30
0.0
 11
243845.0
 21
-400.0
 31
0.0
  0
LINE
  5
11ED
330
11E3
100
AcDbEntity
  8
AKS
100
AcDbLine
 10
244205.0
 20
-400.0
 30
0.0
 11
247416.0
 21
-400.0
 31
0.0
  0
MTEXT
  5
11EE
330
11E3
100
AcDbEntity
  8
AKS
100
AcDbMText
 10
244025.0
 20
-400.0
 30
0.0
 40
120.0
 71
5
  1
695
  0
POINT
  5
11EF
330
11E3
100
AcDbEntity
  8
Defpoints
100
AcDbPoint
 10
240550.0
 20
-400.0
 30
0.0
  0
POINT
  5
11F0
330
11E3
100
AcDbEntity
  8
Defpoints
100
AcDbPoint
 10
240550.0
 20
0.0
 30
0.0
  0
POINT
  5
11F1
330
11E3
100
AcDbEntity
  8
Defpoints
100
AcDbPoint
 10
247500.0
 20
0.0
 30
0.0
  0
ENDBLK
  5
11E5
330
11E3
100
AcDbEntity
  8
0
100
AcDbBlockEnd
  0
BLOCK
  5
11F4
330
11F3
100
AcDbEntity
  8
0
100
AcDbBlockBegin
  2
*D74
 70
1
 10
0.0
 20
0.0
 30
0.0
  3
*D74
  1

  0
LINE
  5
11F6
330
11F3
100
AcDbEntity
  8
AKS
100
AcDbLine
 10
247500.0
 20
-150.0
 30
0.0
 11
247500.0
 21
-550.0
 31
0.0
  0
LINE
  5
11F7
330
11F3
100
AcDbEntity
  8
AKS
100
AcDbLine
 10
253600.0
 20
-150.0
 30
0.0
 11
253600.0
 21
-550.0
 31
0.0
  0
INSERT
  5
11F8
330
11F3
100
AcDbEntity
  8
AKS
100
AcDbBlockReference
  2
_CLOSEDFILLED
 10
247500.0
 20
-400.0
 30
0.0
 41
84.0
 42
84.0
 50
180.0
  0
INSERT
  5
11FA
330
11F3
100
AcDbEntity
  8
AKS
100
AcDbBlockReference
  2
_CLOSEDFILLED
 10
253600.0
 20
-400.0
 30
0.0
 41
84.0
 42
84.0
  0
LINE
  5
11FC
330
11F3
100
AcDbEntity
  8
AKS
100
AcDbLine
 10
247584.0
 20
-400.0
 30
0.0
 11
250370.0
 21
-400.0
 31
0.0
  0
LINE
  5
11FD
330
11F3
100
AcDbEntity
  8
AKS
100
AcDbLine
 10
250730.0
 20
-400.0
 30
0.0
 11
253516.0
 21
-400.0
 31
0.0
  0
MTEXT
  5
11FE
330
11F3
100
AcDbEntity
  8
AKS
100
AcDbMText
 10
250550.0
 20
-400.0
 30
0.0
 40
120.0
 71
5
  1
610
  0
POINT
  5
11FF
330
11F3
100
AcDbEntity
  8
Defpoints
100
AcDbPoint
 10
247500.0
 20
-400.0
 30
0.0
  0
POINT
  5
1200
330
11F3
100
AcDbEntity
  8
Defpoints
100
AcDbPoint
 10
247500.0
 20
0.0
 30
0.0
  0
POINT
  5
1201
330
11F3
100
AcDbEntity
  8
Defpoints
100
AcDbPoint
 10
253600.0
 20
0.0
 30
0.0
  0
ENDBLK
  5
11F5
330
11F3
100
AcDbEntity
  8
0
100
AcDbBlockEnd
  0
BLOCK
  5
1204
330
1203
100
AcDbEntity
  8
0
100
AcDbBlockBegin
  2
*D75
 70
1
 10
0.0
 20
0.0
 30
0.0
  3
*D75
  1

  0
LINE
  5
1206
330
1203
100
AcDbEntity
  8
AKS
100
AcDbLine
 10
253600.0
 20
-150.0
 30
0.0
 11
253600.0
 21
-550.0
 31
0.0
  0
LINE
  5
1207
330
1203
100
AcDbEntity
  8
AKS
100
AcDbLine
 10
260550.0
 20
-150.0
 30
0.0
 11
260550.0
 21
-550.0
 31
0.0
  0
INSERT
  5
1208
330
1203
100
AcDbEntity
  8
AKS
100
AcDbBlockReference
  2
_CLOSEDFILLED
 10
253600.0
 20
-400.0
 30
0.0
 41
84.0
 42
84.0
 50
180.0
  0
INSERT
  5
120A
330
1203
100
AcDbEntity
  8
AKS
100
AcDbBlockReference
  2
_CLOSEDFILLED
 10
260550.0
 20
-400.0
 30
0.0
 41
84.0
 42
84.0
  0
LINE
  5
120C
330
1203
100
AcDbEntity
  8
AKS
100
AcDbLine
 10
253684.0
 20
-400.0
 30
0.0
 11
256895.0
 21
-400.0
 31
0.0
  0
LINE
  5
120D
330
1203
100
AcDbEntity
  8
AKS
100
AcDbLine
 10
257255.0
 20
-400.0
 30
0.0
 11
260466.0
 21
-400.0
 31
0.0
  0
MTEXT
  5
120E
330
1203
100
AcDbEntity
  8
AKS
100
AcDbMText
 10
257075.0
 20
-400.0
 30
0.0
 40
120.0
 71
5
  1
695
  0
POINT
  5
120F
330
1203
100
AcDbEntity
  8
Defpoints
100
AcDbPoint
 10
253600.0
 20
-400.0
 30
0.0
  0
POINT
  5
1210
330
1203
100
AcDbEntity
  8
Defpoints
100
AcDbPoint
 10
253600.0
 20
0.0
 30
0.0
  0
POINT
  5
1211
330
1203
100
AcDbEntity
  8
Defpoints
100
AcDbPoint
 10
260550.0
 20
0.0
 30
0.0
  0
ENDBLK
  5
1205
330
1203
100
AcDbEntity
  8
0
100
AcDbBlockEnd
  0
BLOCK
  5
1214
330
1213
100
AcDbEntity
  8
0
100
AcDbBlockBegin
  2
*D76
 70
1
 10
0.0
 20
0.0
 30
0.0
  3
*D76
  1

  0
LINE
  5
1216
330
1213
100
AcDbEntity
  8
AKS
100
AcDbLine
 10
240550.0
 20
-150.0
 30
0.0
 11
240550.0
 21
-2100.0
 31
0.0
  0
LINE
  5
1217
330
1213
100
AcDbEntity
  8
AKS
100
AcDbLine
 10
260550.0
 20
-150.0
 30
0.0
 11
260550.0
 21
-2100.0
 31
0.0
  0
INSERT
  5
1218
330
1213
100
AcDbEntity
  8
AKS
100
AcDbBlockReference
  2
_CLOSEDFILLED
 10
240550.0
 20
-1950.0
 30
0.0
 41
84.0
 42
84.0
 50
180.0
  0
INSERT
  5
121A
330
1213
100
AcDbEntity
  8
AKS
100
AcDbBlockReference
  2
_CLOSEDFILLED
 10
260550.0
 20
-1950.0
 30
0.0
 41
84.0
 42
84.0
  0
LINE
  5
121C
330
1213
100
AcDbEntity
  8
AKS
100
AcDbLine
 10
240634.0
 20
-1950.0
 30
0.0
 11
250310.0
 21
-1950.0
 31
0.0
  0
LINE
  5
121D
330
1213
100
AcDbEntity
  8
AKS
100
AcDbLine
 10
250790.0
 20
-1950.0
 30
0.0
 11
260466.0
 21
-1950.0
 31
0.0
  0
MTEXT
  5
121E
330
1213
100
AcDbEntity
  8
AKS
100
AcDbMText
 10
250550.0
 20
-1950.0
 30
0.0
 40
120.0
 71
5
  1
2000
  0
POINT
  5
121F
330
1213
100
AcDbEntity
  8
Defpoints
100
AcDbPoint
 10
240550.0
 20
-1950.0
 30
0.0
  0
POINT
  5
1220
330
1213
100
AcDbEntity
  8
Defpoints
100
AcDbPoint
 10
240550.0
 20
0.0
 30
0.0
  0
POINT
  5
1221
330
1213
100
AcDbEntity
  8
Defpoints
100
AcDbPoint
 10
260550.0
 20
0.0
 30
0.0
  0
ENDBLK
  5
1215
330
1213
100
AcDbEntity
  8
0
100
AcDbBlockEnd
  0
BLOCK
  5
1224
330
1223
100
AcDbEntity
  8
0
100
AcDbBlockBegin
  2
*D77
 70
1
 10
0.0
 20
0.0
 30
0.0
  3
*D77
  1

  0
LINE
  5
1226
330
1223
100
AcDbEntity
  8
AKS
100
AcDbLine
 10
240400.0
 20
0.0
 30
0.0
 11
240000.0
 21
0.0
 31
0.0
  0
LINE
  5
1227
330
1223
100
AcDbEntity
  8
AKS
100
AcDbLine
 10
240400.0
 20
5250.0
 30
0.0
 11
240000.0
 21
5250.0
 31
0.0
  0
INSERT
  5
1228
330
1223
100
AcDbEntity
  8
AKS
100
AcDbBlockReference
  2
_CLOSEDFILLED
 10
240150.0
 20
0.0
 30
0.0
 41
84.0
 42
84.0
 50
270.0
  0
INSERT
  5
122A
330
1223
100
AcDbEntity
  8
AKS
100
AcDbBlockReference
  2
_CLOSEDFILLED
 10
240150.0
 20
5250.0
 30
0.0
 41
84.0
 42
84.0
 50
90.0
  0
LINE
  5
122C
330
1223
100
AcDbEntity
  8
AKS
100
AcDbLine
 10
240150.0
 20
84.0
 30
0.0
 11
240150.0
 21
2445.0
 31
0.0
  0
LINE
  5
122D
330
1223
100
AcDbEntity
  8
AKS
100
AcDbLine
 10
240150.0
 20
2805.0
 30
0.0
 11
240150.0
 21
5166.0
 31
0.0
  0
MTEXT
  5
122E
330
1223
100
AcDbEntity
  8
AKS
100
AcDbMText
 10
240150.0
 20
2625.0
 30
0.0
 40
120.0
 71
5
  1
525
 50
90.0
  0
POINT
  5
122F
330
1223
100
AcDbEntity
  8
Defpoints
100
AcDbPoint
 10
240150.0
 20
0.0
 30
0.0
  0
POINT
  5
1230
330
1223
100
AcDbEntity
  8
Defpoints
100
AcDbPoint
 10
240550.0
 20
0.0
 30
0.0
  0
POINT
  5
1231
330
1223
100
AcDbEntity
  8
Defpoints
100
AcDbPoint
 10
240550.0
 20
5250.0
 30
0.0
  0
ENDBLK
  5
1225
330
1223
100
AcDbEntity
  8
0
100
AcDbBlockEnd
  0
BLOCK
  5
1234
330
1233
100
AcDbEntity
  8
0
100
AcDbBlockBegin
  2
*D78
 70
1
 10
0.0
 20
0.0
 30
0.0
  3
*D78
  1

  0
LINE
  5
1236
330
1233
100
AcDbEntity
  8
AKS
100
AcDbLine
 10
240400.0
 20
5250.0
 30
0.0
 11
240000.0
 21
5250.0
 31
0.0
  0
LINE
  5
1237
330
1233
100
AcDbEntity
  8
AKS
100
AcDbLine
 10
240400.0
 20
9300.0
 30
0.0
 11
240000.0
 21
9300.0
 31
0.0
  0
INSERT
  5
1238
330
1233
100
AcDbEntity
  8
AKS
100
AcDbBlockReference
  2
_CLOSEDFILLED
 10
240150.0
 20
5250.0
 30
0.0
 41
84.0
 42
84.0
 50
270.0
  0
INSERT
  5
123A
330
1233
100
AcDbEntity
  8
AKS
100
AcDbBlockReference
  2
_CLOSEDFILLED
 10
240150.0
 20
9300.0
 30
0.0
 41
84.0
 42
84.0
 50
90.0
  0
LINE
  5
123C
330
1233
100
AcDbEntity
  8
AKS
100
AcDbLine
 10
240150.0
 20
5334.0
 30
0.0
 11
240150.0
 21
7095.0
 31
0.0
  0
LINE
  5
123D
330
1233
100
AcDbEntity
  8
AKS
100
AcDbLine
 10
240150.0
 20
7455.0
 30
0.0
 11
240150.0
 21
9216.0
 31
0.0
  0
MTEXT
  5
123E
330
1233
100
AcDbEntity
  8
AKS
100
AcDbMText
 10
240150.0
 20
7275.0
 30
0.0
 40
120.0
 71
5
  1
405
 50
90.0
  0
POINT
  5
123F
330
1233
100
AcDbEntity
  8
Defpoints
100
AcDbPoint
 10
240150.0
 20
5250.0
 30
0.0
  0
POINT
  5
1240
330
1233
100
AcDbEntity
  8
Defpoints
100
AcDbPoint
 10
240550.0
 20
5250.0
 30
0.0
  0
POINT
  5
1241
330
1233
100
AcDbEntity
  8
Defpoints
100
AcDbPoint
 10
240550.0
 20
9300.0
 30
0.0
  0
ENDBLK
  5
1235
330
1233
100
AcDbEntity
  8
0
100
AcDbBlockEnd
  0
BLOCK
  5
1244
330
1243
100
AcDbEntity
  8
0
100
AcDbBlockBegin
  2
*D79
 70
1
 10
0.0
 20
0.0
 30
0.0
  3
*D79
  1

  0
LINE
  5
1246
330
1243
100
AcDbEntity
  8
AKS
100
AcDbLine
 10
240400.0
 20
9300.0
 30
0.0
 11
240000.0
 21
9300.0
 31
0.0
  0
LINE
  5
1247
330
1243
100
AcDbEntity
  8
AKS
100
AcDbLine
 10
240400.0
 20
12300.0
 30
0.0
 11
240000.0
 21
12300.0
 31
0.0
  0
INSERT
  5
1248
330
1243
100
AcDbEntity
  8
AKS
100
AcDbBlockReference
  2
_CLOSEDFILLED
 10
240150.0
 20
9300.0
 30
0.0
 41
84.0
 42
84.0
 50
270.0
  0
INSERT
  5
124A
330
1243
100
AcDbEntity
  8
AKS
100
AcDbBlockReference
  2
_CLOSEDFILLED
 10
240150.0
 20
12300.0
 30
0.0
 41
84.0
 42
84.0
 50
90.0
  0
LINE
  5
124C
330
1243
100
AcDbEntity
  8
AKS
100
AcDbLine
 10
240150.0
 20
9384.0
 30
0.0
 11
240150.0
 21
10620.0
 31
0.0
  0
LINE
  5
124D
330
1243
100
AcDbEntity
  8
AKS
100
AcDbLine
 10
240150.0
 20
10980.0
 30
0.0
 11
240150.0
 21
12216.0
 31
0.0
  0
MTEXT
  5
124E
330
1243
100
AcDbEntity
  8
AKS
100
AcDbMText
 10
240150.0
 20
10800.0
 30
0.0
 40
120.0
 71
5
  1
300
 50
90.0
  0
POINT
  5
124F
330
1243
100
AcDbEntity
  8
Defpoints
100
AcDbPoint
 10
240150.0
 20
9300.0
 30
0.0
  0
POINT
  5
1250
330
1243
100
AcDbEntity
  8
Defpoints
100
AcDbPoint
 10
240550.0
 20
9300.0
 30
0.0
  0
POINT
  5
1251
330
1243
100
AcDbEntity
  8
Defpoints
100
AcDbPoint
 10
240550.0
 20
12300.0
 30
0.0
  0
ENDBLK
  5
1245
330
1243
100
AcDbEntity
  8
0
100
AcDbBlockEnd
  0
BLOCK
  5
1254
330
1253
100
AcDbEntity
  8
0
100
AcDbBlockBegin
  2
*D80
 70
1
 10
0.0
 20
0.0
 30
0.0
  3
*D80
  1

  0
LINE
  5
1256
330
1253
100
AcDbEntity
  8
AKS
100
AcDbLine
 10
240400.0
 20
12300.0
 30
0.0
 11
240000.0
 21
12300.0
 31
0.0
  0
LINE
  5
1257
330
1253
100
AcDbEntity
  8
AKS
100
AcDbLine
 10
240400.0
 20
17500.0
 30
0.0
 11
240000.0
 21
17500.0
 31
0.0
  0
INSERT
  5
1258
330
1253
100
AcDbEntity
  8
AKS
100
AcDbBlockReference
  2
_CLOSEDFILLED
 10
240150.0
 20
12300.0
 30
0.0
 41
84.0
 42
84.0
 50
270.0
  0
INSERT
  5
125A
330
1253
100
AcDbEntity
  8
AKS
100
AcDbBlockReference
  2
_CLOSEDFILLED
 10
240150.0
 20
17500.0
 30
0.0
 41
84.0
 42
84.0
 50
90.0
  0
LINE
  5
125C
330
1253
100
AcDbEntity
  8
AKS
100
AcDbLine
 10
240150.0
 20
12384.0
 30
0.0
 11
240150.0
 21
14720.0
 31
0.0
  0
LINE
  5
125D
330
1253
100
AcDbEntity
  8
AKS
100
AcDbLine
 10
240150.0
 20
15080.0
 30
0.0
 11
240150.0
 21
17416.0
 31
0.0
  0
MTEXT
  5
125E
330
1253
100
AcDbEntity
  8
AKS
100
AcDbMText
 10
240150.0
 20
14900.0
 30
0.0
 40
120.0
 71
5
  1
520
 50
90.0
  0
POINT
  5
125F
330
1253
100
AcDbEntity
  8
Defpoints
100
AcDbPoint
 10
240150.0
 20
12300.0
 30
0.0
  0
POINT
  5
1260
330
1253
100
AcDbEntity
  8
Defpoints
100
AcDbPoint
 10
240550.0
 20
12300.0
 30
0.0
  0
POINT
  5
1261
330
1253
100
AcDbEntity
  8
Defpoints
100
AcDbPoint
 10
240550.0
 20
17500.0
 30
0.0
  0
ENDBLK
  5
1255
330
1253
100
AcDbEntity
  8
0
100
AcDbBlockEnd
  0
BLOCK
  5
1264
330
1263
100
AcDbEntity
  8
0
100
AcDbBlockBegin
  2
*D81
 70
1
 10
0.0
 20
0.0
 30
0.0
  3
*D81
  1

  0
LINE
  5
1266
330
1263
100
AcDbEntity
  8
AKS
100
AcDbLine
 10
240400.0
 20
0.0
 30
0.0
 11
238450.0
 21
0.0
 31
0.0
  0
LINE
  5
1267
330
1263
100
AcDbEntity
  8
AKS
100
AcDbLine
 10
240400.0
 20
17500.0
 30
0.0
 11
238450.0
 21
17500.0
 31
0.0
  0
INSERT
  5
1268
330
1263
100
AcDbEntity
  8
AKS
100
AcDbBlockReference
  2
_CLOSEDFILLED
 10
238600.0
 20
0.0
 30
0.0
 41
84.0
 42
84.0
 50
270.0
  0
INSERT
  5
126A
330
1263
100
AcDbEntity
  8
AKS
100
AcDbBlockReference
  2
_CLOSEDFILLED
 10
238600.0
 20
17500.0
 30
0.0
 41
84.0
 42
84.0
 50
90.0
  0
LINE
  5
126C
330
1263
100
AcDbEntity
  8
AKS
100
AcDbLine
 10
238600.0
 20
84.0
 30
0.0
 11
238600.0
 21
8510.0
 31
0.0
  0
LINE
  5
126D
330
1263
100
AcDbEntity
  8
AKS
100
AcDbLine
 10
238600.0
 20
8990.0
 30
0.0
 11
238600.0
 21
17416.0
 31
0.0
  0
MTEXT
  5
126E
330
1263
100
AcDbEntity
  8
AKS
100
AcDbMText
 10
238600.0
 20
8750.0
 30
0.0
 40
120.0
 71
5
  1
1750
 50
90.0
  0
POINT
  5
126F
330
1263
100
AcDbEntity
  8
Defpoints
100
AcDbPoint
 10
238600.0
 20
0.0
 30
0.0
  0
POINT
  5
1270
330
1263
100
AcDbEntity
  8
Defpoints
100
AcDbPoint
 10
240550.0
 20
0.0
 30
0.0
  0
POINT
  5
1271
330
1263
100
AcDbEntity
  8
Defpoints
100
AcDbPoint
 10
240550.0
 20
17500.0
 30
0.0
  0
ENDBLK
  5
1265
330
1263
100
AcDbEntity
  8
0
100
AcDbBlockEnd
  0
BLOCK
  5
12E5
330
12E4
100
AcDbEntity
  8
0
100
AcDbBlockBegin
  2
*D82
 70
1
 10
0.0
 20
0.0
 30
0.0
  3
*D82
  1

  0
LINE
  5
12E7
330
12E4
100
AcDbEntity
  8
AKS
100
AcDbLine
 10
268850.0
 20
-6150.0
 30
0.0
 11
268850.0
 21
-6550.0
 31
0.0
  0
LINE
  5
12E8
330
12E4
100
AcDbEntity
  8
AKS
100
AcDbLine
 10
275800.0
 20
-6150.0
 30
0.0
 11
275800.0
 21
-6550.0
 31
0.0
  0
INSERT
  5
12E9
330
12E4
100
AcDbEntity
  8
AKS
100
AcDbBlockReference
  2
_CLOSEDFILLED
 10
268850.0
 20
-6400.0
 30
0.0
 41
84.0
 42
84.0
 50
180.0
  0
INSERT
  5
12EB
330
12E4
100
AcDbEntity
  8
AKS
100
AcDbBlockReference
  2
_CLOSEDFILLED
 10
275800.0
 20
-6400.0
 30
0.0
 41
84.0
 42
84.0
  0
LINE
  5
12ED
330
12E4
100
AcDbEntity
  8
AKS
100
AcDbLine
 10
268934.0
 20
-6400.0
 30
0.0
 11
272145.0
 21
-6400.0
 31
0.0
  0
LINE
  5
12EE
330
12E4
100
AcDbEntity
  8
AKS
100
AcDbLine
 10
272505.0
 20
-6400.0
 30
0.0
 11
275716.0
 21
-6400.0
 31
0.0
  0
MTEXT
  5
12EF
330
12E4
100
AcDbEntity
  8
AKS
100
AcDbMText
 10
272325.0
 20
-6400.0
 30
0.0
 40
120.0
 71
5
  1
695
  0
POINT
  5
12F0
330
12E4
100
AcDbEntity
  8
Defpoints
100
AcDbPoint
 10
268850.0
 20
-6400.0
 30
0.0
  0
POINT
  5
12F1
330
12E4
100
AcDbEntity
  8
Defpoints
100
AcDbPoint
 10
268850.0
 20
-6000.0
 30
0.0
  0
POINT
  5
12F2
330
12E4
100
AcDbEntity
  8
Defpoints
100
AcDbPoint
 10
275800.0
 20
-6000.0
 30
0.0
  0
ENDBLK
  5
12E6
330
12E4
100
AcDbEntity
  8
0
100
AcDbBlockEnd
  0
BLOCK
  5
12F5
330
12F4
100
AcDbEntity
  8
0
100
AcDbBlockBegin
  2
*D83
 70
1
 10
0.0
 20
0.0
 30
0.0
  3
*D83
  1

  0
LINE
  5
12F7
330
12F4
100
AcDbEntity
  8
AKS
100
AcDbLine
 10
275800.0
 20
-6150.0
 30
0.0
 11
275800.0
 21
-6550.0
 31
0.0
  0
LINE
  5
12F8
330
12F4
100
AcDbEntity
  8
AKS
100
AcDbLine
 10
281900.0
 20
-6150.0
 30
0.0
 11
281900.0
 21
-6550.0
 31
0.0
  0
INSERT
  5
12F9
330
12F4
100
AcDbEntity
  8
AKS
100
AcDbBlockReference
  2
_CLOSEDFILLED
 10
275800.0
 20
-6400.0
 30
0.0
 41
84.0
 42
84.0
 50
180.0
  0
INSERT
  5
12FB
330
12F4
100
AcDbEntity
  8
AKS
100
AcDbBlockReference
  2
_CLOSEDFILLED
 10
281900.0
 20
-6400.0
 30
0.0
 41
84.0
 42
84.0
  0
LINE
  5
12FD
330
12F4
100
AcDbEntity
  8
AKS
100
AcDbLine
 10
275884.0
 20
-6400.0
 30
0.0
 11
278670.0
 21
-6400.0
 31
0.0
  0
LINE
  5
12FE
330
12F4
100
AcDbEntity
  8
AKS
100
AcDbLine
 10
279030.0
 20
-6400.0
 30
0.0
 11
281816.0
 21
-6400.0
 31
0.0
  0
MTEXT
  5
12FF
330
12F4
100
AcDbEntity
  8
AKS
100
AcDbMText
 10
278850.0
 20
-6400.0
 30
0.0
 40
120.0
 71
5
  1
610
  0
POINT
  5
1300
330
12F4
100
AcDbEntity
  8
Defpoints
100
AcDbPoint
 10
275800.0
 20
-6400.0
 30
0.0
  0
POINT
  5
1301
330
12F4
100
AcDbEntity
  8
Defpoints
100
AcDbPoint
 10
275800.0
 20
-6000.0
 30
0.0
  0
POINT
  5
1302
330
12F4
100
AcDbEntity
  8
Defpoints
100
AcDbPoint
 10
281900.0
 20
-6000.0
 30
0.0
  0
ENDBLK
  5
12F6
330
12F4
100
AcDbEntity
  8
0
100
AcDbBlockEnd
  0
BLOCK
  5
1305
330
1304
100
AcDbEntity
  8
0
100
AcDbBlockBegin
  2
*D84
 70
1
 10
0.0
 20
0.0
 30
0.0
  3
*D84
  1

  0
LINE
  5
1307
330
1304
100
AcDbEntity
  8
AKS
100
AcDbLine
 10
281900.0
 20
-6150.0
 30
0.0
 11
281900.0
 21
-6550.0
 31
0.0
  0
LINE
  5
1308
330
1304
100
AcDbEntity
  8
AKS
100
AcDbLine
 10
288850.0
 20
-6150.0
 30
0.0
 11
288850.0
 21
-6550.0
 31
0.0
  0
INSERT
  5
1309
330
1304
100
AcDbEntity
  8
AKS
100
AcDbBlockReference
  2
_CLOSEDFILLED
 10
281900.0
 20
-6400.0
 30
0.0
 41
84.0
 42
84.0
 50
180.0
  0
INSERT
  5
130B
330
1304
100
AcDbEntity
  8
AKS
100
AcDbBlockReference
  2
_CLOSEDFILLED
 10
288850.0
 20
-6400.0
 30
0.0
 41
84.0
 42
84.0
  0
LINE
  5
130D
330
1304
100
AcDbEntity
  8
AKS
100
AcDbLine
 10
281984.0
 20
-6400.0
 30
0.0
 11
285195.0
 21
-6400.0
 31
0.0
  0
LINE
  5
130E
330
1304
100
AcDbEntity
  8
AKS
100
AcDbLine
 10
285555.0
 20
-6400.0
 30
0.0
 11
288766.0
 21
-6400.0
 31
0.0
  0
MTEXT
  5
130F
330
1304
100
AcDbEntity
  8
AKS
100
AcDbMText
 10
285375.0
 20
-6400.0
 30
0.0
 40
120.0
 71
5
  1
695
  0
POINT
  5
1310
330
1304
100
AcDbEntity
  8
Defpoints
100
AcDbPoint
 10
281900.0
 20
-6400.0
 30
0.0
  0
POINT
  5
1311
330
1304
100
AcDbEntity
  8
Defpoints
100
AcDbPoint
 10
281900.0
 20
-6000.0
 30
0.0
  0
POINT
  5
1312
330
1304
100
AcDbEntity
  8
Defpoints
100
AcDbPoint
 10
288850.0
 20
-6000.0
 30
0.0
  0
ENDBLK
  5
1306
330
1304
100
AcDbEntity
  8
0
100
AcDbBlockEnd
  0
BLOCK
  5
1315
330
1314
100
AcDbEntity
  8
0
100
AcDbBlockBegin
  2
*D85
 70
1
 10
0.0
 20
0.0
 30
0.0
  3
*D85
  1

  0
LINE
  5
1317
330
1314
100
AcDbEntity
  8
AKS
100
AcDbLine
 10
268850.0
 20
-6150.0
 30
0.0
 11
268850.0
 21
-8100.0
 31
0.0
  0
LINE
  5
1318
330
1314
100
AcDbEntity
  8
AKS
100
AcDbLine
 10
288850.0
 20
-6150.0
 30
0.0
 11
288850.0
 21
-8100.0
 31
0.0
  0
INSERT
  5
1319
330
1314
100
AcDbEntity
  8
AKS
100
AcDbBlockReference
  2
_CLOSEDFILLED
 10
268850.0
 20
-7950.0
 30
0.0
 41
84.0
 42
84.0
 50
180.0
  0
INSERT
  5
131B
330
1314
100
AcDbEntity
  8
AKS
100
AcDbBlockReference
  2
_CLOSEDFILLED
 10
288850.0
 20
-7950.0
 30
0.0
 41
84.0
 42
84.0
  0
LINE
  5
131D
330
1314
100
AcDbEntity
  8
AKS
100
AcDbLine
 10
268934.0
 20
-7950.0
 30
0.0
 11
278610.0
 21
-7950.0
 31
0.0
  0
LINE
  5
131E
330
1314
100
AcDbEntity
  8
AKS
100
AcDbLine
 10
279090.0
 20
-7950.0
 30
0.0
 11
288766.0
 21
-7950.0
 31
0.0
  0
MTEXT
  5
131F
330
1314
100
AcDbEntity
  8
AKS
100
AcDbMText
 10
278850.0
 20
-7950.0
 30
0.0
 40
120.0
 71
5
  1
2000
  0
POINT
  5
1320
330
1314
100
AcDbEntity
  8
Defpoints
100
AcDbPoint
 10
268850.0
 20
-7950.0
 30
0.0
  0
POINT
  5
1321
330
1314
100
AcDbEntity
  8
Defpoints
100
AcDbPoint
 10
268850.0
 20
-6000.0
 30
0.0
  0
POINT
  5
1322
330
1314
100
AcDbEntity
  8
Defpoints
100
AcDbPoint
 10
288850.0
 20
-6000.0
 30
0.0
  0
ENDBLK
  5
1316
330
1314
100
AcDbEntity
  8
0
100
AcDbBlockEnd
  0
BLOCK
  5
1386
330
1385
100
AcDbEntity
  8
0
100
AcDbBlockBegin
  2
*D86
 70
1
 10
0.0
 20
0.0
 30
0.0
  3
*D86
  1

  0
LINE
  5
1388
330
1385
100
AcDbEntity
  8
AKS
100
AcDbLine
 10
297150.0
 20
-6150.0
 30
0.0
 11
297150.0
 21
-6550.0
 31
0.0
  0
LINE
  5
1389
330
1385
100
AcDbEntity
  8
AKS
100
AcDbLine
 10
302400.0
 20
-6150.0
 30
0.0
 11
302400.0
 21
-6550.0
 31
0.0
  0
INSERT
  5
138A
330
1385
100
AcDbEntity
  8
AKS
100
AcDbBlockReference
  2
_CLOSEDFILLED
 10
297150.0
 20
-6400.0
 30
0.0
 41
84.0
 42
84.0
 50
180.0
  0
INSERT
  5
138C
330
1385
100
AcDbEntity
  8
AKS
100
AcDbBlockReference
  2
_CLOSEDFILLED
 10
302400.0
 20
-6400.0
 30
0.0
 41
84.0
 42
84.0
  0
LINE
  5
138E
330
1385
100
AcDbEntity
  8
AKS
100
AcDbLine
 10
297234.0
 20
-6400.0
 30
0.0
 11
299595.0
 21
-6400.0
 31
0.0
  0
LINE
  5
138F
330
1385
100
AcDbEntity
  8
AKS
100
AcDbLine
 10
299955.0
 20
-6400.0
 30
0.0
 11
302316.0
 21
-6400.0
 31
0.0
  0
MTEXT
  5
1390
330
1385
100
AcDbEntity
  8
AKS
100
AcDbMText
 10
299775.0
 20
-6400.0
 30
0.0
 40
120.0
 71
5
  1
525
  0
POINT
  5
1391
330
1385
100
AcDbEntity
  8
Defpoints
100
AcDbPoint
 10
297150.0
 20
-6400.0
 30
0.0
  0
POINT
  5
1392
330
1385
100
AcDbEntity
  8
Defpoints
100
AcDbPoint
 10
297150.0
 20
-6000.0
 30
0.0
  0
POINT
  5
1393
330
1385
100
AcDbEntity
  8
Defpoints
100
AcDbPoint
 10
302400.0
 20
-6000.0
 30
0.0
  0
ENDBLK
  5
1387
330
1385
100
AcDbEntity
  8
0
100
AcDbBlockEnd
  0
BLOCK
  5
1396
330
1395
100
AcDbEntity
  8
0
100
AcDbBlockBegin
  2
*D87
 70
1
 10
0.0
 20
0.0
 30
0.0
  3
*D87
  1

  0
LINE
  5
1398
330
1395
100
AcDbEntity
  8
AKS
100
AcDbLine
 10
302400.0
 20
-6150.0
 30
0.0
 11
302400.0
 21
-6550.0
 31
0.0
  0
LINE
  5
1399
330
1395
100
AcDbEntity
  8
AKS
100
AcDbLine
 10
306450.0
 20
-6150.0
 30
0.0
 11
306450.0
 21
-6550.0
 31
0.0
  0
INSERT
  5
139A
330
1395
100
AcDbEntity
  8
AKS
100
AcDbBlockReference
  2
_CLOSEDFILLED
 10
302400.0
 20
-6400.0
 30
0.0
 41
84.0
 42
84.0
 50
180.0
  0
INSERT
  5
139C
330
1395
100
AcDbEntity
  8
AKS
100
AcDbBlockReference
  2
_CLOSEDFILLED
 10
306450.0
 20
-6400.0
 30
0.0
 41
84.0
 42
84.0
  0
LINE
  5
139E
330
1395
100
AcDbEntity
  8
AKS
100
AcDbLine
 10
302484.0
 20
-6400.0
 30
0.0
 11
304245.0
 21
-6400.0
 31
0.0
  0
LINE
  5
139F
330
1395
100
AcDbEntity
  8
AKS
100
AcDbLine
 10
304605.0
 20
-6400.0
 30
0.0
 11
306366.0
 21
-6400.0
 31
0.0
  0
MTEXT
  5
13A0
330
1395
100
AcDbEntity
  8
AKS
100
AcDbMText
 10
304425.0
 20
-6400.0
 30
0.0
 40
120.0
 71
5
  1
405
  0
POINT
  5
13A1
330
1395
100
AcDbEntity
  8
Defpoints
100
AcDbPoint
 10
302400.0
 20
-6400.0
 30
0.0
  0
POINT
  5
13A2
330
1395
100
AcDbEntity
  8
Defpoints
100
AcDbPoint
 10
302400.0
 20
-6000.0
 30
0.0
  0
POINT
  5
13A3
330
1395
100
AcDbEntity
  8
Defpoints
100
AcDbPoint
 10
306450.0
 20
-6000.0
 30
0.0
  0
ENDBLK
  5
1397
330
1395
100
AcDbEntity
  8
0
100
AcDbBlockEnd
  0
BLOCK
  5
13A6
330
13A5
100
AcDbEntity
  8
0
100
AcDbBlockBegin
  2
*D88
 70
1
 10
0.0
 20
0.0
 30
0.0
  3
*D88
  1

  0
LINE
  5
13A8
330
13A5
100
AcDbEntity
  8
AKS
100
AcDbLine
 10
306450.0
 20
-6150.0
 30
0.0
 11
306450.0
 21
-6550.0
 31
0.0
  0
LINE
  5
13A9
330
13A5
100
AcDbEntity
  8
AKS
100
AcDbLine
 10
309450.0
 20
-6150.0
 30
0.0
 11
309450.0
 21
-6550.0
 31
0.0
  0
INSERT
  5
13AA
330
13A5
100
AcDbEntity
  8
AKS
100
AcDbBlockReference
  2
_CLOSEDFILLED
 10
306450.0
 20
-6400.0
 30
0.0
 41
84.0
 42
84.0
 50
180.0
  0
INSERT
  5
13AC
330
13A5
100
AcDbEntity
  8
AKS
100
AcDbBlockReference
  2
_CLOSEDFILLED
 10
309450.0
 20
-6400.0
 30
0.0
 41
84.0
 42
84.0
  0
LINE
  5
13AE
330
13A5
100
AcDbEntity
  8
AKS
100
AcDbLine
 10
306534.0
 20
-6400.0
 30
0.0
 11
307770.0
 21
-6400.0
 31
0.0
  0
LINE
  5
13AF
330
13A5
100
AcDbEntity
  8
AKS
100
AcDbLine
 10
308130.0
 20
-6400.0
 30
0.0
 11
309366.0
 21
-6400.0
 31
0.0
  0
MTEXT
  5
13B0
330
13A5
100
AcDbEntity
  8
AKS
100
AcDbMText
 10
307950.0
 20
-6400.0
 30
0.0
 40
120.0
 71
5
  1
300
  0
POINT
  5
13B1
330
13A5
100
AcDbEntity
  8
Defpoints
100
AcDbPoint
 10
306450.0
 20
-6400.0
 30
0.0
  0
POINT
  5
13B2
330
13A5
100
AcDbEntity
  8
Defpoints
100
AcDbPoint
 10
306450.0
 20
-6000.0
 30
0.0
  0
POINT
  5
13B3
330
13A5
100
AcDbEntity
  8
Defpoints
100
AcDbPoint
 10
309450.0
 20
-6000.0
 30
0.0
  0
ENDBLK
  5
13A7
330
13A5
100
AcDbEntity
  8
0
100
AcDbBlockEnd
  0
BLOCK
  5
13B6
330
13B5
100
AcDbEntity
  8
0
100
AcDbBlockBegin
  2
*D89
 70
1
 10
0.0
 20
0.0
 30
0.0
  3
*D89
  1

  0
LINE
  5
13B8
330
13B5
100
AcDbEntity
  8
AKS
100
AcDbLine
 10
309450.0
 20
-6150.0
 30
0.0
 11
309450.0
 21
-6550.0
 31
0.0
  0
LINE
  5
13B9
330
13B5
100
AcDbEntity
  8
AKS
100
AcDbLine
 10
314650.0
 20
-6150.0
 30
0.0
 11
314650.0
 21
-6550.0
 31
0.0
  0
INSERT
  5
13BA
330
13B5
100
AcDbEntity
  8
AKS
100
AcDbBlockReference
  2
_CLOSEDFILLED
 10
309450.0
 20
-6400.0
 30
0.0
 41
84.0
 42
84.0
 50
180.0
  0
INSERT
  5
13BC
330
13B5
100
AcDbEntity
  8
AKS
100
AcDbBlockReference
  2
_CLOSEDFILLED
 10
314650.0
 20
-6400.0
 30
0.0
 41
84.0
 42
84.0
  0
LINE
  5
13BE
330
13B5
100
AcDbEntity
  8
AKS
100
AcDbLine
 10
309534.0
 20
-6400.0
 30
0.0
 11
311870.0
 21
-6400.0
 31
0.0
  0
LINE
  5
13BF
330
13B5
100
AcDbEntity
  8
AKS
100
AcDbLine
 10
312230.0
 20
-6400.0
 30
0.0
 11
314566.0
 21
-6400.0
 31
0.0
  0
MTEXT
  5
13C0
330
13B5
100
AcDbEntity
  8
AKS
100
AcDbMText
 10
312050.0
 20
-6400.0
 30
0.0
 40
120.0
 71
5
  1
520
  0
POINT
  5
13C1
330
13B5
100
AcDbEntity
  8
Defpoints
100
AcDbPoint
 10
309450.0
 20
-6400.0
 30
0.0
  0
POINT
  5
13C2
330
13B5
100
AcDbEntity
  8
Defpoints
100
AcDbPoint
 10
309450.0
 20
-6000.0
 30
0.0
  0
POINT
  5
13C3
330
13B5
100
AcDbEntity
  8
Defpoints
100
AcDbPoint
 10
314650.0
 20
-6000.0
 30
0.0
  0
ENDBLK
  5
13B7
330
13B5
100
AcDbEntity
  8
0
100
AcDbBlockEnd
  0
BLOCK
  5
13C6
330
13C5
100
AcDbEntity
  8
0
100
AcDbBlockBegin
  2
*D90
 70
1
 10
0.0
 20
0.0
 30
0.0
  3
*D90
  1

  0
LINE
  5
13C8
330
13C5
100
AcDbEntity
  8
AKS
100
AcDbLine
 10
297150.0
 20
-6150.0
 30
0.0
 11
297150.0
 21
-8100.0
 31
0.0
  0
LINE
  5
13C9
330
13C5
100
AcDbEntity
  8
AKS
100
AcDbLine
 10
314650.0
 20
-6150.0
 30
0.0
 11
314650.0
 21
-8100.0
 31
0.0
  0
INSERT
  5
13CA
330
13C5
100
AcDbEntity
  8
AKS
100
AcDbBlockReference
  2
_CLOSEDFILLED
 10
297150.0
 20
-7950.0
 30
0.0
 41
84.0
 42
84.0
 50
180.0
  0
INSERT
  5
13CC
330
13C5
100
AcDbEntity
  8
AKS
100
AcDbBlockReference
  2
_CLOSEDFILLED
 10
314650.0
 20
-7950.0
 30
0.0
 41
84.0
 42
84.0
  0
LINE
  5
13CE
330
13C5
100
AcDbEntity
  8
AKS
100
AcDbLine
 10
297234.0
 20
-7950.0
 30
0.0
 11
305660.0
 21
-7950.0
 31
0.0
  0
LINE
  5
13CF
330
13C5
100
AcDbEntity
  8
AKS
100
AcDbLine
 10
306140.0
 20
-7950.0
 30
0.0
 11
314566.0
 21
-7950.0
 31
0.0
  0
MTEXT
  5
13D0
330
13C5
100
AcDbEntity
  8
AKS
100
AcDbMText
 10
305900.0
 20
-7950.0
 30
0.0
 40
120.0
 71
5
  1
1750
  0
POINT
  5
13D1
330
13C5
100
AcDbEntity
  8
Defpoints
100
AcDbPoint
 10
297150.0
 20
-7950.0
 30
0.0
  0
POINT
  5
13D2
330
13C5
100
AcDbEntity
  8
Defpoints
100
AcDbPoint
 10
297150.0
 20
-6000.0
 30
0.0
  0
POINT
  5
13D3
330
13C5
100
AcDbEntity
  8
Defpoints
100
AcDbPoint
 10
314650.0
 20
-6000.0
 30
0.0
  0
ENDBLK
  5
13C7
330
13C5
100
AcDbEntity
  8
0
100
AcDbBlockEnd
  0
BLOCK
  5
141F
330
141E
100
AcDbEntity
  8
0
100
AcDbBlockBegin
  2
*D91
 70
1
 10
0.0
 20
0.0
 30
0.0
  3
*D91
  1

  0
LINE
  5
1421
330
141E
100
AcDbEntity
  8
AKS
100
AcDbLine
 10
322950.0
 20
-6150.0
 30
0.0
 11
322950.0
 21
-6550.0
 31
0.0
  0
LINE
  5
1422
330
141E
100
AcDbEntity
  8
AKS
100
AcDbLine
 10
329900.0
 20
-6150.0
 30
0.0
 11
329900.0
 21
-6550.0
 31
0.0
  0
INSERT
  5
1423
330
141E
100
AcDbEntity
  8
AKS
100
AcDbBlockReference
  2
_CLOSEDFILLED
 10
322950.0
 20
-6400.0
 30
0.0
 41
84.0
 42
84.0
 50
180.0
  0
INSERT
  5
1425
330
141E
100
AcDbEntity
  8
AKS
100
AcDbBlockReference
  2
_CLOSEDFILLED
 10
329900.0
 20
-6400.0
 30
0.0
 41
84.0
 42
84.0
  0
LINE
  5
1427
330
141E
100
AcDbEntity
  8
AKS
100
AcDbLine
 10
323034.0
 20
-6400.0
 30
0.0
 11
326245.0
 21
-6400.0
 31
0.0
  0
LINE
  5
1428
330
141E
100
AcDbEntity
  8
AKS
100
AcDbLine
 10
326605.0
 20
-6400.0
 30
0.0
 11
329816.0
 21
-6400.0
 31
0.0
  0
MTEXT
  5
1429
330
141E
100
AcDbEntity
  8
AKS
100
AcDbMText
 10
326425.0
 20
-6400.0
 30
0.0
 40
120.0
 71
5
  1
695
  0
POINT
  5
142A
330
141E
100
AcDbEntity
  8
Defpoints
100
AcDbPoint
 10
322950.0
 20
-6400.0
 30
0.0
  0
POINT
  5
142B
330
141E
100
AcDbEntity
  8
Defpoints
100
AcDbPoint
 10
322950.0
 20
-6000.0
 30
0.0
  0
POINT
  5
142C
330
141E
100
AcDbEntity
  8
Defpoints
100
AcDbPoint
 10
329900.0
 20
-6000.0
 30
0.0
  0
ENDBLK
  5
1420
330
141E
100
AcDbEntity
  8
0
100
AcDbBlockEnd
  0
BLOCK
  5
142F
330
142E
100
AcDbEntity
  8
0
100
AcDbBlockBegin
  2
*D92
 70
1
 10
0.0
 20
0.0
 30
0.0
  3
*D92
  1

  0
LINE
  5
1431
330
142E
100
AcDbEntity
  8
AKS
100
AcDbLine
 10
329900.0
 20
-6150.0
 30
0.0
 11
329900.0
 21
-6550.0
 31
0.0
  0
LINE
  5
1432
330
142E
100
AcDbEntity
  8
AKS
100
AcDbLine
 10
336000.0
 20
-6150.0
 30
0.0
 11
336000.0
 21
-6550.0
 31
0.0
  0
INSERT
  5
1433
330
142E
100
AcDbEntity
  8
AKS
100
AcDbBlockReference
  2
_CLOSEDFILLED
 10
329900.0
 20
-6400.0
 30
0.0
 41
84.0
 42
84.0
 50
180.0
  0
INSERT
  5
1435
330
142E
100
AcDbEntity
  8
AKS
100
AcDbBlockReference
  2
_CLOSEDFILLED
 10
336000.0
 20
-6400.0
 30
0.0
 41
84.0
 42
84.0
  0
LINE
  5
1437
330
142E
100
AcDbEntity
  8
AKS
100
AcDbLine
 10
329984.0
 20
-6400.0
 30
0.0
 11
332770.0
 21
-6400.0
 31
0.0
  0
LINE
  5
1438
330
142E
100
AcDbEntity
  8
AKS
100
AcDbLine
 10
333130.0
 20
-6400.0
 30
0.0
 11
335916.0
 21
-6400.0
 31
0.0
  0
MTEXT
  5
1439
330
142E
100
AcDbEntity
  8
AKS
100
AcDbMText
 10
332950.0
 20
-6400.0
 30
0.0
 40
120.0
 71
5
  1
610
  0
POINT
  5
143A
330
142E
100
AcDbEntity
  8
Defpoints
100
AcDbPoint
 10
329900.0
 20
-6400.0
 30
0.0
  0
POINT
  5
143B
330
142E
100
AcDbEntity
  8
Defpoints
100
AcDbPoint
 10
329900.0
 20
-6000.0
 30
0.0
  0
POINT
  5
143C
330
142E
100
AcDbEntity
  8
Defpoints
100
AcDbPoint
 10
336000.0
 20
-6000.0
 30
0.0
  0
ENDBLK
  5
1430
330
142E
100
AcDbEntity
  8
0
100
AcDbBlockEnd
  0
BLOCK
  5
143F
330
143E
100
AcDbEntity
  8
0
100
AcDbBlockBegin
  2
*D93
 70
1
 10
0.0
 20
0.0
 30
0.0
  3
*D93
  1

  0
LINE
  5
1441
330
143E
100
AcDbEntity
  8
AKS
100
AcDbLine
 10
336000.0
 20
-6150.0
 30
0.0
 11
336000.0
 21
-6550.0
 31
0.0
  0
LINE
  5
1442
330
143E
100
AcDbEntity
  8
AKS
100
AcDbLine
 10
342950.0
 20
-6150.0
 30
0.0
 11
342950.0
 21
-6550.0
 31
0.0
  0
INSERT
  5
1443
330
143E
100
AcDbEntity
  8
AKS
100
AcDbBlockReference
  2
_CLOSEDFILLED
 10
336000.0
 20
-6400.0
 30
0.0
 41
84.0
 42
84.0
 50
180.0
  0
INSERT
  5
1445
330
143E
100
AcDbEntity
  8
AKS
100
AcDbBlockReference
  2
_CLOSEDFILLED
 10
342950.0
 20
-6400.0
 30
0.0
 41
84.0
 42
84.0
  0
LINE
  5
1447
330
143E
100
AcDbEntity
  8
AKS
100
AcDbLine
 10
336084.0
 20
-6400.0
 30
0.0
 11
339295.0
 21
-6400.0
 31
0.0
  0
LINE
  5
1448
330
143E
100
AcDbEntity
  8
AKS
100
AcDbLine
 10
339655.0
 20
-6400.0
 30
0.0
 11
342866.0
 21
-6400.0
 31
0.0
  0
MTEXT
  5
1449
330
143E
100
AcDbEntity
  8
AKS
100
AcDbMText
 10
339475.0
 20
-6400.0
 30
0.0
 40
120.0
 71
5
  1
695
  0
POINT
  5
144A
330
143E
100
AcDbEntity
  8
Defpoints
100
AcDbPoint
 10
336000.0
 20
-6400.0
 30
0.0
  0
POINT
  5
144B
330
143E
100
AcDbEntity
  8
Defpoints
100
AcDbPoint
 10
336000.0
 20
-6000.0
 30
0.0
  0
POINT
  5
144C
330
143E
100
AcDbEntity
  8
Defpoints
100
AcDbPoint
 10
342950.0
 20
-6000.0
 30
0.0
  0
ENDBLK
  5
1440
330
143E
100
AcDbEntity
  8
0
100
AcDbBlockEnd
  0
BLOCK
  5
144F
330
144E
100
AcDbEntity
  8
0
100
AcDbBlockBegin
  2
*D94
 70
1
 10
0.0
 20
0.0
 30
0.0
  3
*D94
  1

  0
LINE
  5
1451
330
144E
100
AcDbEntity
  8
AKS
100
AcDbLine
 10
322950.0
 20
-6150.0
 30
0.0
 11
322950.0
 21
-8100.0
 31
0.0
  0
LINE
  5
1452
330
144E
100
AcDbEntity
  8
AKS
100
AcDbLine
 10
342950.0
 20
-6150.0
 30
0.0
 11
342950.0
 21
-8100.0
 31
0.0
  0
INSERT
  5
1453
330
144E
100
AcDbEntity
  8
AKS
100
AcDbBlockReference
  2
_CLOSEDFILLED
 10
322950.0
 20
-7950.0
 30
0.0
 41
84.0
 42
84.0
 50
180.0
  0
INSERT
  5
1455
330
144E
100
AcDbEntity
  8
AKS
100
AcDbBlockReference
  2
_CLOSEDFILLED
 10
342950.0
 20
-7950.0
 30
0.0
 41
84.0
 42
84.0
  0
LINE
  5
1457
330
144E
100
AcDbEntity
  8
AKS
100
AcDbLine
 10
323034.0
 20
-7950.0
 30
0.0
 11
332710.0
 21
-7950.0
 31
0.0
  0
LINE
  5
1458
330
144E
100
AcDbEntity
  8
AKS
100
AcDbLine
 10
333190.0
 20
-7950.0
 30
0.0
 11
342866.0
 21
-7950.0
 31
0.0
  0
MTEXT
  5
1459
330
144E
100
AcDbEntity
  8
AKS
100
AcDbMText
 10
332950.0
 20
-7950.0
 30
0.0
 40
120.0
 71
5
  1
2000
  0
POINT
  5
145A
330
144E
100
AcDbEntity
  8
Defpoints
100
AcDbPoint
 10
322950.0
 20
-7950.0
 30
0.0
  0
POINT
  5
145B
330
144E
100
AcDbEntity
  8
Defpoints
100
AcDbPoint
 10
322950.0
 20
-6000.0
 30
0.0
  0
POINT
  5
145C
330
144E
100
AcDbEntity
  8
Defpoints
100
AcDbPoint
 10
342950.0
 20
-6000.0
 30
0.0
  0
ENDBLK
  5
1450
330
144E
100
AcDbEntity
  8
0
100
AcDbBlockEnd
  0
BLOCK
  5
14D5
330
14D4
100
AcDbEntity
  8
0
100
AcDbBlockBegin
  2
*D95
 70
1
 10
0.0
 20
0.0
 30
0.0
  3
*D95
  1

  0
LINE
  5
14D7
330
14D4
100
AcDbEntity
  8
AKS
100
AcDbLine
 10
351250.0
 20
-6150.0
 30
0.0
 11
351250.0
 21
-6550.0
 31
0.0
  0
LINE
  5
14D8
330
14D4
100
AcDbEntity
  8
AKS
100
AcDbLine
 10
356500.0
 20
-6150.0
 30
0.0
 11
356500.0
 21
-6550.0
 31
0.0
  0
INSERT
  5
14D9
330
14D4
100
AcDbEntity
  8
AKS
100
AcDbBlockReference
  2
_CLOSEDFILLED
 10
351250.0
 20
-6400.0
 30
0.0
 41
84.0
 42
84.0
 50
180.0
  0
INSERT
  5
14DB
330
14D4
100
AcDbEntity
  8
AKS
100
AcDbBlockReference
  2
_CLOSEDFILLED
 10
356500.0
 20
-6400.0
 30
0.0
 41
84.0
 42
84.0
  0
LINE
  5
14DD
330
14D4
100
AcDbEntity
  8
AKS
100
AcDbLine
 10
351334.0
 20
-6400.0
 30
0.0
 11
353695.0
 21
-6400.0
 31
0.0
  0
LINE
  5
14DE
330
14D4
100
AcDbEntity
  8
AKS
100
AcDbLine
 10
354055.0
 20
-6400.0
 30
0.0
 11
356416.0
 21
-6400.0
 31
0.0
  0
MTEXT
  5
14DF
330
14D4
100
AcDbEntity
  8
AKS
100
AcDbMText
 10
353875.0
 20
-6400.0
 30
0.0
 40
120.0
 71
5
  1
525
  0
POINT
  5
14E0
330
14D4
100
AcDbEntity
  8
Defpoints
100
AcDbPoint
 10
351250.0
 20
-6400.0
 30
0.0
  0
POINT
  5
14E1
330
14D4
100
AcDbEntity
  8
Defpoints
100
AcDbPoint
 10
351250.0
 20
-6000.0
 30
0.0
  0
POINT
  5
14E2
330
14D4
100
AcDbEntity
  8
Defpoints
100
AcDbPoint
 10
356500.0
 20
-6000.0
 30
0.0
  0
ENDBLK
  5
14D6
330
14D4
100
AcDbEntity
  8
0
100
AcDbBlockEnd
  0
BLOCK
  5
14E5
330
14E4
100
AcDbEntity
  8
0
100
AcDbBlockBegin
  2
*D96
 70
1
 10
0.0
 20
0.0
 30
0.0
  3
*D96
  1

  0
LINE
  5
14E7
330
14E4
100
AcDbEntity
  8
AKS
100
AcDbLine
 10
356500.0
 20
-6150.0
 30
0.0
 11
356500.0
 21
-6550.0
 31
0.0
  0
LINE
  5
14E8
330
14E4
100
AcDbEntity
  8
AKS
100
AcDbLine
 10
360550.0
 20
-6150.0
 30
0.0
 11
360550.0
 21
-6550.0
 31
0.0
  0
INSERT
  5
14E9
330
14E4
100
AcDbEntity
  8
AKS
100
AcDbBlockReference
  2
_CLOSEDFILLED
 10
356500.0
 20
-6400.0
 30
0.0
 41
84.0
 42
84.0
 50
180.0
  0
INSERT
  5
14EB
330
14E4
100
AcDbEntity
  8
AKS
100
AcDbBlockReference
  2
_CLOSEDFILLED
 10
360550.0
 20
-6400.0
 30
0.0
 41
84.0
 42
84.0
  0
LINE
  5
14ED
330
14E4
100
AcDbEntity
  8
AKS
100
AcDbLine
 10
356584.0
 20
-6400.0
 30
0.0
 11
358345.0
 21
-6400.0
 31
0.0
  0
LINE
  5
14EE
330
14E4
100
AcDbEntity
  8
AKS
100
AcDbLine
 10
358705.0
 20
-6400.0
 30
0.0
 11
360466.0
 21
-6400.0
 31
0.0
  0
MTEXT
  5
14EF
330
14E4
100
AcDbEntity
  8
AKS
100
AcDbMText
 10
358525.0
 20
-6400.0
 30
0.0
 40
120.0
 71
5
  1
405
  0
POINT
  5
14F0
330
14E4
100
AcDbEntity
  8
Defpoints
100
AcDbPoint
 10
356500.0
 20
-6400.0
 30
0.0
  0
POINT
  5
14F1
330
14E4
100
AcDbEntity
  8
Defpoints
100
AcDbPoint
 10
356500.0
 20
-6000.0
 30
0.0
  0
POINT
  5
14F2
330
14E4
100
AcDbEntity
  8
Defpoints
100
AcDbPoint
 10
360550.0
 20
-6000.0
 30
0.0
  0
ENDBLK
  5
14E6
330
14E4
100
AcDbEntity
  8
0
100
AcDbBlockEnd
  0
BLOCK
  5
14F5
330
14F4
100
AcDbEntity
  8
0
100
AcDbBlockBegin
  2
*D97
 70
1
 10
0.0
 20
0.0
 30
0.0
  3
*D97
  1

  0
LINE
  5
14F7
330
14F4
100
AcDbEntity
  8
AKS
100
AcDbLine
 10
360550.0
 20
-6150.0
 30
0.0
 11
360550.0
 21
-6550.0
 31
0.0
  0
LINE
  5
14F8
330
14F4
100
AcDbEntity
  8
AKS
100
AcDbLine
 10
363550.0
 20
-6150.0
 30
0.0
 11
363550.0
 21
-6550.0
 31
0.0
  0
INSERT
  5
14F9
330
14F4
100
AcDbEntity
  8
AKS
100
AcDbBlockReference
  2
_CLOSEDFILLED
 10
360550.0
 20
-6400.0
 30
0.0
 41
84.0
 42
84.0
 50
180.0
  0
INSERT
  5
14FB
330
14F4
100
AcDbEntity
  8
AKS
100
AcDbBlockReference
  2
_CLOSEDFILLED
 10
363550.0
 20
-6400.0
 30
0.0
 41
84.0
 42
84.0
  0
LINE
  5
14FD
330
14F4
100
AcDbEntity
  8
AKS
100
AcDbLine
 10
360634.0
 20
-6400.0
 30
0.0
 11
361870.0
 21
-6400.0
 31
0.0
  0
LINE
  5
14FE
330
14F4
100
AcDbEntity
  8
AKS
100
AcDbLine
 10
362230.0
 20
-6400.0
 30
0.0
 11
363466.0
 21
-6400.0
 31
0.0
  0
MTEXT
  5
14FF
330
14F4
100
AcDbEntity
  8
AKS
100
AcDbMText
 10
362050.0
 20
-6400.0
 30
0.0
 40
120.0
 71
5
  1
300
  0
POINT
  5
1500
330
14F4
100
AcDbEntity
  8
Defpoints
100
AcDbPoint
 10
360550.0
 20
-6400.0
 30
0.0
  0
POINT
  5
1501
330
14F4
100
AcDbEntity
  8
Defpoints
100
AcDbPoint
 10
360550.0
 20
-6000.0
 30
0.0
  0
POINT
  5
1502
330
14F4
100
AcDbEntity
  8
Defpoints
100
AcDbPoint
 10
363550.0
 20
-6000.0
 30
0.0
  0
ENDBLK
  5
14F6
330
14F4
100
AcDbEntity
  8
0
100
AcDbBlockEnd
  0
BLOCK
  5
1505
330
1504
100
AcDbEntity
  8
0
100
AcDbBlockBegin
  2
*D98
 70
1
 10
0.0
 20
0.0
 30
0.0
  3
*D98
  1

  0
LINE
  5
1507
330
1504
100
AcDbEntity
  8
AKS
100
AcDbLine
 10
363550.0
 20
-6150.0
 30
0.0
 11
363550.0
 21
-6550.0
 31
0.0
  0
LINE
  5
1508
330
1504
100
AcDbEntity
  8
AKS
100
AcDbLine
 10
368750.0
 20
-6150.0
 30
0.0
 11
368750.0
 21
-6550.0
 31
0.0
  0
INSERT
  5
1509
330
1504
100
AcDbEntity
  8
AKS
100
AcDbBlockReference
  2
_CLOSEDFILLED
 10
363550.0
 20
-6400.0
 30
0.0
 41
84.0
 42
84.0
 50
180.0
  0
INSERT
  5
150B
330
1504
100
AcDbEntity
  8
AKS
100
AcDbBlockReference
  2
_CLOSEDFILLED
 10
368750.0
 20
-6400.0
 30
0.0
 41
84.0
 42
84.0
  0
LINE
  5
150D
330
1504
100
AcDbEntity
  8
AKS
100
AcDbLine
 10
363634.0
 20
-6400.0
 30
0.0
 11
365970.0
 21
-6400.0
 31
0.0
  0
LINE
  5
150E
330
1504
100
AcDbEntity
  8
AKS
100
AcDbLine
 10
366330.0
 20
-6400.0
 30
0.0
 11
368666.0
 21
-6400.0
 31
0.0
  0
MTEXT
  5
150F
330
1504
100
AcDbEntity
  8
AKS
100
AcDbMText
 10
366150.0
 20
-6400.0
 30
0.0
 40
120.0
 71
5
  1
520
  0
POINT
  5
1510
330
1504
100
AcDbEntity
  8
Defpoints
100
AcDbPoint
 10
363550.0
 20
-6400.0
 30
0.0
  0
POINT
  5
1511
330
1504
100
AcDbEntity
  8
Defpoints
100
AcDbPoint
 10
363550.0
 20
-6000.0
 30
0.0
  0
POINT
  5
1512
330
1504
100
AcDbEntity
  8
Defpoints
100
AcDbPoint
 10
368750.0
 20
-6000.0
 30
0.0
  0
ENDBLK
  5
1506
330
1504
100
AcDbEntity
  8
0
100
AcDbBlockEnd
  0
BLOCK
  5
1515
330
1514
100
AcDbEntity
  8
0
100
AcDbBlockBegin
  2
*D99
 70
1
 10
0.0
 20
0.0
 30
0.0
  3
*D99
  1

  0
LINE
  5
1517
330
1514
100
AcDbEntity
  8
AKS
100
AcDbLine
 10
351250.0
 20
-6150.0
 30
0.0
 11
351250.0
 21
-8100.0
 31
0.0
  0
LINE
  5
1518
330
1514
100
AcDbEntity
  8
AKS
100
AcDbLine
 10
368750.0
 20
-6150.0
 30
0.0
 11
368750.0
 21
-8100.0
 31
0.0
  0
INSERT
  5
1519
330
1514
100
AcDbEntity
  8
AKS
100
AcDbBlockReference
  2
_CLOSEDFILLED
 10
351250.0
 20
-7950.0
 30
0.0
 41
84.0
 42
84.0
 50
180.0
  0
INSERT
  5
151B
330
1514
100
AcDbEntity
  8
AKS
100
AcDbBlockReference
  2
_CLOSEDFILLED
 10
368750.0
 20
-7950.0
 30
0.0
 41
84.0
 42
84.0
  0
LINE
  5
151D
330
1514
100
AcDbEntity
  8
AKS
100
AcDbLine
 10
351334.0
 20
-7950.0
 30
0.0
 11
359760.0
 21
-7950.0
 31
0.0
  0
LINE
  5
151E
330
1514
100
AcDbEntity
  8
AKS
100
AcDbLine
 10
360240.0
 20
-7950.0
 30
0.0
 11
368666.0
 21
-7950.0
 31
0.0
  0
MTEXT
  5
151F
330
1514
100
AcDbEntity
  8
AKS
100
AcDbMText
 10
360000.0
 20
-7950.0
 30
0.0
 40
120.0
 71
5
  1
1750
  0
POINT
  5
1520
330
1514
100
AcDbEntity
  8
Defpoints
100
AcDbPoint
 10
351250.0
 20
-7950.0
 30
0.0
  0
POINT
  5
1521
330
1514
100
AcDbEntity
  8
Defpoints
100
AcDbPoint
 10
351250.0
 20
-6000.0
 30
0.0
  0
POINT
  5
1522
330
1514
100
AcDbEntity
  8
Defpoints
100
AcDbPoint
 10
368750.0
 20
-6000.0
 30
0.0
  0
ENDBLK
  5
1516
330
1514
100
AcDbEntity
  8
0
100
AcDbBlockEnd
  0
ENDSEC
  0
SECTION
  2
ENTITIES
  0
LINE
  5
3A
330
17
100
AcDbEntity
  8
CERCEVE
100
AcDbLine
 10
-500.0
 20
4700.0
 30
0.0
 11
10000.0
 21
4700.0
 31
0.0
  0
LINE
  5
3B
330
17
100
AcDbEntity
  8
CERCEVE
100
AcDbLine
 10
0.0
 20
4200.0
 30
0.0
 11
9500.0
 21
4200.0
 31
0.0
  0
TEXT
  5
3C
330
17
100
AcDbEntity
  8
METIN
100
AcDbText
 10
4750.0
 20
2700.0
 30
0.0
 40
350.0
  1
Cok Katli Konut + Ticaret Binasi
 72
1
 11
4750.0
 21
2700.0
 31
0.0
100
AcDbText
 73
2
  0
LINE
  5
3D
330
17
100
AcDbEntity
  8
CERCEVE
100
AcDbLine
 10
0.0
 20
2050.0
 30
0.0
 11
9500.0
 21
2050.0
 31
0.0
  0
TEXT
  5
3E
330
17
100
AcDbEntity
  8
METIN
100
AcDbText
 10
200.0
 20
1050.0
 30
0.0
 40
175.0
  1
PROJE TIPI :
 11
200.0
 21
1050.0
 31
0.0
100
AcDbText
 73
2
  0
TEXT
  5
3F
330
17
100
AcDbEntity
  8
METIN
100
AcDbText
 10
2750.0
 20
1050.0
 30
0.0
 40
175.0
  1
MIMARI_UYGULAMA
 11
2750.0
 21
1050.0
 31
0.0
100
AcDbText
 73
2
  0
TEXT
  5
40
330
17
100
AcDbEntity
  8
METIN
100
AcDbText
 10
200.0
 20
300.0
 30
0.0
 40
175.0
  1
OLCEK :
 11
200.0
 21
300.0
 31
0.0
100
AcDbText
 73
2
  0
TEXT
  5
41
330
17
100
AcDbEntity
  8
METIN
100
AcDbText
 10
2750.0
 20
300.0
 30
0.0
 40
175.0
  1
1:50
 11
2750.0
 21
300.0
 31
0.0
100
AcDbText
 73
2
  0
TEXT
  5
42
330
17
100
AcDbEntity
  8
METIN
100
AcDbText
 10
200.0
 20
-450.0
 30
0.0
 40
175.0
  1
MIMAR :
 11
200.0
 21
-450.0
 31
0.0
100
AcDbText
 73
2
  0
LINE
  5
43
330
17
100
AcDbEntity
  8
CERCEVE
100
AcDbLine
 10
2750.0
 20
-550.0
 30
0.0
 11
9300.0
 21
-550.0
 31
0.0
  0
TEXT
  5
44
330
17
100
AcDbEntity
  8
METIN
100
AcDbText
 10
200.0
 20
-1200.0
 30
0.0
 40
175.0
  1
TARIH :
 11
200.0
 21
-1200.0
 31
0.0
100
AcDbText
 73
2
  0
LINE
  5
45
330
17
100
AcDbEntity
  8
CERCEVE
100
AcDbLine
 10
2750.0
 20
-1300.0
 30
0.0
 11
9300.0
 21
-1300.0
 31
0.0
  0
TEXT
  5
46
330
17
100
AcDbEntity
  8
METIN
100
AcDbText
 10
200.0
 20
-9150.0
 30
0.0
 40
110.00000000000001
  1
URETIM: 2026-10-05 13:58
 11
200.0
 21
-9150.0
 31
0.0
100
AcDbText
 73
2
  0
TEXT
  5
47
330
17
100
AcDbEntity
  8
METIN
100
AcDbText
 10
9300.0
 20
-9150.0
 30
0.0
 40
110.00000000000001
  1
SISTEM: 1.2.0
 72
2
 11
9300.0
 21
-9150.0
 31
0.0
100
AcDbText
 73
2
  0
TEXT
  5
48
330
17
100
AcDbEntity
  8
METIN
100
AcDbText
 10
200.0
 20
-2400.0
 30
0.0
 40
175.0
  1
IMZA ALANLARI
 11
200.0
 21
-2400.0
 31
0.0
100
AcDbText
 73
2
  0
LWPOLYLINE
  5
49
330
17
100
AcDbEntity
  8
CERCEVE
100
AcDbPolyline
 90
4
 70
1
 10
0.0
 20
-5650.0
 10
4500.0
 20
-5650.0
 10
4500.0
 20
-3150.0
 10
0.0
 20
-3150.0
  0
TEXT
  5
4A
330
17
100
AcDbEntity
  8
METIN
100
AcDbText
 10
200.0
 20
-5400.0
 30
0.0
 40
125.0
  1
MIMAR
 11
200.0
 21
-5400.0
 31
0.0
100
AcDbText
 73
2
  0
LWPOLYLINE
  5
4B
330
17
100
AcDbEntity
  8
CERCEVE
100
AcDbPolyline
 90
4
 70
1
 10
5000.0
 20
-5650.0
 10
9500.0
 20
-5650.0
 10
9500.0
 20
-3150.0
 10
5000.0
 20
-3150.0
  0
TEXT
  5
4C
330
17
100
AcDbEntity
  8
METIN
100
AcDbText
 10
5200.0
 20
-5400.0
 30
0.0
 40
125.0
  1
BELEDIYE
 11
5200.0
 21
-5400.0
 31
0.0
100
AcDbText
 73
2
  0
LWPOLYLINE
  5
4D
330
17
100
AcDbEntity
  8
CERCEVE
100
AcDbPolyline
 90
4
 70
1
 10
0.0
 20
-8650.0
 10
4500.0
 20
-8650.0
 10
4500.0
 20
-6150.0
 10
0.0
 20
-6150.0
  0
TEXT
  5
4E
330
17
100
AcDbEntity
  8
METIN
100
AcDbText
 10
200.0
 20
-8400.0
 30
0.0
 40
125.0
  1
YETKILI 1
 11
200.0
 21
-8400.0
 31
0.0
100
AcDbText
 73
2
  0
LWPOLYLINE
  5
4F
330
17
100
AcDbEntity
  8
CERCEVE
100
AcDbPolyline
 90
4
 70
1
 10
5000.0
 20
-8650.0
 10
9500.0
 20
-8650.0
 10
9500.0
 20
-6150.0
 10
5000.0
 20
-6150.0
  0
TEXT
  5
50
330
17
100
AcDbEntity
  8
METIN
100
AcDbText
 10
5200.0
 20
-8400.0
 30
0.0
 40
125.0
  1
YETKILI 2
 11
5200.0
 21
-8400.0
 31
0.0
100
AcDbText
 73
2
  0
TEXT
  5
51
330
17
100
AcDbEntity
  8
METIN
100
AcDbText
 10
4750.0
 20
23725.0
 30
0.0
 40
200.0
  1
KAPI / PENCERE CETVELI
 72
1
 11
4750.0
 21
23725.0
 31
0.0
100
AcDbText
 73
2
  0
TEXT
  5
52
330
17
100
AcDbEntity
  8
METIN
100
AcDbText
 10
855.0
 20
23325.0
 30
0.0
 40
140.0
  1
MARKA
 72
1
 11
855.0
 21
23325.0
 31
0.0
100
AcDbText
 73
2
  0
TEXT
  5
53
330
17
100
AcDbEntity
  8
METIN
100
AcDbText
 10
2755.0
 20
23325.0
 30
0.0
 40
140.0
  1
TIP
 72
1
 11
2755.0
 21
23325.0
 31
0.0
100
AcDbText
 73
2
  0
TEXT
  5
54
330
17
100
AcDbEntity
  8
METIN
100
AcDbText
 10
5130.0
 20
23325.0
 30
0.0
 40
140.0
  1
VARYANT
 72
1
 11
5130.0
 21
23325.0
 31
0.0
100
AcDbText
 73
2
  0
TEXT
  5
55
330
17
100
AcDbEntity
  8
METIN
100
AcDbText
 10
7410.0
 20
23325.0
 30
0.0
 40
140.0
  1
GENISLIK (cm)
 72
1
 11
7410.0
 21
23325.0
 31
0.0
100
AcDbText
 73
2
  0
TEXT
  5
56
330
17
100
AcDbEntity
  8
METIN
100
AcDbText
 10
8930.0
 20
23325.0
 30
0.0
 40
140.0
  1
ADET
 72
1
 11
8930.0
 21
23325.0
 31
0.0
100
AcDbText
 73
2
  0
TEXT
  5
57
330
17
100
AcDbEntity
  8
METIN
100
AcDbText
 10
855.0
 20
22975.0
 30
0.0
 40
130.0
  1
K060
 72
1
 11
855.0
 21
22975.0
 31
0.0
100
AcDbText
 73
2
  0
TEXT
  5
58
330
17
100
AcDbEntity
  8
METIN
100
AcDbText
 10
2755.0
 20
22975.0
 30
0.0
 40
130.0
  1
KAPI
 72
1
 11
2755.0
 21
22975.0
 31
0.0
100
AcDbText
 73
2
  0
TEXT
  5
59
330
17
100
AcDbEntity
  8
METIN
100
AcDbText
 10
5130.0
 20
22975.0
 30
0.0
 40
130.0
  1
TEK KANAT
 72
1
 11
5130.0
 21
22975.0
 31
0.0
100
AcDbText
 73
2
  0
TEXT
  5
5A
330
17
100
AcDbEntity
  8
METIN
100
AcDbText
 10
7410.0
 20
22975.0
 30
0.0
 40
130.0
  1
60
 72
1
 11
7410.0
 21
22975.0
 31
0.0
100
AcDbText
 73
2
  0
TEXT
  5
5B
330
17
100
AcDbEntity
  8
METIN
100
AcDbText
 10
8930.0
 20
22975.0
 30
0.0
 40
130.0
  1
5
 72
1
 11
8930.0
 21
22975.0
 31
0.0
100
AcDbText
 73
2
  0
TEXT
  5
5C
330
17
100
AcDbEntity
  8
METIN
100
AcDbText
 10
855.0
 20
22625.0
 30
0.0
 40
130.0
  1
K070
 72
1
 11
855.0
 21
22625.0
 31
0.0
100
AcDbText
 73
2
  0
TEXT
  5
5D
330
17
100
AcDbEntity
  8
METIN
100
AcDbText
 10
2755.0
 20
22625.0
 30
0.0
 40
130.0
  1
KAPI
 72
1
 11
2755.0
 21
22625.0
 31
0.0
100
AcDbText
 73
2
  0
TEXT
  5
5E
330
17
100
AcDbEntity
  8
METIN
100
AcDbText
 10
5130.0
 20
22625.0
 30
0.0
 40
130.0
  1
TEK KANAT
 72
1
 11
5130.0
 21
22625.0
 31
0.0
100
AcDbText
 73
2
  0
TEXT
  5
5F
330
17
100
AcDbEntity
  8
METIN
100
AcDbText
 10
7410.0
 20
22625.0
 30
0.0
 40
130.0
  1
70
 72
1
 11
7410.0
 21
22625.0
 31
0.0
100
AcDbText
 73
2
  0
TEXT
  5
60
330
17
100
AcDbEntity
  8
METIN
100
AcDbText
 10
8930.0
 20
22625.0
 30
0.0
 40
130.0
  1
30
 72
1
 11
8930.0
 21
22625.0
 31
0.0
100
AcDbText
 73
2
  0
TEXT
  5
61
330
17
100
AcDbEntity
  8
METIN
100
AcDbText
 10
855.0
 20
22275.0
 30
0.0
 40
130.0
  1
K080
 72
1
 11
855.0
 21
22275.0
 31
0.0
100
AcDbText
 73
2
  0
TEXT
  5
62
330
17
100
AcDbEntity
  8
METIN
100
AcDbText
 10
2755.0
 20
22275.0
 30
0.0
 40
130.0
  1
KAPI
 72
1
 11
2755.0
 21
22275.0
 31
0.0
100
AcDbText
 73
2
  0
TEXT
  5
63
330
17
100
AcDbEntity
  8
METIN
100
AcDbText
 10
5130.0
 20
22275.0
 30
0.0
 40
130.0
  1
TEK KANAT
 72
1
 11
5130.0
 21
22275.0
 31
0.0
100
AcDbText
 73
2
  0
TEXT
  5
64
330
17
100
AcDbEntity
  8
METIN
100
AcDbText
 10
7410.0
 20
22275.0
 30
0.0
 40
130.0
  1
80
 72
1
 11
7410.0
 21
22275.0
 31
0.0
100
AcDbText
 73
2
  0
TEXT
  5
65
330
17
100
AcDbEntity
  8
METIN
100
AcDbText
 10
8930.0
 20
22275.0
 30
0.0
 40
130.0
  1
50
 72
1
 11
8930.0
 21
22275.0
 31
0.0
100
AcDbText
 73
2
  0
TEXT
  5
66
330
17
100
AcDbEntity
  8
METIN
100
AcDbText
 10
855.0
 20
21925.0
 30
0.0
 40
130.0
  1
K090
 72
1
 11
855.0
 21
21925.0
 31
0.0
100
AcDbText
 73
2
  0
TEXT
  5
67
330
17
100
AcDbEntity
  8
METIN
100
AcDbText
 10
2755.0
 20
21925.0
 30
0.0
 40
130.0
  1
KAPI
 72
1
 11
2755.0
 21
21925.0
 31
0.0
100
AcDbText
 73
2
  0
TEXT
  5
68
330
17
100
AcDbEntity
  8
METIN
100
AcDbText
 10
5130.0
 20
21925.0
 30
0.0
 40
130.0
  1
TEK KANAT
 72
1
 11
5130.0
 21
21925.0
 31
0.0
100
AcDbText
 73
2
  0
TEXT
  5
69
330
17
100
AcDbEntity
  8
METIN
100
AcDbText
 10
7410.0
 20
21925.0
 30
0.0
 40
130.0
  1
90
 72
1
 11
7410.0
 21
21925.0
 31
0.0
100
AcDbText
 73
2
  0
TEXT
  5
6A
330
17
100
AcDbEntity
  8
METIN
100
AcDbText
 10
8930.0
 20
21925.0
 30
0.0
 40
130.0
  1
15
 72
1
 11
8930.0
 21
21925.0
 31
0.0
100
AcDbText
 73
2
  0
TEXT
  5
6B
330
17
100
AcDbEntity
  8
METIN
100
AcDbText
 10
855.0
 20
21575.0
 30
0.0
 40
130.0
  1
K100
 72
1
 11
855.0
 21
21575.0
 31
0.0
100
AcDbText
 73
2
  0
TEXT
  5
6C
330
17
100
AcDbEntity
  8
METIN
100
AcDbText
 10
2755.0
 20
21575.0
 30
0.0
 40
130.0
  1
KAPI
 72
1
 11
2755.0
 21
21575.0
 31
0.0
100
AcDbText
 73
2
  0
TEXT
  5
6D
330
17
100
AcDbEntity
  8
METIN
100
AcDbText
 10
5130.0
 20
21575.0
 30
0.0
 40
130.0
  1
TEK KANAT
 72
1
 11
5130.0
 21
21575.0
 31
0.0
100
AcDbText
 73
2
  0
TEXT
  5
6E
330
17
100
AcDbEntity
  8
METIN
100
AcDbText
 10
7410.0
 20
21575.0
 30
0.0
 40
130.0
  1
100
 72
1
 11
7410.0
 21
21575.0
 31
0.0
100
AcDbText
 73
2
  0
TEXT
  5
6F
330
17
100
AcDbEntity
  8
METIN
100
AcDbText
 10
8930.0
 20
21575.0
 30
0.0
 40
130.0
  1
9
 72
1
 11
8930.0
 21
21575.0
 31
0.0
100
AcDbText
 73
2
  0
TEXT
  5
70
330
17
100
AcDbEntity
  8
METIN
100
AcDbText
 10
855.0
 20
21225.0
 30
0.0
 40
130.0
  1
K150
 72
1
 11
855.0
 21
21225.0
 31
0.0
100
AcDbText
 73
2
  0
TEXT
  5
71
330
17
100
AcDbEntity
  8
METIN
100
AcDbText
 10
2755.0
 20
21225.0
 30
0.0
 40
130.0
  1
KAPI
 72
1
 11
2755.0
 21
21225.0
 31
0.0
100
AcDbText
 73
2
  0
TEXT
  5
72
330
17
100
AcDbEntity
  8
METIN
100
AcDbText
 10
5130.0
 20
21225.0
 30
0.0
 40
130.0
  1
TEK KANAT
 72
1
 11
5130.0
 21
21225.0
 31
0.0
100
AcDbText
 73
2
  0
TEXT
  5
73
330
17
100
AcDbEntity
  8
METIN
100
AcDbText
 10
7410.0
 20
21225.0
 30
0.0
 40
130.0
  1
150
 72
1
 11
7410.0
 21
21225.0
 31
0.0
100
AcDbText
 73
2
  0
TEXT
  5
74
330
17
100
AcDbEntity
  8
METIN
100
AcDbText
 10
8930.0
 20
21225.0
 30
0.0
 40
130.0
  1
4
 72
1
 11
8930.0
 21
21225.0
 31
0.0
100
AcDbText
 73
2
  0
TEXT
  5
75
330
17
100
AcDbEntity
  8
METIN
100
AcDbText
 10
855.0
 20
20875.0
 30
0.0
 40
130.0
  1
K180
 72
1
 11
855.0
 21
20875.0
 31
0.0
100
AcDbText
 73
2
  0
TEXT
  5
76
330
17
100
AcDbEntity
  8
METIN
100
AcDbText
 10
2755.0
 20
20875.0
 30
0.0
 40
130.0
  1
KAPI
 72
1
 11
2755.0
 21
20875.0
 31
0.0
100
AcDbText
 73
2
  0
TEXT
  5
77
330
17
100
AcDbEntity
  8
METIN
100
AcDbText
 10
5130.0
 20
20875.0
 30
0.0
 40
130.0
  1
TEK KANAT
 72
1
 11
5130.0
 21
20875.0
 31
0.0
100
AcDbText
 73
2
  0
TEXT
  5
78
330
17
100
AcDbEntity
  8
METIN
100
AcDbText
 10
7410.0
 20
20875.0
 30
0.0
 40
130.0
  1
180
 72
1
 11
7410.0
 21
20875.0
 31
0.0
100
AcDbText
 73
2
  0
TEXT
  5
79
330
17
100
AcDbEntity
  8
METIN
100
AcDbText
 10
8930.0
 20
20875.0
 30
0.0
 40
130.0
  1
1
 72
1
 11
8930.0
 21
20875.0
 31
0.0
100
AcDbText
 73
2
  0
TEXT
  5
7A
330
17
100
AcDbEntity
  8
METIN
100
AcDbText
 10
855.0
 20
20525.0
 30
0.0
 40
130.0
  1
A160-S
 72
1
 11
855.0
 21
20525.0
 31
0.0
100
AcDbText
 73
2
  0
TEXT
  5
7B
330
17
100
AcDbEntity
  8
METIN
100
AcDbText
 10
2755.0
 20
20525.0
 30
0.0
 40
130.0
  1
ASANSOR KAPISI
 72
1
 11
2755.0
 21
20525.0
 31
0.0
100
AcDbText
 73
2
  0
TEXT
  5
7C
330
17
100
AcDbEntity
  8
METIN
100
AcDbText
 10
5130.0
 20
20525.0
 30
0.0
 40
130.0
  1
SURME
 72
1
 11
5130.0
 21
20525.0
 31
0.0
100
AcDbText
 73
2
  0
TEXT
  5
7D
330
17
100
AcDbEntity
  8
METIN
100
AcDbText
 10
7410.0
 20
20525.0
 30
0.0
 40
130.0
  1
160
 72
1
 11
7410.0
 21
20525.0
 31
0.0
100
AcDbText
 73
2
  0
TEXT
  5
7E
330
17
100
AcDbEntity
  8
METIN
100
AcDbText
 10
8930.0
 20
20525.0
 30
0.0
 40
130.0
  1
8
 72
1
 11
8930.0
 21
20525.0
 31
0.0
100
AcDbText
 73
2
  0
TEXT
  5
7F
330
17
100
AcDbEntity
  8
METIN
100
AcDbText
 10
855.0
 20
20175.0
 30
0.0
 40
130.0
  1
G400
 72
1
 11
855.0
 21
20175.0
 31
0.0
100
AcDbText
 73
2
  0
TEXT
  5
80
330
17
100
AcDbEntity
  8
METIN
100
AcDbText
 10
2755.0
 20
20175.0
 30
0.0
 40
130.0
  1
DUVAR ACIKLIGI
 72
1
 11
2755.0
 21
20175.0
 31
0.0
100
AcDbText
 73
2
  0
TEXT
  5
81
330
17
100
AcDbEntity
  8
METIN
100
AcDbText
 10
5130.0
 20
20175.0
 30
0.0
 40
130.0
  1
-
 72
1
 11
5130.0
 21
20175.0
 31
0.0
100
AcDbText
 73
2
  0
TEXT
  5
82
330
17
100
AcDbEntity
  8
METIN
100
AcDbText
 10
7410.0
 20
20175.0
 30
0.0
 40
130.0
  1
400
 72
1
 11
7410.0
 21
20175.0
 31
0.0
100
AcDbText
 73
2
  0
TEXT
  5
83
330
17
100
AcDbEntity
  8
METIN
100
AcDbText
 10
8930.0
 20
20175.0
 30
0.0
 40
130.0
  1
9
 72
1
 11
8930.0
 21
20175.0
 31
0.0
100
AcDbText
 73
2
  0
TEXT
  5
84
330
17
100
AcDbEntity
  8
METIN
100
AcDbText
 10
855.0
 20
19825.0
 30
0.0
 40
130.0
  1
P120
 72
1
 11
855.0
 21
19825.0
 31
0.0
100
AcDbText
 73
2
  0
TEXT
  5
85
330
17
100
AcDbEntity
  8
METIN
100
AcDbText
 10
2755.0
 20
19825.0
 30
0.0
 40
130.0
  1
PENCERE
 72
1
 11
2755.0
 21
19825.0
 31
0.0
100
AcDbText
 73
2
  0
TEXT
  5
86
330
17
100
AcDbEntity
  8
METIN
100
AcDbText
 10
5130.0
 20
19825.0
 30
0.0
 40
130.0
  1
-
 72
1
 11
5130.0
 21
19825.0
 31
0.0
100
AcDbText
 73
2
  0
TEXT
  5
87
330
17
100
AcDbEntity
  8
METIN
100
AcDbText
 10
7410.0
 20
19825.0
 30
0.0
 40
130.0
  1
120
 72
1
 11
7410.0
 21
19825.0
 31
0.0
100
AcDbText
 73
2
  0
TEXT
  5
88
330
17
100
AcDbEntity
  8
METIN
100
AcDbText
 10
8930.0
 20
19825.0
 30
0.0
 40
130.0
  1
15
 72
1
 11
8930.0
 21
19825.0
 31
0.0
100
AcDbText
 73
2
  0
TEXT
  5
89
330
17
100
AcDbEntity
  8
METIN
100
AcDbText
 10
855.0
 20
19475.0
 30
0.0
 40
130.0
  1
P140
 72
1
 11
855.0
 21
19475.0
 31
0.0
100
AcDbText
 73
2
  0
TEXT
  5
8A
330
17
100
AcDbEntity
  8
METIN
100
AcDbText
 10
2755.0
 20
19475.0
 30
0.0
 40
130.0
  1
PENCERE
 72
1
 11
2755.0
 21
19475.0
 31
0.0
100
AcDbText
 73
2
  0
TEXT
  5
8B
330
17
100
AcDbEntity
  8
METIN
100
AcDbText
 10
5130.0
 20
19475.0
 30
0.0
 40
130.0
  1
-
 72
1
 11
5130.0
 21
19475.0
 31
0.0
100
AcDbText
 73
2
  0
TEXT
  5
8C
330
17
100
AcDbEntity
  8
METIN
100
AcDbText
 10
7410.0
 20
19475.0
 30
0.0
 40
130.0
  1
140
 72
1
 11
7410.0
 21
19475.0
 31
0.0
100
AcDbText
 73
2
  0
TEXT
  5
8D
330
17
100
AcDbEntity
  8
METIN
100
AcDbText
 10
8930.0
 20
19475.0
 30
0.0
 40
130.0
  1
20
 72
1
 11
8930.0
 21
19475.0
 31
0.0
100
AcDbText
 73
2
  0
TEXT
  5
8E
330
17
100
AcDbEntity
  8
METIN
100
AcDbText
 10
855.0
 20
19125.0
 30
0.0
 40
130.0
  1
P180
 72
1
 11
855.0
 21
19125.0
 31
0.0
100
AcDbText
 73
2
  0
TEXT
  5
8F
330
17
100
AcDbEntity
  8
METIN
100
AcDbText
 10
2755.0
 20
19125.0
 30
0.0
 40
130.0
  1
PENCERE
 72
1
 11
2755.0
 21
19125.0
 31
0.0
100
AcDbText
 73
2
  0
TEXT
  5
90
330
17
100
AcDbEntity
  8
METIN
100
AcDbText
 10
5130.0
 20
19125.0
 30
0.0
 40
130.0
  1
-
 72
1
 11
5130.0
 21
19125.0
 31
0.0
100
AcDbText
 73
2
  0
TEXT
  5
91
330
17
100
AcDbEntity
  8
METIN
100
AcDbText
 10
7410.0
 20
19125.0
 30
0.0
 40
130.0
  1
180
 72
1
 11
7410.0
 21
19125.0
 31
0.0
100
AcDbText
 73
2
  0
TEXT
  5
92
330
17
100
AcDbEntity
  8
METIN
100
AcDbText
 10
8930.0
 20
19125.0
 30
0.0
 40
130.0
  1
35
 72
1
 11
8930.0
 21
19125.0
 31
0.0
100
AcDbText
 73
2
  0
TEXT
  5
93
330
17
100
AcDbEntity
  8
METIN
100
AcDbText
 10
855.0
 20
18775.0
 30
0.0
 40
130.0
  1
P200
 72
1
 11
855.0
 21
18775.0
 31
0.0
100
AcDbText
 73
2
  0
TEXT
  5
94
330
17
100
AcDbEntity
  8
METIN
100
AcDbText
 10
2755.0
 20
18775.0
 30
0.0
 40
130.0
  1
PENCERE
 72
1
 11
2755.0
 21
18775.0
 31
0.0
100
AcDbText
 73
2
  0
TEXT
  5
95
330
17
100
AcDbEntity
  8
METIN
100
AcDbText
 10
5130.0
 20
18775.0
 30
0.0
 40
130.0
  1
-
 72
1
 11
5130.0
 21
18775.0
 31
0.0
100
AcDbText
 73
2
  0
TEXT
  5
96
330
17
100
AcDbEntity
  8
METIN
100
AcDbText
 10
7410.0
 20
18775.0
 30
0.0
 40
130.0
  1
200
 72
1
 11
7410.0
 21
18775.0
 31
0.0
100
AcDbText
 73
2
  0
TEXT
  5
97
330
17
100
AcDbEntity
  8
METIN
100
AcDbText
 10
8930.0
 20
18775.0
 30
0.0
 40
130.0
  1
6
 72
1
 11
8930.0
 21
18775.0
 31
0.0
100
AcDbText
 73
2
  0
LINE
  5
98
330
17
100
AcDbEntity
  8
CERCEVE
100
AcDbLine
 10
0.0
 20
23950.0
 30
0.0
 11
9500.0
 21
23950.0
 31
0.0
  0
LINE
  5
99
330
17
100
AcDbEntity
  8
CERCEVE
100
AcDbLine
 10
0.0
 20
23500.0
 30
0.0
 11
9500.0
 21
23500.0
 31
0.0
  0
LINE
  5
9A
330
17
100
AcDbEntity
  8
CERCEVE
100
AcDbLine
 10
0.0
 20
23150.0
 30
0.0
 11
9500.0
 21
23150.0
 31
0.0
  0
LINE
  5
9B
330
17
100
AcDbEntity
  8
CERCEVE
100
AcDbLine
 10
0.0
 20
22800.0
 30
0.0
 11
9500.0
 21
22800.0
 31
0.0
  0
LINE
  5
9C
330
17
100
AcDbEntity
  8
CERCEVE
100
AcDbLine
 10
0.0
 20
22450.0
 30
0.0
 11
9500.0
 21
22450.0
 31
0.0
  0
LINE
  5
9D
330
17
100
AcDbEntity
  8
CERCEVE
100
AcDbLine
 10
0.0
 20
22100.0
 30
0.0
 11
9500.0
 21
22100.0
 31
0.0
  0
LINE
  5
9E
330
17
100
AcDbEntity
  8
CERCEVE
100
AcDbLine
 10
0.0
 20
21750.0
 30
0.0
 11
9500.0
 21
21750.0
 31
0.0
  0
LINE
  5
9F
330
17
100
AcDbEntity
  8
CERCEVE
100
AcDbLine
 10
0.0
 20
21400.0
 30
0.0
 11
9500.0
 21
21400.0
 31
0.0
  0
LINE
  5
A0
330
17
100
AcDbEntity
  8
CERCEVE
100
AcDbLine
 10
0.0
 20
21050.0
 30
0.0
 11
9500.0
 21
21050.0
 31
0.0
  0
LINE
  5
A1
330
17
100
AcDbEntity
  8
CERCEVE
100
AcDbLine
 10
0.0
 20
20700.0
 30
0.0
 11
9500.0
 21
20700.0
 31
0.0
  0
LINE
  5
A2
330
17
100
AcDbEntity
  8
CERCEVE
100
AcDbLine
 10
0.0
 20
20350.0
 30
0.0
 11
9500.0
 21
20350.0
 31
0.0
  0
LINE
  5
A3
330
17
100
AcDbEntity
  8
CERCEVE
100
AcDbLine
 10
0.0
 20
20000.0
 30
0.0
 11
9500.0
 21
20000.0
 31
0.0
  0
LINE
  5
A4
330
17
100
AcDbEntity
  8
CERCEVE
100
AcDbLine
 10
0.0
 20
19650.0
 30
0.0
 11
9500.0
 21
19650.0
 31
0.0
  0
LINE
  5
A5
330
17
100
AcDbEntity
  8
CERCEVE
100
AcDbLine
 10
0.0
 20
19300.0
 30
0.0
 11
9500.0
 21
19300.0
 31
0.0
  0
LINE
  5
A6
330
17
100
AcDbEntity
  8
CERCEVE
100
AcDbLine
 10
0.0
 20
18950.0
 30
0.0
 11
9500.0
 21
18950.0
 31
0.0
  0
LINE
  5
A7
330
17
100
AcDbEntity
  8
CERCEVE
100
AcDbLine
 10
0.0
 20
18600.0
 30
0.0
 11
9500.0
 21
18600.0
 31
0.0
  0
LINE
  5
A8
330
17
100
AcDbEntity
  8
CERCEVE
100
AcDbLine
 10
0.0
 20
23950.0
 30
0.0
 11
0.0
 21
18600.0
 31
0.0
  0
LINE
  5
A9
330
17
100
AcDbEntity
  8
CERCEVE
100
AcDbLine
 10
9500.0
 20
23950.0
 30
0.0
 11
9500.0
 21
18600.0
 31
0.0
  0
LINE
  5
AA
330
17
100
AcDbEntity
  8
CERCEVE
100
AcDbLine
 10
1710.0
 20
23500.0
 30
0.0
 11
1710.0
 21
18600.0
 31
0.0
  0
LINE
  5
AB
330
17
100
AcDbEntity
  8
CERCEVE
100
AcDbLine
 10
3800.0
 20
23500.0
 30
0.0
 11
3800.0
 21
18600.0
 31
0.0
  0
LINE
  5
AC
330
17
100
AcDbEntity
  8
CERCEVE
100
AcDbLine
 10
6460.0
 20
23500.0
 30
0.0
 11
6460.0
 21
18600.0
 31
0.0
  0
LINE
  5
AD
330
17
100
AcDbEntity
  8
CERCEVE
100
AcDbLine
 10
8360.0
 20
23500.0
 30
0.0
 11
8360.0
 21
18600.0
 31
0.0
  0
LWPOLYLINE
  5
AE
330
17
100
AcDbEntity
  8
CERCEVE
100
AcDbPolyline
 90
4
 70
1
 10
-500.0
 20
-10150.0
 10
10000.0
 20
-10150.0
 10
10000.0
 20
24950.0
 10
-500.0
 20
24950.0
  0
LWPOLYLINE
  5
AF
330
17
100
AcDbEntity
  8
CERCEVE
100
AcDbPolyline
 90
4
 70
1
 10
0.0
 20
-9650.0
 10
9500.0
 20
-9650.0
 10
9500.0
 20
24450.0
 10
0.0
 20
24450.0
  0
LINE
  5
B0
330
17
100
AcDbEntity
  8
AKS
  6
DASHED
100
AcDbLine
 10
14150.0
 20
-750.0
 30
0.0
 11
14150.0
 21
18250.0
 31
0.0
  0
CIRCLE
  5
B1
330
17
100
AcDbEntity
  8
AKS
100
AcDbCircle
 10
14150.0
 20
-1200.0
 30
0.0
 40
450.0
  0
TEXT
  5
B2
330
17
100
AcDbEntity
  8
AKS
100
AcDbText
 10
14150.0
 20
-1200.0
 30
0.0
 40
350.0
  1
1
 72
1
 11
14150.0
 21
-1200.0
 31
0.0
100
AcDbText
 73
2
  0
CIRCLE
  5
B3
330
17
100
AcDbEntity
  8
AKS
100
AcDbCircle
 10
14150.0
 20
18700.0
 30
0.0
 40
450.0
  0
TEXT
  5
B4
330
17
100
AcDbEntity
  8
AKS
100
AcDbText
 10
14150.0
 20
18700.0
 30
0.0
 40
350.0
  1
1
 72
1
 11
14150.0
 21
18700.0
 31
0.0
100
AcDbText
 73
2
  0
LINE
  5
B5
330
17
100
AcDbEntity
  8
AKS
  6
DASHED
100
AcDbLine
 10
21100.0
 20
-750.0
 30
0.0
 11
21100.0
 21
18250.0
 31
0.0
  0
CIRCLE
  5
B6
330
17
100
AcDbEntity
  8
AKS
100
AcDbCircle
 10
21100.0
 20
-1200.0
 30
0.0
 40
450.0
  0
TEXT
  5
B7
330
17
100
AcDbEntity
  8
AKS
100
AcDbText
 10
21100.0
 20
-1200.0
 30
0.0
 40
350.0
  1
2
 72
1
 11
21100.0
 21
-1200.0
 31
0.0
100
AcDbText
 73
2
  0
CIRCLE
  5
B8
330
17
100
AcDbEntity
  8
AKS
100
AcDbCircle
 10
21100.0
 20
18700.0
 30
0.0
 40
450.0
  0
TEXT
  5
B9
330
17
100
AcDbEntity
  8
AKS
100
AcDbText
 10
21100.0
 20
18700.0
 30
0.0
 40
350.0
  1
2
 72
1
 11
21100.0
 21
18700.0
 31
0.0
100
AcDbText
 73
2
  0
LINE
  5
BA
330
17
100
AcDbEntity
  8
AKS
  6
DASHED
100
AcDbLine
 10
27200.0
 20
-750.0
 30
0.0
 11
27200.0
 21
18250.0
 31
0.0
  0
CIRCLE
  5
BB
330
17
100
AcDbEntity
  8
AKS
100
AcDbCircle
 10
27200.0
 20
-1200.0
 30
0.0
 40
450.0
  0
TEXT
  5
BC
330
17
100
AcDbEntity
  8
AKS
100
AcDbText
 10
27200.0
 20
-1200.0
 30
0.0
 40
350.0
  1
3
 72
1
 11
27200.0
 21
-1200.0
 31
0.0
100
AcDbText
 73
2
  0
CIRCLE
  5
BD
330
17
100
AcDbEntity
  8
AKS
100
AcDbCircle
 10
27200.0
 20
18700.0
 30
0.0
 40
450.0
  0
TEXT
  5
BE
330
17
100
AcDbEntity
  8
AKS
100
AcDbText
 10
27200.0
 20
18700.0
 30
0.0
 40
350.0
  1
3
 72
1
 11
27200.0
 21
18700.0
 31
0.0
100
AcDbText
 73
2
  0
LINE
  5
BF
330
17
100
AcDbEntity
  8
AKS
  6
DASHED
100
AcDbLine
 10
34150.0
 20
-750.0
 30
0.0
 11
34150.0
 21
18250.0
 31
0.0
  0
CIRCLE
  5
C0
330
17
100
AcDbEntity
  8
AKS
100
AcDbCircle
 10
34150.0
 20
-1200.0
 30
0.0
 40
450.0
  0
TEXT
  5
C1
330
17
100
AcDbEntity
  8
AKS
100
AcDbText
 10
34150.0
 20
-1200.0
 30
0.0
 40
350.0
  1
4
 72
1
 11
34150.0
 21
-1200.0
 31
0.0
100
AcDbText
 73
2
  0
CIRCLE
  5
C2
330
17
100
AcDbEntity
  8
AKS
100
AcDbCircle
 10
34150.0
 20
18700.0
 30
0.0
 40
450.0
  0
TEXT
  5
C3
330
17
100
AcDbEntity
  8
AKS
100
AcDbText
 10
34150.0
 20
18700.0
 30
0.0
 40
350.0
  1
4
 72
1
 11
34150.0
 21
18700.0
 31
0.0
100
AcDbText
 73
2
  0
LINE
  5
C4
330
17
100
AcDbEntity
  8
AKS
  6
DASHED
100
AcDbLine
 10
13400.0
 20
0.0
 30
0.0
 11
34900.0
 21
0.0
 31
0.0
  0
CIRCLE
  5
C5
330
17
100
AcDbEntity
  8
AKS
100
AcDbCircle
 10
12950.0
 20
0.0
 30
0.0
 40
450.0
  0
TEXT
  5
C6
330
17
100
AcDbEntity
  8
AKS
100
AcDbText
 10
12950.0
 20
0.0
 30
0.0
 40
350.0
  1
A
 72
1
 11
12950.0
 21
0.0
 31
0.0
100
AcDbText
 73
2
  0
CIRCLE
  5
C7
330
17
100
AcDbEntity
  8
AKS
100
AcDbCircle
 10
35350.0
 20
0.0
 30
0.0
 40
450.0
  0
TEXT
  5
C8
330
17
100
AcDbEntity
  8
AKS
100
AcDbText
 10
35350.0
 20
0.0
 30
0.0
 40
350.0
  1
A
 72
1
 11
35350.0
 21
0.0
 31
0.0
100
AcDbText
 73
2
  0
LINE
  5
C9
330
17
100
AcDbEntity
  8
AKS
  6
DASHED
100
AcDbLine
 10
13400.0
 20
5250.0
 30
0.0
 11
34900.0
 21
5250.0
 31
0.0
  0
CIRCLE
  5
CA
330
17
100
AcDbEntity
  8
AKS
100
AcDbCircle
 10
12950.0
 20
5250.0
 30
0.0
 40
450.0
  0
TEXT
  5
CB
330
17
100
AcDbEntity
  8
AKS
100
AcDbText
 10
12950.0
 20
5250.0
 30
0.0
 40
350.0
  1
B
 72
1
 11
12950.0
 21
5250.0
 31
0.0
100
AcDbText
 73
2
  0
CIRCLE
  5
CC
330
17
100
AcDbEntity
  8
AKS
100
AcDbCircle
 10
35350.0
 20
5250.0
 30
0.0
 40
450.0
  0
TEXT
  5
CD
330
17
100
AcDbEntity
  8
AKS
100
AcDbText
 10
35350.0
 20
5250.0
 30
0.0
 40
350.0
  1
B
 72
1
 11
35350.0
 21
5250.0
 31
0.0
100
AcDbText
 73
2
  0
LINE
  5
CE
330
17
100
AcDbEntity
  8
AKS
  6
DASHED
100
AcDbLine
 10
13400.0
 20
9300.0
 30
0.0
 11
34900.0
 21
9300.0
 31
0.0
  0
CIRCLE
  5
CF
330
17
100
AcDbEntity
  8
AKS
100
AcDbCircle
 10
12950.0
 20
9300.0
 30
0.0
 40
450.0
  0
TEXT
  5
D0
330
17
100
AcDbEntity
  8
AKS
100
AcDbText
 10
12950.0
 20
9300.0
 30
0.0
 40
350.0
  1
C
 72
1
 11
12950.0
 21
9300.0
 31
0.0
100
AcDbText
 73
2
  0
CIRCLE
  5
D1
330
17
100
AcDbEntity
  8
AKS
100
AcDbCircle
 10
35350.0
 20
9300.0
 30
0.0
 40
450.0
  0
TEXT
  5
D2
330
17
100
AcDbEntity
  8
AKS
100
AcDbText
 10
35350.0
 20
9300.0
 30
0.0
 40
350.0
  1
C
 72
1
 11
35350.0
 21
9300.0
 31
0.0
100
AcDbText
 73
2
  0
LINE
  5
D3
330
17
100
AcDbEntity
  8
AKS
  6
DASHED
100
AcDbLine
 10
13400.0
 20
12300.0
 30
0.0
 11
34900.0
 21
12300.0
 31
0.0
  0
CIRCLE
  5
D4
330
17
100
AcDbEntity
  8
AKS
100
AcDbCircle
 10
12950.0
 20
12300.0
 30
0.0
 40
450.0
  0
TEXT
  5
D5
330
17
100
AcDbEntity
  8
AKS
100
AcDbText
 10
12950.0
 20
12300.0
 30
0.0
 40
350.0
  1
D
 72
1
 11
12950.0
 21
12300.0
 31
0.0
100
AcDbText
 73
2
  0
CIRCLE
  5
D6
330
17
100
AcDbEntity
  8
AKS
100
AcDbCircle
 10
35350.0
 20
12300.0
 30
0.0
 40
450.0
  0
TEXT
  5
D7
330
17
100
AcDbEntity
  8
AKS
100
AcDbText
 10
35350.0
 20
12300.0
 30
0.0
 40
350.0
  1
D
 72
1
 11
35350.0
 21
12300.0
 31
0.0
100
AcDbText
 73
2
  0
LINE
  5
D8
330
17
100
AcDbEntity
  8
AKS
  6
DASHED
100
AcDbLine
 10
13400.0
 20
17500.0
 30
0.0
 11
34900.0
 21
17500.0
 31
0.0
  0
CIRCLE
  5
D9
330
17
100
AcDbEntity
  8
AKS
100
AcDbCircle
 10
12950.0
 20
17500.0
 30
0.0
 40
450.0
  0
TEXT
  5
DA
330
17
100
AcDbEntity
  8
AKS
100
AcDbText
 10
12950.0
 20
17500.0
 30
0.0
 40
350.0
  1
E
 72
1
 11
12950.0
 21
17500.0
 31
0.0
100
AcDbText
 73
2
  0
CIRCLE
  5
DB
330
17
100
AcDbEntity
  8
AKS
100
AcDbCircle
 10
35350.0
 20
17500.0
 30
0.0
 40
450.0
  0
TEXT
  5
DC
330
17
100
AcDbEntity
  8
AKS
100
AcDbText
 10
35350.0
 20
17500.0
 30
0.0
 40
350.0
  1
E
 72
1
 11
35350.0
 21
17500.0
 31
0.0
100
AcDbText
 73
2
  0
DIMENSION
  5
DD
330
17
100
AcDbEntity
  8
AKS
100
AcDbDimension
280
0
  2
*D1
  3
Standard
 10
14150.0
 20
-400.0
 30
0.0
 11
17625.0
 21
-400.0
 31
0.0
 70
32
 71
5
  1
695
100
AcDbAlignedDimension
 13
14150.0
 23
0.0
 33
0.0
 14
21100.0
 24
0.0
 34
0.0
 50
0.0
100
AcDbRotatedDimension
1001
ACAD
1000
DSTYLE
1002
{
1070
140
1040
120.0
1070
41
1040
84.0
1070
42
1040
150.0
1070
44
1040
150.0
1070
147
1040
80.0
1002
}
  0
DIMENSION
  5
F1
330
17
100
AcDbEntity
  8
AKS
100
AcDbDimension
280
0
  2
*D2
  3
Standard
 10
21100.0
 20
-400.0
 30
0.0
 11
24150.0
 21
-400.0
 31
0.0
 70
32
 71
5
  1
610
100
AcDbAlignedDimension
 13
21100.0
 23
0.0
 33
0.0
 14
27200.0
 24
0.0
 34
0.0
 50
0.0
100
AcDbRotatedDimension
1001
ACAD
1000
DSTYLE
1002
{
1070
140
1040
120.0
1070
41
1040
84.0
1070
42
1040
150.0
1070
44
1040
150.0
1070
147
1040
80.0
1002
}
  0
DIMENSION
  5
101
330
17
100
AcDbEntity
  8
AKS
100
AcDbDimension
280
0
  2
*D3
  3
Standard
 10
27200.0
 20
-400.0
 30
0.0
 11
30675.0
 21
-400.0
 31
0.0
 70
32
 71
5
  1
695
100
AcDbAlignedDimension
 13
27200.0
 23
0.0
 33
0.0
 14
34150.0
 24
0.0
 34
0.0
 50
0.0
100
AcDbRotatedDimension
1001
ACAD
1000
DSTYLE
1002
{
1070
140
1040
120.0
1070
41
1040
84.0
1070
42
1040
150.0
1070
44
1040
150.0
1070
147
1040
80.0
1002
}
  0
DIMENSION
  5
111
330
17
100
AcDbEntity
  8
AKS
100
AcDbDimension
280
0
  2
*D4
  3
Standard
 10
14150.0
 20
-1950.0
 30
0.0
 11
24150.0
 21
-1950.0
 31
0.0
 70
32
 71
5
  1
2000
100
AcDbAlignedDimension
 13
14150.0
 23
0.0
 33
0.0
 14
34150.0
 24
0.0
 34
0.0
 50
0.0
100
AcDbRotatedDimension
1001
ACAD
1000
DSTYLE
1002
{
1070
140
1040
120.0
1070
41
1040
84.0
1070
42
1040
150.0
1070
44
1040
150.0
1070
147
1040
80.0
1002
}
  0
DIMENSION
  5
121
330
17
100
AcDbEntity
  8
AKS
100
AcDbDimension
280
0
  2
*D5
  3
Standard
 10
13750.0
 20
0.0
 30
0.0
 11
13750.0
 21
2625.0
 31
0.0
 70
32
 71
5
  1
525
100
AcDbAlignedDimension
 13
14150.0
 23
0.0
 33
0.0
 14
14150.0
 24
5250.0
 34
0.0
 50
90.0
100
AcDbRotatedDimension
1001
ACAD
1000
DSTYLE
1002
{
1070
140
1040
120.0
1070
41
1040
84.0
1070
42
1040
150.0
1070
44
1040
150.0
1070
147
1040
80.0
1002
}
  0
DIMENSION
  5
131
330
17
100
AcDbEntity
  8
AKS
100
AcDbDimension
280
0
  2
*D6
  3
Standard
 10
13750.0
 20
5250.0
 30
0.0
 11
13750.0
 21
7275.0
 31
0.0
 70
32
 71
5
  1
405
100
AcDbAlignedDimension
 13
14150.0
 23
5250.0
 33
0.0
 14
14150.0
 24
9300.0
 34
0.0
 50
90.0
100
AcDbRotatedDimension
1001
ACAD
1000
DSTYLE
1002
{
1070
140
1040
120.0
1070
41
1040
84.0
1070
42
1040
150.0
1070
44
1040
150.0
1070
147
1040
80.0
1002
}
  0
DIMENSION
  5
141
330
17
100
AcDbEntity
  8
AKS
100
AcDbDimension
280
0
  2
*D7
  3
Standard
 10
13750.0
 20
9300.0
 30
0.0
 11
13750.0
 21
10800.0
 31
0.0
 70
32
 71
5
  1
300
100
AcDbAlignedDimension
 13
14150.0
 23
9300.0
 33
0.0
 14
14150.0
 24
12300.0
 34
0.0
 50
90.0
100
AcDbRotatedDimension
1001
ACAD
1000
DSTYLE
1002
{
1070
140
1040
120.0
1070
41
1040
84.0
1070
42
1040
150.0
1070
44
1040
150.0
1070
147
1040
80.0
1002
}
  0
DIMENSION
  5
151
330
17
100
AcDbEntity
  8
AKS
100
AcDbDimension
280
0
  2
*D8
  3
Standard
 10
13750.0
 20
12300.0
 30
0.0
 11
13750.0
 21
14900.0
 31
0.0
 70
32
 71
5
  1
520
100
AcDbAlignedDimension
 13
14150.0
 23
12300.0
 33
0.0
 14
14150.0
 24
17500.0
 34
0.0
 50
90.0
100
AcDbRotatedDimension
1001
ACAD
1000
DSTYLE
1002
{
1070
140
1040
120.0
1070
41
1040
84.0
1070
42
1040
150.0
1070
44
1040
150.0
1070
147
1040
80.0
1002
}
  0
DIMENSION
  5
161
330
17
100
AcDbEntity
  8
AKS
100
AcDbDimension
280
0
  2
*D9
  3
Standard
 10
12200.0
 20
0.0
 30
0.0
 11
12200.0
 21
8750.0
 31
0.0
 70
32
 71
5
  1
1750
100
AcDbAlignedDimension
 13
14150.0
 23
0.0
 33
0.0
 14
14150.0
 24
17500.0
 34
0.0
 50
90.0
100
AcDbRotatedDimension
1001
ACAD
1000
DSTYLE
1002
{
1070
140
1040
120.0
1070
41
1040
84.0
1070
42
1040
150.0
1070
44
1040
150.0
1070
147
1040
80.0
1002
}
  0
LINE
  5
171
330
17
100
AcDbEntity
  8
DUVARLAR
100
AcDbLine
 10
14250.0
 20
100.0
 30
0.0
 11
34050.0
 21
100.0
 31
0.0
  0
LINE
  5
172
330
17
100
AcDbEntity
  8
DUVARLAR
100
AcDbLine
 10
14050.0
 20
-100.0
 30
0.0
 11
34250.0
 21
-100.0
 31
0.0
  0
LINE
  5
173
330
17
100
AcDbEntity
  8
DUVARLAR
100
AcDbLine
 10
21000.0
 20
5350.0
 30
0.0
 11
23650.0
 21
5350.0
 31
0.0
  0
LINE
  5
174
330
17
100
AcDbEntity
  8
DUVARLAR
100
AcDbLine
 10
24650.0
 20
5350.0
 30
0.0
 11
27100.0
 21
5350.0
 31
0.0
  0
LINE
  5
175
330
17
100
AcDbEntity
  8
DUVARLAR
100
AcDbLine
 10
21200.0
 20
5150.0
 30
0.0
 11
23650.0
 21
5150.0
 31
0.0
  0
LINE
  5
176
330
17
100
AcDbEntity
  8
DUVARLAR
100
AcDbLine
 10
24650.0
 20
5150.0
 30
0.0
 11
27300.0
 21
5150.0
 31
0.0
  0
LINE
  5
177
330
17
100
AcDbEntity
  8
DUVARLAR
100
AcDbLine
 10
23650.0
 20
5350.0
 30
0.0
 11
23650.0
 21
5150.0
 31
0.0
  0
LINE
  5
178
330
17
100
AcDbEntity
  8
DUVARLAR
100
AcDbLine
 10
24650.0
 20
5350.0
 30
0.0
 11
24650.0
 21
5150.0
 31
0.0
  0
LINE
  5
179
330
17
100
AcDbEntity
  8
KAPI-PENCERE
100
AcDbLine
 10
23650.0
 20
5250.0
 30
0.0
 11
23650.0
 21
4250.0
 31
0.0
  0
ARC
  5
17A
330
17
100
AcDbEntity
  8
KAPI-PENCERE
100
AcDbCircle
 10
23650.0
 20
5250.0
 30
0.0
 40
1000.0
100
AcDbArc
 50
-90.0
 51
0.0
  0
LINE
  5
17B
330
17
100
AcDbEntity
  8
DUVARLAR
100
AcDbLine
 10
21200.0
 20
8400.0
 30
0.0
 11
21350.0
 21
8400.0
 31
0.0
  0
LINE
  5
17C
330
17
100
AcDbEntity
  8
DUVARLAR
100
AcDbLine
 10
22950.0
 20
8400.0
 30
0.0
 11
23200.0
 21
8400.0
 31
0.0
  0
LINE
  5
17D
330
17
100
AcDbEntity
  8
DUVARLAR
100
AcDbLine
 10
21200.0
 20
8200.0
 30
0.0
 11
21350.0
 21
8200.0
 31
0.0
  0
LINE
  5
17E
330
17
100
AcDbEntity
  8
DUVARLAR
100
AcDbLine
 10
22950.0
 20
8200.0
 30
0.0
 11
23200.0
 21
8200.0
 31
0.0
  0
LINE
  5
17F
330
17
100
AcDbEntity
  8
DUVARLAR
100
AcDbLine
 10
21350.0
 20
8400.0
 30
0.0
 11
21350.0
 21
8200.0
 31
0.0
  0
LINE
  5
180
330
17
100
AcDbEntity
  8
DUVARLAR
100
AcDbLine
 10
22950.0
 20
8400.0
 30
0.0
 11
22950.0
 21
8200.0
 31
0.0
  0
LINE
  5
181
330
17
100
AcDbEntity
  8
KAPI-PENCERE
100
AcDbLine
 10
21350.0
 20
8233.333333333334
 30
0.0
 11
22950.0
 21
8233.333333333334
 31
0.0
  0
LINE
  5
182
330
17
100
AcDbEntity
  8
KAPI-PENCERE
100
AcDbLine
 10
22950.0
 20
8233.333333333334
 30
0.0
 11
22950.0
 21
8200.0
 31
0.0
  0
LINE
  5
183
330
17
100
AcDbEntity
  8
DUVARLAR
100
AcDbLine
 10
23200.0
 20
8400.0
 30
0.0
 11
23200.0
 21
8200.0
 31
0.0
  0
LINE
  5
184
330
17
100
AcDbEntity
  8
DUVARLAR
100
AcDbLine
 10
27200.0
 20
8400.0
 30
0.0
 11
27200.0
 21
8200.0
 31
0.0
  0
LINE
  5
185
330
17
100
AcDbEntity
  8
DUVARLAR
100
AcDbLine
 10
21000.0
 20
11400.0
 30
0.0
 11
23100.0
 21
11400.0
 31
0.0
  0
LINE
  5
186
330
17
100
AcDbEntity
  8
DUVARLAR
100
AcDbLine
 10
21200.0
 20
11200.0
 30
0.0
 11
23100.0
 21
11200.0
 31
0.0
  0
LINE
  5
187
330
17
100
AcDbEntity
  8
DUVARLAR
100
AcDbLine
 10
23100.0
 20
12400.0
 30
0.0
 11
27100.0
 21
12400.0
 31
0.0
  0
LINE
  5
188
330
17
100
AcDbEntity
  8
DUVARLAR
100
AcDbLine
 10
23300.0
 20
12200.0
 30
0.0
 11
27300.0
 21
12200.0
 31
0.0
  0
LINE
  5
189
330
17
100
AcDbEntity
  8
DUVARLAR
100
AcDbLine
 10
34050.0
 20
17400.0
 30
0.0
 11
14250.0
 21
17400.0
 31
0.0
  0
LINE
  5
18A
330
17
100
AcDbEntity
  8
DUVARLAR
100
AcDbLine
 10
34250.0
 20
17600.0
 30
0.0
 11
14050.0
 21
17600.0
 31
0.0
  0
LINE
  5
18B
330
17
100
AcDbEntity
  8
DUVARLAR
100
AcDbLine
 10
14250.0
 20
17400.0
 30
0.0
 11
14250.0
 21
100.0
 31
0.0
  0
LINE
  5
18C
330
17
100
AcDbEntity
  8
DUVARLAR
100
AcDbLine
 10
14050.0
 20
17600.0
 30
0.0
 11
14050.0
 21
-100.0
 31
0.0
  0
LINE
  5
18D
330
17
100
AcDbEntity
  8
DUVARLAR
100
AcDbLine
 10
21000.0
 20
5350.0
 30
0.0
 11
21000.0
 21
6800.0
 31
0.0
  0
LINE
  5
18E
330
17
100
AcDbEntity
  8
DUVARLAR
100
AcDbLine
 10
21000.0
 20
7800.0
 30
0.0
 11
21000.0
 21
11400.0
 31
0.0
  0
LINE
  5
18F
330
17
100
AcDbEntity
  8
DUVARLAR
100
AcDbLine
 10
21200.0
 20
5150.0
 30
0.0
 11
21200.0
 21
6800.0
 31
0.0
  0
LINE
  5
190
330
17
100
AcDbEntity
  8
DUVARLAR
100
AcDbLine
 10
21200.0
 20
7800.0
 30
0.0
 11
21200.0
 21
11200.0
 31
0.0
  0
LINE
  5
191
330
17
100
AcDbEntity
  8
DUVARLAR
100
AcDbLine
 10
21000.0
 20
6800.0
 30
0.0
 11
21200.0
 21
6800.0
 31
0.0
  0
LINE
  5
192
330
17
100
AcDbEntity
  8
DUVARLAR
100
AcDbLine
 10
21000.0
 20
7800.0
 30
0.0
 11
21200.0
 21
7800.0
 31
0.0
  0
LINE
  5
193
330
17
100
AcDbEntity
  8
KAPI-PENCERE
100
AcDbLine
 10
21100.0
 20
6800.0
 30
0.0
 11
20100.0
 21
6800.0
 31
0.0
  0
ARC
  5
194
330
17
100
AcDbEntity
  8
KAPI-PENCERE
100
AcDbCircle
 10
21100.0
 20
6800.0
 30
0.0
 40
1000.0
100
AcDbArc
 50
90.0
 51
180.0
  0
LINE
  5
195
330
17
100
AcDbEntity
  8
DUVARLAR
100
AcDbLine
 10
23100.0
 20
8400.0
 30
0.0
 11
23100.0
 21
12400.0
 31
0.0
  0
LINE
  5
196
330
17
100
AcDbEntity
  8
DUVARLAR
100
AcDbLine
 10
23300.0
 20
8400.0
 30
0.0
 11
23300.0
 21
12200.0
 31
0.0
  0
LINE
  5
197
330
17
100
AcDbEntity
  8
DUVARLAR
100
AcDbLine
 10
27100.0
 20
5350.0
 30
0.0
 11
27100.0
 21
6800.0
 31
0.0
  0
LINE
  5
198
330
17
100
AcDbEntity
  8
DUVARLAR
100
AcDbLine
 10
27100.0
 20
7800.0
 30
0.0
 11
27100.0
 21
12400.0
 31
0.0
  0
LINE
  5
199
330
17
100
AcDbEntity
  8
DUVARLAR
100
AcDbLine
 10
27300.0
 20
5150.0
 30
0.0
 11
27300.0
 21
6800.0
 31
0.0
  0
LINE
  5
19A
330
17
100
AcDbEntity
  8
DUVARLAR
100
AcDbLine
 10
27300.0
 20
7800.0
 30
0.0
 11
27300.0
 21
12200.0
 31
0.0
  0
LINE
  5
19B
330
17
100
AcDbEntity
  8
DUVARLAR
100
AcDbLine
 10
27100.0
 20
6800.0
 30
0.0
 11
27300.0
 21
6800.0
 31
0.0
  0
LINE
  5
19C
330
17
100
AcDbEntity
  8
DUVARLAR
100
AcDbLine
 10
27100.0
 20
7800.0
 30
0.0
 11
27300.0
 21
7800.0
 31
0.0
  0
LINE
  5
19D
330
17
100
AcDbEntity
  8
KAPI-PENCERE
100
AcDbLine
 10
27200.0
 20
6800.0
 30
0.0
 11
28200.0
 21
6800.0
 31
0.0
  0
ARC
  5
19E
330
17
100
AcDbEntity
  8
KAPI-PENCERE
100
AcDbCircle
 10
27200.0
 20
6800.0
 30
0.0
 40
1000.0
100
AcDbArc
 50
-0.0
 51
90.0
  0
LINE
  5
19F
330
17
100
AcDbEntity
  8
DUVARLAR
100
AcDbLine
 10
34050.0
 20
100.0
 30
0.0
 11
34050.0
 21
17400.0
 31
0.0
  0
LINE
  5
1A0
330
17
100
AcDbEntity
  8
DUVARLAR
100
AcDbLine
 10
34250.0
 20
-100.0
 30
0.0
 11
34250.0
 21
17600.0
 31
0.0
  0
INSERT
  5
1A7
330
17
100
AcDbEntity
  8
METIN
100
AcDbBlockReference
 66
1
  2
MAHAL_ETIKET
 10
22150.0
 20
9800.0
 30
0.0
 41
2.0
 42
2.0
  0
ATTRIB
  5
1A9
330
17
100
AcDbEntity
  8
METIN
100
AcDbText
 10
22150.0
 20
10036.0
 30
0.0
 40
200.0
  1
ASANSOR
 72
1
 11
22150.0
 21
10036.0
 31
0.0
100
AcDbAttribute
  2
MAHAL_ADI
 70
0
 74
2
  0
ATTRIB
  5
1AA
330
17
100
AcDbEntity
  8
METIN
100
AcDbText
 10
22150.0
 20
9778.0
 30
0.0
 40
156.0
  1
B2-01
 72
1
 11
22150.0
 21
9778.0
 31
0.0
100
AcDbAttribute
  2
MAHAL_KOD
 70
0
 74
2
  0
ATTRIB
  5
1AB
330
17
100
AcDbEntity
  8
METIN
100
AcDbText
 10
22150.0
 20
9542.0
 30
0.0
 40
156.0
  1
5.3 m2
 72
1
 11
22150.0
 21
9542.0
 31
0.0
100
AcDbAttribute
  2
ALAN
 70
0
 74
2
  0
SEQEND
  5
1A8
330
1A7
100
AcDbEntity
  8
METIN
  0
INSERT
  5
1AC
330
17
100
AcDbEntity
  8
METIN
100
AcDbBlockReference
 66
1
  2
MAHAL_ETIKET
 10
25200.0
 20
10300.0
 30
0.0
 41
2.0
 42
2.0
  0
ATTRIB
  5
1AE
330
17
100
AcDbEntity
  8
METIN
100
AcDbText
 10
25200.0
 20
10536.0
 30
0.0
 40
200.0
  1
MERDIVEN
 72
1
 11
25200.0
 21
10536.0
 31
0.0
100
AcDbAttribute
  2
MAHAL_ADI
 70
0
 74
2
  0
ATTRIB
  5
1AF
330
17
100
AcDbEntity
  8
METIN
100
AcDbText
 10
25200.0
 20
10278.0
 30
0.0
 40
156.0
  1
B2-02
 72
1
 11
25200.0
 21
10278.0
 31
0.0
100
AcDbAttribute
  2
MAHAL_KOD
 70
0
 74
2
  0
ATTRIB
  5
1B0
330
17
100
AcDbEntity
  8
METIN
100
AcDbText
 10
25200.0
 20
10042.0
 30
0.0
 40
156.0
  1
14.4 m2
 72
1
 11
25200.0
 21
10042.0
 31
0.0
100
AcDbAttribute
  2
ALAN
 70
0
 74
2
  0
SEQEND
  5
1AD
330
1AC
100
AcDbEntity
  8
METIN
  0
INSERT
  5
1B1
330
17
100
AcDbEntity
  8
METIN
100
AcDbBlockReference
 66
1
  2
MAHAL_ETIKET
 10
24150.0
 20
6775.0
 30
0.0
 41
2.0
 42
2.0
  0
ATTRIB
  5
1B3
330
17
100
AcDbEntity
  8
METIN
100
AcDbText
 10
24150.0
 20
7011.0
 30
0.0
 40
200.0
  1
MERDIVEN HOLU
 72
1
 11
24150.0
 21
7011.0
 31
0.0
100
AcDbAttribute
  2
MAHAL_ADI
 70
0
 74
2
  0
ATTRIB
  5
1B4
330
17
100
AcDbEntity
  8
METIN
100
AcDbText
 10
24150.0
 20
6753.0
 30
0.0
 40
156.0
  1
B2-03
 72
1
 11
24150.0
 21
6753.0
 31
0.0
100
AcDbAttribute
  2
MAHAL_KOD
 70
0
 74
2
  0
ATTRIB
  5
1B5
330
17
100
AcDbEntity
  8
METIN
100
AcDbText
 10
24150.0
 20
6517.0
 30
0.0
 40
156.0
  1
16.8 m2
 72
1
 11
24150.0
 21
6517.0
 31
0.0
100
AcDbAttribute
  2
ALAN
 70
0
 74
2
  0
SEQEND
  5
1B2
330
1B1
100
AcDbEntity
  8
METIN
  0
INSERT
  5
1B6
330
17
100
AcDbEntity
  8
METIN
100
AcDbBlockReference
 66
1
  2
MAHAL_ETIKET
 10
24150.0
 20
2625.0
 30
0.0
 41
2.0
 42
2.0
  0
ATTRIB
  5
1B8
330
17
100
AcDbEntity
  8
METIN
100
AcDbText
 10
24150.0
 20
2861.0
 30
0.0
 40
200.0
  1
OTOPARK
 72
1
 11
24150.0
 21
2861.0
 31
0.0
100
AcDbAttribute
  2
MAHAL_ADI
 70
0
 74
2
  0
ATTRIB
  5
1B9
330
17
100
AcDbEntity
  8
METIN
100
AcDbText
 10
24150.0
 20
2603.0
 30
0.0
 40
156.0
  1
B2-04
 72
1
 11
24150.0
 21
2603.0
 31
0.0
100
AcDbAttribute
  2
MAHAL_KOD
 70
0
 74
2
  0
ATTRIB
  5
1BA
330
17
100
AcDbEntity
  8
METIN
100
AcDbText
 10
24150.0
 20
2367.0
 30
0.0
 40
156.0
  1
100.0 m2
 72
1
 11
24150.0
 21
2367.0
 31
0.0
100
AcDbAttribute
  2
ALAN
 70
0
 74
2
  0
SEQEND
  5
1B7
330
1B6
100
AcDbEntity
  8
METIN
  0
INSERT
  5
1BB
330
17
100
AcDbEntity
  8
METIN
100
AcDbBlockReference
 66
1
  2
MAHAL_ETIKET
 10
22150.13427734375
 20
14793.93310546875
 30
0.0
 41
2.0
 42
2.0
  0
ATTRIB
  5
1BD
330
17
100
AcDbEntity
  8
METIN
100
AcDbText
 10
22150.13427734375
 20
15029.93310546875
 30
0.0
 40
200.0
  1
OTOPARK
 72
1
 11
22150.13427734375
 21
15029.93310546875
 31
0.0
100
AcDbAttribute
  2
MAHAL_ADI
 70
0
 74
2
  0
ATTRIB
  5
1BE
330
17
100
AcDbEntity
  8
METIN
100
AcDbText
 10
22150.13427734375
 20
14771.93310546875
 30
0.0
 40
156.0
  1
B2-05
 72
1
 11
22150.13427734375
 21
14771.93310546875
 31
0.0
100
AcDbAttribute
  2
MAHAL_KOD
 70
0
 74
2
  0
ATTRIB
  5
1BF
330
17
100
AcDbEntity
  8
METIN
100
AcDbText
 10
22150.13427734375
 20
14535.93310546875
 30
0.0
 40
156.0
  1
101.7 m2
 72
1
 11
22150.13427734375
 21
14535.93310546875
 31
0.0
100
AcDbAttribute
  2
ALAN
 70
0
 74
2
  0
SEQEND
  5
1BC
330
1BB
100
AcDbEntity
  8
METIN
  0
INSERT
  5
1C0
330
17
100
AcDbEntity
  8
METIN
100
AcDbBlockReference
 66
1
  2
MAHAL_ETIKET
 10
17625.0
 20
8775.0
 30
0.0
 41
2.0
 42
2.0
  0
ATTRIB
  5
1C2
330
17
100
AcDbEntity
  8
METIN
100
AcDbText
 10
17625.0
 20
9011.0
 30
0.0
 40
200.0
  1
OTOPARK
 72
1
 11
17625.0
 21
9011.0
 31
0.0
100
AcDbAttribute
  2
MAHAL_ADI
 70
0
 74
2
  0
ATTRIB
  5
1C3
330
17
100
AcDbEntity
  8
METIN
100
AcDbText
 10
17625.0
 20
8753.0
 30
0.0
 40
156.0
  1
B2-06
 72
1
 11
17625.0
 21
8753.0
 31
0.0
100
AcDbAttribute
  2
MAHAL_KOD
 70
0
 74
2
  0
ATTRIB
  5
1C4
330
17
100
AcDbEntity
  8
METIN
100
AcDbText
 10
17625.0
 20
8517.0
 30
0.0
 40
156.0
  1
47.6 m2
 72
1
 11
17625.0
 21
8517.0
 31
0.0
100
AcDbAttribute
  2
ALAN
 70
0
 74
2
  0
SEQEND
  5
1C1
330
1C0
100
AcDbEntity
  8
METIN
  0
INSERT
  5
1C5
330
17
100
AcDbEntity
  8
METIN
100
AcDbBlockReference
 66
1
  2
MAHAL_ETIKET
 10
30675.0
 20
8775.0
 30
0.0
 41
2.0
 42
2.0
  0
ATTRIB
  5
1C7
330
17
100
AcDbEntity
  8
METIN
100
AcDbText
 10
30675.0
 20
9011.0
 30
0.0
 40
200.0
  1
OTOPARK
 72
1
 11
30675.0
 21
9011.0
 31
0.0
100
AcDbAttribute
  2
MAHAL_ADI
 70
0
 74
2
  0
ATTRIB
  5
1C8
330
17
100
AcDbEntity
  8
METIN
100
AcDbText
 10
30675.0
 20
8753.0
 30
0.0
 40
156.0
  1
B2-07
 72
1
 11
30675.0
 21
8753.0
 31
0.0
100
AcDbAttribute
  2
MAHAL_KOD
 70
0
 74
2
  0
ATTRIB
  5
1C9
330
17
100
AcDbEntity
  8
METIN
100
AcDbText
 10
30675.0
 20
8517.0
 30
0.0
 40
156.0
  1
47.6 m2
 72
1
 11
30675.0
 21
8517.0
 31
0.0
100
AcDbAttribute
  2
ALAN
 70
0
 74
2
  0
SEQEND
  5
1C6
330
1C5
100
AcDbEntity
  8
METIN
  0
LINE
  5
1CA
330
17
100
AcDbEntity
  8
OTOPARK
100
AcDbLine
 10
14250.0
 20
100.0
 30
0.0
 11
14250.0
 21
2100.0
 31
0.0
  0
LINE
  5
1CB
330
17
100
AcDbEntity
  8
OTOPARK
100
AcDbLine
 10
20250.0
 20
100.0
 30
0.0
 11
20250.0
 21
2100.0
 31
0.0
  0
LINE
  5
1CC
330
17
100
AcDbEntity
  8
OTOPARK
100
AcDbLine
 10
26250.0
 20
100.0
 30
0.0
 11
26250.0
 21
2100.0
 31
0.0
  0
LINE
  5
1CD
330
17
100
AcDbEntity
  8
OTOPARK
100
AcDbLine
 10
32250.0
 20
100.0
 30
0.0
 11
32250.0
 21
2100.0
 31
0.0
  0
LINE
  5
1CE
330
17
100
AcDbEntity
  8
OTOPARK
100
AcDbLine
 10
14250.0
 20
2100.0
 30
0.0
 11
32250.0
 21
2100.0
 31
0.0
  0
LINE
  5
1CF
330
17
100
AcDbEntity
  8
OTOPARK
100
AcDbLine
 10
14250.0
 20
17400.0
 30
0.0
 11
14250.0
 21
15400.0
 31
0.0
  0
LINE
  5
1D0
330
17
100
AcDbEntity
  8
OTOPARK
100
AcDbLine
 10
20250.0
 20
17400.0
 30
0.0
 11
20250.0
 21
15400.0
 31
0.0
  0
LINE
  5
1D1
330
17
100
AcDbEntity
  8
OTOPARK
100
AcDbLine
 10
26250.0
 20
17400.0
 30
0.0
 11
26250.0
 21
15400.0
 31
0.0
  0
LINE
  5
1D2
330
17
100
AcDbEntity
  8
OTOPARK
100
AcDbLine
 10
32250.0
 20
17400.0
 30
0.0
 11
32250.0
 21
15400.0
 31
0.0
  0
LINE
  5
1D3
330
17
100
AcDbEntity
  8
OTOPARK
100
AcDbLine
 10
14250.0
 20
15400.0
 30
0.0
 11
32250.0
 21
15400.0
 31
0.0
  0
LINE
  5
1D4
330
17
100
AcDbEntity
  8
OTOPARK
100
AcDbLine
 10
14250.0
 20
5350.0
 30
0.0
 11
16250.0
 21
5350.0
 31
0.0
  0
LINE
  5
1D5
330
17
100
AcDbEntity
  8
OTOPARK
100
AcDbLine
 10
14250.0
 20
11350.0
 30
0.0
 11
16250.0
 21
11350.0
 31
0.0
  0
LINE
  5
1D6
330
17
100
AcDbEntity
  8
OTOPARK
100
AcDbLine
 10
16250.0
 20
5350.0
 30
0.0
 11
16250.0
 21
11350.0
 31
0.0
  0
LINE
  5
1D7
330
17
100
AcDbEntity
  8
OTOPARK
100
AcDbLine
 10
34050.0
 20
5350.0
 30
0.0
 11
32050.0
 21
5350.0
 31
0.0
  0
LINE
  5
1D8
330
17
100
AcDbEntity
  8
OTOPARK
100
AcDbLine
 10
34050.0
 20
11350.0
 30
0.0
 11
32050.0
 21
11350.0
 31
0.0
  0
LINE
  5
1D9
330
17
100
AcDbEntity
  8
OTOPARK
100
AcDbLine
 10
32050.0
 20
5350.0
 30
0.0
 11
32050.0
 21
11350.0
 31
0.0
  0
LINE
  5
1DA
330
17
100
AcDbEntity
  8
MERDIVEN
100
AcDbLine
 10
23200.0
 20
8570.0
 30
0.0
 11
24525.0
 21
8570.0
 31
0.0
  0
LINE
  5
1DB
330
17
100
AcDbEntity
  8
MERDIVEN
100
AcDbLine
 10
25875.0
 20
8570.0
 30
0.0
 11
27200.0
 21
8570.0
 31
0.0
  0
LINE
  5
1DC
330
17
100
AcDbEntity
  8
MERDIVEN
100
AcDbLine
 10
23200.0
 20
8840.0
 30
0.0
 11
24525.0
 21
8840.0
 31
0.0
  0
LINE
  5
1DD
330
17
100
AcDbEntity
  8
MERDIVEN
100
AcDbLine
 10
25875.0
 20
8840.0
 30
0.0
 11
27200.0
 21
8840.0
 31
0.0
  0
LINE
  5
1DE
330
17
100
AcDbEntity
  8
MERDIVEN
100
AcDbLine
 10
23200.0
 20
9110.0
 30
0.0
 11
24525.0
 21
9110.0
 31
0.0
  0
LINE
  5
1DF
330
17
100
AcDbEntity
  8
MERDIVEN
100
AcDbLine
 10
25875.0
 20
9110.0
 30
0.0
 11
27200.0
 21
9110.0
 31
0.0
  0
LINE
  5
1E0
330
17
100
AcDbEntity
  8
MERDIVEN
100
AcDbLine
 10
23200.0
 20
9380.0
 30
0.0
 11
24525.0
 21
9380.0
 31
0.0
  0
LINE
  5
1E1
330
17
100
AcDbEntity
  8
MERDIVEN
100
AcDbLine
 10
25875.0
 20
9380.0
 30
0.0
 11
27200.0
 21
9380.0
 31
0.0
  0
LINE
  5
1E2
330
17
100
AcDbEntity
  8
MERDIVEN
100
AcDbLine
 10
23200.0
 20
9650.0
 30
0.0
 11
24525.0
 21
9650.0
 31
0.0
  0
LINE
  5
1E3
330
17
100
AcDbEntity
  8
MERDIVEN
100
AcDbLine
 10
25875.0
 20
9650.0
 30
0.0
 11
27200.0
 21
9650.0
 31
0.0
  0
LINE
  5
1E4
330
17
100
AcDbEntity
  8
MERDIVEN
100
AcDbLine
 10
24795.0
 20
9650.0
 30
0.0
 11
24795.0
 21
12300.0
 31
0.0
  0
LINE
  5
1E5
330
17
100
AcDbEntity
  8
MERDIVEN
100
AcDbLine
 10
25065.0
 20
9650.0
 30
0.0
 11
25065.0
 21
12300.0
 31
0.0
  0
LINE
  5
1E6
330
17
100
AcDbEntity
  8
MERDIVEN
100
AcDbLine
 10
25335.0
 20
9650.0
 30
0.0
 11
25335.0
 21
12300.0
 31
0.0
  0
LINE
  5
1E7
330
17
100
AcDbEntity
  8
MERDIVEN
100
AcDbLine
 10
25605.0
 20
9650.0
 30
0.0
 11
25605.0
 21
12300.0
 31
0.0
  0
LINE
  5
1E8
330
17
100
AcDbEntity
  8
MERDIVEN
100
AcDbLine
 10
25875.0
 20
9650.0
 30
0.0
 11
25875.0
 21
12300.0
 31
0.0
  0
LWPOLYLINE
  5
1E9
330
17
100
AcDbEntity
  8
MERDIVEN
100
AcDbPolyline
 90
4
 70
1
 10
23200.0
 20
9650.0
 10
24525.0
 20
9650.0
 10
24525.0
 20
12300.0
 10
23200.0
 20
12300.0
  0
LWPOLYLINE
  5
1EA
330
17
100
AcDbEntity
  8
MERDIVEN
100
AcDbPolyline
 90
4
 70
1
 10
25875.0
 20
9650.0
 10
27200.0
 20
9650.0
 10
27200.0
 20
12300.0
 10
25875.0
 20
12300.0
  0
LINE
  5
1EB
330
17
100
AcDbEntity
  8
MERDIVEN
100
AcDbLine
 10
25875.0
 20
8300.0
 30
0.0
 11
25875.0
 21
9650.0
 31
0.0
  0
LINE
  5
1EC
330
17
100
AcDbEntity
  8
MERDIVEN
100
AcDbLine
 10
25875.0
 20
9650.0
 30
0.0
 11
24525.0
 21
9650.0
 31
0.0
  0
LINE
  5
1ED
330
17
100
AcDbEntity
  8
MERDIVEN
100
AcDbLine
 10
24525.0
 20
9650.0
 30
0.0
 11
24525.0
 21
8300.0
 31
0.0
  0
LINE
  5
1EE
330
17
100
AcDbEntity
  8
MERDIVEN
100
AcDbLine
 10
23862.5
 20
8300.0
 30
0.0
 11
23862.5
 21
10975.0
 31
0.0
  0
LINE
  5
1EF
330
17
100
AcDbEntity
  8
MERDIVEN
100
AcDbLine
 10
23862.5
 20
10975.0
 30
0.0
 11
26537.5
 21
10975.0
 31
0.0
  0
LINE
  5
1F0
330
17
100
AcDbEntity
  8
MERDIVEN
100
AcDbLine
 10
26537.5
 20
10975.0
 30
0.0
 11
26537.5
 21
8300.0
 31
0.0
  0
LWPOLYLINE
  5
1F1
330
17
100
AcDbEntity
  8
MERDIVEN
100
AcDbPolyline
 90
3
 70
1
 10
26537.5
 20
8300.0
 10
26597.5
 20
8420.0
 10
26477.5
 20
8420.0
  0
LINE
  5
1F4
330
17
100
AcDbEntity
  8
KESIT
  6
KESIT_HATTI
100
AcDbLine
 10
13750.0
 20
5833.333333333333
 30
0.0
 11
34550.0
 21
5833.333333333333
 31
0.0
  0
LWPOLYLINE
  5
1F5
330
17
100
AcDbEntity
  8
KESIT
100
AcDbPolyline
 90
3
 70
1
 10
13750.0
 20
6083.333333333333
 10
13850.0
 20
5833.333333333333
 10
13650.0
 20
5833.333333333333
  0
TEXT
  5
1F6
330
17
100
AcDbEntity
  8
KESIT
100
AcDbText
 10
13750.0
 20
5433.333333333333
 30
0.0
 40
150.0
  1
A
 72
1
 11
13750.0
 21
5433.333333333333
 31
0.0
100
AcDbText
 73
2
  0
LWPOLYLINE
  5
1F7
330
17
100
AcDbEntity
  8
KESIT
100
AcDbPolyline
 90
3
 70
1
 10
34550.0
 20
6083.333333333333
 10
34650.0
 20
5833.333333333333
 10
34450.0
 20
5833.333333333333
  0
TEXT
  5
1F8
330
17
100
AcDbEntity
  8
KESIT
100
AcDbText
 10
34550.0
 20
5433.333333333333
 30
0.0
 40
150.0
  1
A
 72
1
 11
34550.0
 21
5433.333333333333
 31
0.0
100
AcDbText
 73
2
  0
LINE
  5
1F9
330
17
100
AcDbEntity
  8
KESIT
  6
KESIT_HATTI
100
AcDbLine
 10
20816.666666666664
 20
-400.0
 30
0.0
 11
20816.666666666664
 21
17900.0
 31
0.0
  0
LWPOLYLINE
  5
1FA
330
17
100
AcDbEntity
  8
KESIT
100
AcDbPolyline
 90
3
 70
1
 10
21066.666666666664
 20
-400.0
 10
20816.666666666664
 20
-300.0
 10
20816.666666666664
 20
-500.0
  0
TEXT
  5
1FB
330
17
100
AcDbEntity
  8
KESIT
100
AcDbText
 10
20416.666666666664
 20
-400.0
 30
0.0
 40
150.0
  1
B
 72
1
 11
20416.666666666664
 21
-400.0
 31
0.0
100
AcDbText
 73
2
  0
LWPOLYLINE
  5
1FC
330
17
100
AcDbEntity
  8
KESIT
100
AcDbPolyline
 90
3
 70
1
 10
21066.666666666664
 20
17900.0
 10
20816.666666666664
 20
18000.0
 10
20816.666666666664
 20
17800.0
  0
TEXT
  5
1FD
330
17
100
AcDbEntity
  8
KESIT
100
AcDbText
 10
20416.666666666664
 20
17900.0
 30
0.0
 40
150.0
  1
B
 72
1
 11
20416.666666666664
 21
17900.0
 31
0.0
100
AcDbText
 73
2
  0
LWPOLYLINE
  5
1FE
330
17
100
AcDbEntity
  8
CERCEVE
100
AcDbPolyline
 90
4
 70
1
 10
10000.0
 20
-10150.0
 10
38300.0
 20
-10150.0
 10
38300.0
 20
24950.0
 10
10000.0
 20
24950.0
  0
LWPOLYLINE
  5
1FF
330
17
100
AcDbEntity
  8
CERCEVE
100
AcDbPolyline
 90
4
 70
1
 10
10150.0
 20
-10000.0
 10
38150.0
 20
-10000.0
 10
38150.0
 20
24800.0
 10
10150.0
 20
24800.0
  0
LWPOLYLINE
  5
200
330
17
100
AcDbEntity
  8
CERCEVE
100
AcDbPolyline
 90
4
 70
1
 10
30150.0
 20
-10000.0
 10
38150.0
 20
-10000.0
 10
38150.0
 20
-8800.0
 10
30150.0
 20
-8800.0
  0
LINE
  5
201
330
17
100
AcDbEntity
  8
CERCEVE
100
AcDbLine
 10
30150.0
 20
-9400.0
 30
0.0
 11
38150.0
 21
-9400.0
 31
0.0
  0
TEXT
  5
202
330
17
100
AcDbEntity
  8
METIN
100
AcDbText
 10
30250.0
 20
-8900.0
 30
0.0
 40
175.0
  1
OLCEK 1:50
 11
30250.0
 21
-8900.0
 31
0.0
100
AcDbText
 73
3
  0
TEXT
  5
203
330
17
100
AcDbEntity
  8
METIN
100
AcDbText
 10
30250.0
 20
-9500.0
 30
0.0
 40
175.0
  1
2. BODRUM KAT (OTOPARK)
 11
30250.0
 21
-9500.0
 31
0.0
100
AcDbText
 73
3
  0
LINE
  5
204
330
17
100
AcDbEntity
  8
AKS
  6
DASHED
100
AcDbLine
 10
42450.0
 20
-750.0
 30
0.0
 11
42450.0
 21
18250.0
 31
0.0
  0
CIRCLE
  5
205
330
17
100
AcDbEntity
  8
AKS
100
AcDbCircle
 10
42450.0
 20
-1200.0
 30
0.0
 40
450.0
  0
TEXT
  5
206
330
17
100
AcDbEntity
  8
AKS
100
AcDbText
 10
42450.0
 20
-1200.0
 30
0.0
 40
350.0
  1
1
 72
1
 11
42450.0
 21
-1200.0
 31
0.0
100
AcDbText
 73
2
  0
CIRCLE
  5
207
330
17
100
AcDbEntity
  8
AKS
100
AcDbCircle
 10
42450.0
 20
18700.0
 30
0.0
 40
450.0
  0
TEXT
  5
208
330
17
100
AcDbEntity
  8
AKS
100
AcDbText
 10
42450.0
 20
18700.0
 30
0.0
 40
350.0
  1
1
 72
1
 11
42450.0
 21
18700.0
 31
0.0
100
AcDbText
 73
2
  0
LINE
  5
209
330
17
100
AcDbEntity
  8
AKS
  6
DASHED
100
AcDbLine
 10
49400.0
 20
-750.0
 30
0.0
 11
49400.0
 21
18250.0
 31
0.0
  0
CIRCLE
  5
20A
330
17
100
AcDbEntity
  8
AKS
100
AcDbCircle
 10
49400.0
 20
-1200.0
 30
0.0
 40
450.0
  0
TEXT
  5
20B
330
17
100
AcDbEntity
  8
AKS
100
AcDbText
 10
49400.0
 20
-1200.0
 30
0.0
 40
350.0
  1
2
 72
1
 11
49400.0
 21
-1200.0
 31
0.0
100
AcDbText
 73
2
  0
CIRCLE
  5
20C
330
17
100
AcDbEntity
  8
AKS
100
AcDbCircle
 10
49400.0
 20
18700.0
 30
0.0
 40
450.0
  0
TEXT
  5
20D
330
17
100
AcDbEntity
  8
AKS
100
AcDbText
 10
49400.0
 20
18700.0
 30
0.0
 40
350.0
  1
2
 72
1
 11
49400.0
 21
18700.0
 31
0.0
100
AcDbText
 73
2
  0
LINE
  5
20E
330
17
100
AcDbEntity
  8
AKS
  6
DASHED
100
AcDbLine
 10
55500.0
 20
-750.0
 30
0.0
 11
55500.0
 21
18250.0
 31
0.0
  0
CIRCLE
  5
20F
330
17
100
AcDbEntity
  8
AKS
100
AcDbCircle
 10
55500.0
 20
-1200.0
 30
0.0
 40
450.0
  0
TEXT
  5
210
330
17
100
AcDbEntity
  8
AKS
100
AcDbText
 10
55500.0
 20
-1200.0
 30
0.0
 40
350.0
  1
3
 72
1
 11
55500.0
 21
-1200.0
 31
0.0
100
AcDbText
 73
2
  0
CIRCLE
  5
211
330
17
100
AcDbEntity
  8
AKS
100
AcDbCircle
 10
55500.0
 20
18700.0
 30
0.0
 40
450.0
  0
TEXT
  5
212
330
17
100
AcDbEntity
  8
AKS
100
AcDbText
 10
55500.0
 20
18700.0
 30
0.0
 40
350.0
  1
3
 72
1
 11
55500.0
 21
18700.0
 31
0.0
100
AcDbText
 73
2
  0
LINE
  5
213
330
17
100
AcDbEntity
  8
AKS
  6
DASHED
100
AcDbLine
 10
62450.0
 20
-750.0
 30
0.0
 11
62450.0
 21
18250.0
 31
0.0
  0
CIRCLE
  5
214
330
17
100
AcDbEntity
  8
AKS
100
AcDbCircle
 10
62450.0
 20
-1200.0
 30
0.0
 40
450.0
  0
TEXT
  5
215
330
17
100
AcDbEntity
  8
AKS
100
AcDbText
 10
62450.0
 20
-1200.0
 30
0.0
 40
350.0
  1
4
 72
1
 11
62450.0
 21
-1200.0
 31
0.0
100
AcDbText
 73
2
  0
CIRCLE
  5
216
330
17
100
AcDbEntity
  8
AKS
100
AcDbCircle
 10
62450.0
 20
18700.0
 30
0.0
 40
450.0
  0
TEXT
  5
217
330
17
100
AcDbEntity
  8
AKS
100
AcDbText
 10
62450.0
 20
18700.0
 30
0.0
 40
350.0
  1
4
 72
1
 11
62450.0
 21
18700.0
 31
0.0
100
AcDbText
 73
2
  0
LINE
  5
218
330
17
100
AcDbEntity
  8
AKS
  6
DASHED
100
AcDbLine
 10
41700.0
 20
0.0
 30
0.0
 11
63200.0
 21
0.0
 31
0.0
  0
CIRCLE
  5
219
330
17
100
AcDbEntity
  8
AKS
100
AcDbCircle
 10
41250.0
 20
0.0
 30
0.0
 40
450.0
  0
TEXT
  5
21A
330
17
100
AcDbEntity
  8
AKS
100
AcDbText
 10
41250.0
 20
0.0
 30
0.0
 40
350.0
  1
A
 72
1
 11
41250.0
 21
0.0
 31
0.0
100
AcDbText
 73
2
  0
CIRCLE
  5
21B
330
17
100
AcDbEntity
  8
AKS
100
AcDbCircle
 10
63650.0
 20
0.0
 30
0.0
 40
450.0
  0
TEXT
  5
21C
330
17
100
AcDbEntity
  8
AKS
100
AcDbText
 10
63650.0
 20
0.0
 30
0.0
 40
350.0
  1
A
 72
1
 11
63650.0
 21
0.0
 31
0.0
100
AcDbText
 73
2
  0
LINE
  5
21D
330
17
100
AcDbEntity
  8
AKS
  6
DASHED
100
AcDbLine
 10
41700.0
 20
5250.0
 30
0.0
 11
63200.0
 21
5250.0
 31
0.0
  0
CIRCLE
  5
21E
330
17
100
AcDbEntity
  8
AKS
100
AcDbCircle
 10
41250.0
 20
5250.0
 30
0.0
 40
450.0
  0
TEXT
  5
21F
330
17
100
AcDbEntity
  8
AKS
100
AcDbText
 10
41250.0
 20
5250.0
 30
0.0
 40
350.0
  1
B
 72
1
 11
41250.0
 21
5250.0
 31
0.0
100
AcDbText
 73
2
  0
CIRCLE
  5
220
330
17
100
AcDbEntity
  8
AKS
100
AcDbCircle
 10
63650.0
 20
5250.0
 30
0.0
 40
450.0
  0
TEXT
  5
221
330
17
100
AcDbEntity
  8
AKS
100
AcDbText
 10
63650.0
 20
5250.0
 30
0.0
 40
350.0
  1
B
 72
1
 11
63650.0
 21
5250.0
 31
0.0
100
AcDbText
 73
2
  0
LINE
  5
222
330
17
100
AcDbEntity
  8
AKS
  6
DASHED
100
AcDbLine
 10
41700.0
 20
9300.0
 30
0.0
 11
63200.0
 21
9300.0
 31
0.0
  0
CIRCLE
  5
223
330
17
100
AcDbEntity
  8
AKS
100
AcDbCircle
 10
41250.0
 20
9300.0
 30
0.0
 40
450.0
  0
TEXT
  5
224
330
17
100
AcDbEntity
  8
AKS
100
AcDbText
 10
41250.0
 20
9300.0
 30
0.0
 40
350.0
  1
C
 72
1
 11
41250.0
 21
9300.0
 31
0.0
100
AcDbText
 73
2
  0
CIRCLE
  5
225
330
17
100
AcDbEntity
  8
AKS
100
AcDbCircle
 10
63650.0
 20
9300.0
 30
0.0
 40
450.0
  0
TEXT
  5
226
330
17
100
AcDbEntity
  8
AKS
100
AcDbText
 10
63650.0
 20
9300.0
 30
0.0
 40
350.0
  1
C
 72
1
 11
63650.0
 21
9300.0
 31
0.0
100
AcDbText
 73
2
  0
LINE
  5
227
330
17
100
AcDbEntity
  8
AKS
  6
DASHED
100
AcDbLine
 10
41700.0
 20
12300.0
 30
0.0
 11
63200.0
 21
12300.0
 31
0.0
  0
CIRCLE
  5
228
330
17
100
AcDbEntity
  8
AKS
100
AcDbCircle
 10
41250.0
 20
12300.0
 30
0.0
 40
450.0
  0
TEXT
  5
229
330
17
100
AcDbEntity
  8
AKS
100
AcDbText
 10
41250.0
 20
12300.0
 30
0.0
 40
350.0
  1
D
 72
1
 11
41250.0
 21
12300.0
 31
0.0
100
AcDbText
 73
2
  0
CIRCLE
  5
22A
330
17
100
AcDbEntity
  8
AKS
100
AcDbCircle
 10
63650.0
 20
12300.0
 30
0.0
 40
450.0
  0
TEXT
  5
22B
330
17
100
AcDbEntity
  8
AKS
100
AcDbText
 10
63650.0
 20
12300.0
 30
0.0
 40
350.0
  1
D
 72
1
 11
63650.0
 21
12300.0
 31
0.0
100
AcDbText
 73
2
  0
LINE
  5
22C
330
17
100
AcDbEntity
  8
AKS
  6
DASHED
100
AcDbLine
 10
41700.0
 20
17500.0
 30
0.0
 11
63200.0
 21
17500.0
 31
0.0
  0
CIRCLE
  5
22D
330
17
100
AcDbEntity
  8
AKS
100
AcDbCircle
 10
41250.0
 20
17500.0
 30
0.0
 40
450.0
  0
TEXT
  5
22E
330
17
100
AcDbEntity
  8
AKS
100
AcDbText
 10
41250.0
 20
17500.0
 30
0.0
 40
350.0
  1
E
 72
1
 11
41250.0
 21
17500.0
 31
0.0
100
AcDbText
 73
2
  0
CIRCLE
  5
22F
330
17
100
AcDbEntity
  8
AKS
100
AcDbCircle
 10
63650.0
 20
17500.0
 30
0.0
 40
450.0
  0
TEXT
  5
230
330
17
100
AcDbEntity
  8
AKS
100
AcDbText
 10
63650.0
 20
17500.0
 30
0.0
 40
350.0
  1
E
 72
1
 11
63650.0
 21
17500.0
 31
0.0
100
AcDbText
 73
2
  0
DIMENSION
  5
231
330
17
100
AcDbEntity
  8
AKS
100
AcDbDimension
280
0
  2
*D10
  3
Standard
 10
42450.0
 20
-400.0
 30
0.0
 11
45925.0
 21
-400.0
 31
0.0
 70
32
 71
5
  1
695
100
AcDbAlignedDimension
 13
42450.0
 23
0.0
 33
0.0
 14
49400.0
 24
0.0
 34
0.0
 50
0.0
100
AcDbRotatedDimension
1001
ACAD
1000
DSTYLE
1002
{
1070
140
1040
120.0
1070
41
1040
84.0
1070
42
1040
150.0
1070
44
1040
150.0
1070
147
1040
80.0
1002
}
  0
DIMENSION
  5
241
330
17
100
AcDbEntity
  8
AKS
100
AcDbDimension
280
0
  2
*D11
  3
Standard
 10
49400.0
 20
-400.0
 30
0.0
 11
52450.0
 21
-400.0
 31
0.0
 70
32
 71
5
  1
610
100
AcDbAlignedDimension
 13
49400.0
 23
0.0
 33
0.0
 14
55500.0
 24
0.0
 34
0.0
 50
0.0
100
AcDbRotatedDimension
1001
ACAD
1000
DSTYLE
1002
{
1070
140
1040
120.0
1070
41
1040
84.0
1070
42
1040
150.0
1070
44
1040
150.0
1070
147
1040
80.0
1002
}
  0
DIMENSION
  5
251
330
17
100
AcDbEntity
  8
AKS
100
AcDbDimension
280
0
  2
*D12
  3
Standard
 10
55500.0
 20
-400.0
 30
0.0
 11
58975.0
 21
-400.0
 31
0.0
 70
32
 71
5
  1
695
100
AcDbAlignedDimension
 13
55500.0
 23
0.0
 33
0.0
 14
62450.0
 24
0.0
 34
0.0
 50
0.0
100
AcDbRotatedDimension
1001
ACAD
1000
DSTYLE
1002
{
1070
140
1040
120.0
1070
41
1040
84.0
1070
42
1040
150.0
1070
44
1040
150.0
1070
147
1040
80.0
1002
}
  0
DIMENSION
  5
261
330
17
100
AcDbEntity
  8
AKS
100
AcDbDimension
280
0
  2
*D13
  3
Standard
 10
42450.0
 20
-1950.0
 30
0.0
 11
52450.0
 21
-1950.0
 31
0.0
 70
32
 71
5
  1
2000
100
AcDbAlignedDimension
 13
42450.0
 23
0.0
 33
0.0
 14
62450.0
 24
0.0
 34
0.0
 50
0.0
100
AcDbRotatedDimension
1001
ACAD
1000
DSTYLE
1002
{
1070
140
1040
120.0
1070
41
1040
84.0
1070
42
1040
150.0
1070
44
1040
150.0
1070
147
1040
80.0
1002
}
  0
DIMENSION
  5
271
330
17
100
AcDbEntity
  8
AKS
100
AcDbDimension
280
0
  2
*D14
  3
Standard
 10
42050.0
 20
0.0
 30
0.0
 11
42050.0
 21
2625.0
 31
0.0
 70
32
 71
5
  1
525
100
AcDbAlignedDimension
 13
42450.0
 23
0.0
 33
0.0
 14
42450.0
 24
5250.0
 34
0.0
 50
90.0
100
AcDbRotatedDimension
1001
ACAD
1000
DSTYLE
1002
{
1070
140
1040
120.0
1070
41
1040
84.0
1070
42
1040
150.0
1070
44
1040
150.0
1070
147
1040
80.0
1002
}
  0
DIMENSION
  5
281
330
17
100
AcDbEntity
  8
AKS
100
AcDbDimension
280
0
  2
*D15
  3
Standard
 10
42050.0
 20
5250.0
 30
0.0
 11
42050.0
 21
7275.0
 31
0.0
 70
32
 71
5
  1
405
100
AcDbAlignedDimension
 13
42450.0
 23
5250.0
 33
0.0
 14
42450.0
 24
9300.0
 34
0.0
 50
90.0
100
AcDbRotatedDimension
1001
ACAD
1000
DSTYLE
1002
{
1070
140
1040
120.0
1070
41
1040
84.0
1070
42
1040
150.0
1070
44
1040
150.0
1070
147
1040
80.0
1002
}
  0
DIMENSION
  5
291
330
17
100
AcDbEntity
  8
AKS
100
AcDbDimension
280
0
  2
*D16
  3
Standard
 10
42050.0
 20
9300.0
 30
0.0
 11
42050.0
 21
10800.0
 31
0.0
 70
32
 71
5
  1
300
100
AcDbAlignedDimension
 13
42450.0
 23
9300.0
 33
0.0
 14
42450.0
 24
12300.0
 34
0.0
 50
90.0
100
AcDbRotatedDimension
1001
ACAD
1000
DSTYLE
1002
{
1070
140
1040
120.0
1070
41
1040
84.0
1070
42
1040
150.0
1070
44
1040
150.0
1070
147
1040
80.0
1002
}
  0
DIMENSION
  5
2A1
330
17
100
AcDbEntity
  8
AKS
100
AcDbDimension
280
0
  2
*D17
  3
Standard
 10
42050.0
 20
12300.0
 30
0.0
 11
42050.0
 21
14900.0
 31
0.0
 70
32
 71
5
  1
520
100
AcDbAlignedDimension
 13
42450.0
 23
12300.0
 33
0.0
 14
42450.0
 24
17500.0
 34
0.0
 50
90.0
100
AcDbRotatedDimension
1001
ACAD
1000
DSTYLE
1002
{
1070
140
1040
120.0
1070
41
1040
84.0
1070
42
1040
150.0
1070
44
1040
150.0
1070
147
1040
80.0
1002
}
  0
DIMENSION
  5
2B1
330
17
100
AcDbEntity
  8
AKS
100
AcDbDimension
280
0
  2
*D18
  3
Standard
 10
40500.0
 20
0.0
 30
0.0
 11
40500.0
 21
8750.0
 31
0.0
 70
32
 71
5
  1
1750
100
AcDbAlignedDimension
 13
42450.0
 23
0.0
 33
0.0
 14
42450.0
 24
17500.0
 34
0.0
 50
90.0
100
AcDbRotatedDimension
1001
ACAD
1000
DSTYLE
1002
{
1070
140
1040
120.0
1070
41
1040
84.0
1070
42
1040
150.0
1070
44
1040
150.0
1070
147
1040
80.0
1002
}
  0
LINE
  5
2C1
330
17
100
AcDbEntity
  8
DUVARLAR
100
AcDbLine
 10
42550.0
 20
100.0
 30
0.0
 11
62350.0
 21
100.0
 31
0.0
  0
LINE
  5
2C2
330
17
100
AcDbEntity
  8
DUVARLAR
100
AcDbLine
 10
42350.0
 20
-100.0
 30
0.0
 11
62550.0
 21
-100.0
 31
0.0
  0
LINE
  5
2C3
330
17
100
AcDbEntity
  8
DUVARLAR
100
AcDbLine
 10
49300.0
 20
5350.0
 30
0.0
 11
51950.0
 21
5350.0
 31
0.0
  0
LINE
  5
2C4
330
17
100
AcDbEntity
  8
DUVARLAR
100
AcDbLine
 10
52950.0
 20
5350.0
 30
0.0
 11
55400.0
 21
5350.0
 31
0.0
  0
LINE
  5
2C5
330
17
100
AcDbEntity
  8
DUVARLAR
100
AcDbLine
 10
49500.0
 20
5150.0
 30
0.0
 11
51950.0
 21
5150.0
 31
0.0
  0
LINE
  5
2C6
330
17
100
AcDbEntity
  8
DUVARLAR
100
AcDbLine
 10
52950.0
 20
5150.0
 30
0.0
 11
55600.0
 21
5150.0
 31
0.0
  0
LINE
  5
2C7
330
17
100
AcDbEntity
  8
DUVARLAR
100
AcDbLine
 10
51950.0
 20
5350.0
 30
0.0
 11
51950.0
 21
5150.0
 31
0.0
  0
LINE
  5
2C8
330
17
100
AcDbEntity
  8
DUVARLAR
100
AcDbLine
 10
52950.0
 20
5350.0
 30
0.0
 11
52950.0
 21
5150.0
 31
0.0
  0
LINE
  5
2C9
330
17
100
AcDbEntity
  8
KAPI-PENCERE
100
AcDbLine
 10
51950.0
 20
5250.0
 30
0.0
 11
51950.0
 21
4250.0
 31
0.0
  0
ARC
  5
2CA
330
17
100
AcDbEntity
  8
KAPI-PENCERE
100
AcDbCircle
 10
51950.0
 20
5250.0
 30
0.0
 40
1000.0
100
AcDbArc
 50
-90.0
 51
0.0
  0
LINE
  5
2CB
330
17
100
AcDbEntity
  8
DUVARLAR
100
AcDbLine
 10
49500.0
 20
8400.0
 30
0.0
 11
49650.0
 21
8400.0
 31
0.0
  0
LINE
  5
2CC
330
17
100
AcDbEntity
  8
DUVARLAR
100
AcDbLine
 10
51250.0
 20
8400.0
 30
0.0
 11
51500.0
 21
8400.0
 31
0.0
  0
LINE
  5
2CD
330
17
100
AcDbEntity
  8
DUVARLAR
100
AcDbLine
 10
49500.0
 20
8200.0
 30
0.0
 11
49650.0
 21
8200.0
 31
0.0
  0
LINE
  5
2CE
330
17
100
AcDbEntity
  8
DUVARLAR
100
AcDbLine
 10
51250.0
 20
8200.0
 30
0.0
 11
51500.0
 21
8200.0
 31
0.0
  0
LINE
  5
2CF
330
17
100
AcDbEntity
  8
DUVARLAR
100
AcDbLine
 10
49650.0
 20
8400.0
 30
0.0
 11
49650.0
 21
8200.0
 31
0.0
  0
LINE
  5
2D0
330
17
100
AcDbEntity
  8
DUVARLAR
100
AcDbLine
 10
51250.0
 20
8400.0
 30
0.0
 11
51250.0
 21
8200.0
 31
0.0
  0
LINE
  5
2D1
330
17
100
AcDbEntity
  8
KAPI-PENCERE
100
AcDbLine
 10
49650.0
 20
8233.333333333334
 30
0.0
 11
51250.0
 21
8233.333333333334
 31
0.0
  0
LINE
  5
2D2
330
17
100
AcDbEntity
  8
KAPI-PENCERE
100
AcDbLine
 10
51250.0
 20
8233.333333333334
 30
0.0
 11
51250.0
 21
8200.0
 31
0.0
  0
LINE
  5
2D3
330
17
100
AcDbEntity
  8
DUVARLAR
100
AcDbLine
 10
51500.0
 20
8400.0
 30
0.0
 11
51500.0
 21
8200.0
 31
0.0
  0
LINE
  5
2D4
330
17
100
AcDbEntity
  8
DUVARLAR
100
AcDbLine
 10
55500.0
 20
8400.0
 30
0.0
 11
55500.0
 21
8200.0
 31
0.0
  0
LINE
  5
2D5
330
17
100
AcDbEntity
  8
DUVARLAR
100
AcDbLine
 10
49300.0
 20
11400.0
 30
0.0
 11
51400.0
 21
11400.0
 31
0.0
  0
LINE
  5
2D6
330
17
100
AcDbEntity
  8
DUVARLAR
100
AcDbLine
 10
49500.0
 20
11200.0
 30
0.0
 11
51400.0
 21
11200.0
 31
0.0
  0
LINE
  5
2D7
330
17
100
AcDbEntity
  8
DUVARLAR
100
AcDbLine
 10
51400.0
 20
12400.0
 30
0.0
 11
55400.0
 21
12400.0
 31
0.0
  0
LINE
  5
2D8
330
17
100
AcDbEntity
  8
DUVARLAR
100
AcDbLine
 10
51600.0
 20
12200.0
 30
0.0
 11
55600.0
 21
12200.0
 31
0.0
  0
LINE
  5
2D9
330
17
100
AcDbEntity
  8
DUVARLAR
100
AcDbLine
 10
62350.0
 20
17400.0
 30
0.0
 11
42550.0
 21
17400.0
 31
0.0
  0
LINE
  5
2DA
330
17
100
AcDbEntity
  8
DUVARLAR
100
AcDbLine
 10
62550.0
 20
17600.0
 30
0.0
 11
42350.0
 21
17600.0
 31
0.0
  0
LINE
  5
2DB
330
17
100
AcDbEntity
  8
DUVARLAR
100
AcDbLine
 10
42550.0
 20
17400.0
 30
0.0
 11
42550.0
 21
100.0
 31
0.0
  0
LINE
  5
2DC
330
17
100
AcDbEntity
  8
DUVARLAR
100
AcDbLine
 10
42350.0
 20
17600.0
 30
0.0
 11
42350.0
 21
-100.0
 31
0.0
  0
LINE
  5
2DD
330
17
100
AcDbEntity
  8
DUVARLAR
100
AcDbLine
 10
49300.0
 20
5350.0
 30
0.0
 11
49300.0
 21
6800.0
 31
0.0
  0
LINE
  5
2DE
330
17
100
AcDbEntity
  8
DUVARLAR
100
AcDbLine
 10
49300.0
 20
7800.0
 30
0.0
 11
49300.0
 21
11400.0
 31
0.0
  0
LINE
  5
2DF
330
17
100
AcDbEntity
  8
DUVARLAR
100
AcDbLine
 10
49500.0
 20
5150.0
 30
0.0
 11
49500.0
 21
6800.0
 31
0.0
  0
LINE
  5
2E0
330
17
100
AcDbEntity
  8
DUVARLAR
100
AcDbLine
 10
49500.0
 20
7800.0
 30
0.0
 11
49500.0
 21
11200.0
 31
0.0
  0
LINE
  5
2E1
330
17
100
AcDbEntity
  8
DUVARLAR
100
AcDbLine
 10
49300.0
 20
6800.0
 30
0.0
 11
49500.0
 21
6800.0
 31
0.0
  0
LINE
  5
2E2
330
17
100
AcDbEntity
  8
DUVARLAR
100
AcDbLine
 10
49300.0
 20
7800.0
 30
0.0
 11
49500.0
 21
7800.0
 31
0.0
  0
LINE
  5
2E3
330
17
100
AcDbEntity
  8
KAPI-PENCERE
100
AcDbLine
 10
49400.0
 20
6800.0
 30
0.0
 11
48400.0
 21
6800.0
 31
0.0
  0
ARC
  5
2E4
330
17
100
AcDbEntity
  8
KAPI-PENCERE
100
AcDbCircle
 10
49400.0
 20
6800.0
 30
0.0
 40
1000.0
100
AcDbArc
 50
90.0
 51
180.0
  0
LINE
  5
2E5
330
17
100
AcDbEntity
  8
DUVARLAR
100
AcDbLine
 10
51400.0
 20
8400.0
 30
0.0
 11
51400.0
 21
12400.0
 31
0.0
  0
LINE
  5
2E6
330
17
100
AcDbEntity
  8
DUVARLAR
100
AcDbLine
 10
51600.0
 20
8400.0
 30
0.0
 11
51600.0
 21
12200.0
 31
0.0
  0
LINE
  5
2E7
330
17
100
AcDbEntity
  8
DUVARLAR
100
AcDbLine
 10
55400.0
 20
5350.0
 30
0.0
 11
55400.0
 21
6800.0
 31
0.0
  0
LINE
  5
2E8
330
17
100
AcDbEntity
  8
DUVARLAR
100
AcDbLine
 10
55400.0
 20
7800.0
 30
0.0
 11
55400.0
 21
12400.0
 31
0.0
  0
LINE
  5
2E9
330
17
100
AcDbEntity
  8
DUVARLAR
100
AcDbLine
 10
55600.0
 20
5150.0
 30
0.0
 11
55600.0
 21
6800.0
 31
0.0
  0
LINE
  5
2EA
330
17
100
AcDbEntity
  8
DUVARLAR
100
AcDbLine
 10
55600.0
 20
7800.0
 30
0.0
 11
55600.0
 21
12200.0
 31
0.0
  0
LINE
  5
2EB
330
17
100
AcDbEntity
  8
DUVARLAR
100
AcDbLine
 10
55400.0
 20
6800.0
 30
0.0
 11
55600.0
 21
6800.0
 31
0.0
  0
LINE
  5
2EC
330
17
100
AcDbEntity
  8
DUVARLAR
100
AcDbLine
 10
55400.0
 20
7800.0
 30
0.0
 11
55600.0
 21
7800.0
 31
0.0
  0
LINE
  5
2ED
330
17
100
AcDbEntity
  8
KAPI-PENCERE
100
AcDbLine
 10
55500.0
 20
6800.0
 30
0.0
 11
56500.0
 21
6800.0
 31
0.0
  0
ARC
  5
2EE
330
17
100
AcDbEntity
  8
KAPI-PENCERE
100
AcDbCircle
 10
55500.0
 20
6800.0
 30
0.0
 40
1000.0
100
AcDbArc
 50
-0.0
 51
90.0
  0
LINE
  5
2EF
330
17
100
AcDbEntity
  8
DUVARLAR
100
AcDbLine
 10
62350.0
 20
100.0
 30
0.0
 11
62350.0
 21
17400.0
 31
0.0
  0
LINE
  5
2F0
330
17
100
AcDbEntity
  8
DUVARLAR
100
AcDbLine
 10
62550.0
 20
-100.0
 30
0.0
 11
62550.0
 21
17600.0
 31
0.0
  0
INSERT
  5
2F1
330
17
100
AcDbEntity
  8
METIN
100
AcDbBlockReference
 66
1
  2
MAHAL_ETIKET
 10
50450.0
 20
9800.0
 30
0.0
 41
2.0
 42
2.0
  0
ATTRIB
  5
2F3
330
17
100
AcDbEntity
  8
METIN
100
AcDbText
 10
50450.0
 20
10036.0
 30
0.0
 40
200.0
  1
ASANSOR
 72
1
 11
50450.0
 21
10036.0
 31
0.0
100
AcDbAttribute
  2
MAHAL_ADI
 70
0
 74
2
  0
ATTRIB
  5
2F4
330
17
100
AcDbEntity
  8
METIN
100
AcDbText
 10
50450.0
 20
9778.0
 30
0.0
 40
156.0
  1
B1-01
 72
1
 11
50450.0
 21
9778.0
 31
0.0
100
AcDbAttribute
  2
MAHAL_KOD
 70
0
 74
2
  0
ATTRIB
  5
2F5
330
17
100
AcDbEntity
  8
METIN
100
AcDbText
 10
50450.0
 20
9542.0
 30
0.0
 40
156.0
  1
5.3 m2
 72
1
 11
50450.0
 21
9542.0
 31
0.0
100
AcDbAttribute
  2
ALAN
 70
0
 74
2
  0
SEQEND
  5
2F2
330
2F1
100
AcDbEntity
  8
METIN
  0
INSERT
  5
2F6
330
17
100
AcDbEntity
  8
METIN
100
AcDbBlockReference
 66
1
  2
MAHAL_ETIKET
 10
53500.0
 20
10300.0
 30
0.0
 41
2.0
 42
2.0
  0
ATTRIB
  5
2F8
330
17
100
AcDbEntity
  8
METIN
100
AcDbText
 10
53500.0
 20
10536.0
 30
0.0
 40
200.0
  1
MERDIVEN
 72
1
 11
53500.0
 21
10536.0
 31
0.0
100
AcDbAttribute
  2
MAHAL_ADI
 70
0
 74
2
  0
ATTRIB
  5
2F9
330
17
100
AcDbEntity
  8
METIN
100
AcDbText
 10
53500.0
 20
10278.0
 30
0.0
 40
156.0
  1
B1-02
 72
1
 11
53500.0
 21
10278.0
 31
0.0
100
AcDbAttribute
  2
MAHAL_KOD
 70
0
 74
2
  0
ATTRIB
  5
2FA
330
17
100
AcDbEntity
  8
METIN
100
AcDbText
 10
53500.0
 20
10042.0
 30
0.0
 40
156.0
  1
14.4 m2
 72
1
 11
53500.0
 21
10042.0
 31
0.0
100
AcDbAttribute
  2
ALAN
 70
0
 74
2
  0
SEQEND
  5
2F7
330
2F6
100
AcDbEntity
  8
METIN
  0
INSERT
  5
2FB
330
17
100
AcDbEntity
  8
METIN
100
AcDbBlockReference
 66
1
  2
MAHAL_ETIKET
 10
52450.0
 20
6775.0
 30
0.0
 41
2.0
 42
2.0
  0
ATTRIB
  5
2FD
330
17
100
AcDbEntity
  8
METIN
100
AcDbText
 10
52450.0
 20
7011.0
 30
0.0
 40
200.0
  1
MERDIVEN HOLU
 72
1
 11
52450.0
 21
7011.0
 31
0.0
100
AcDbAttribute
  2
MAHAL_ADI
 70
0
 74
2
  0
ATTRIB
  5
2FE
330
17
100
AcDbEntity
  8
METIN
100
AcDbText
 10
52450.0
 20
6753.0
 30
0.0
 40
156.0
  1
B1-03
 72
1
 11
52450.0
 21
6753.0
 31
0.0
100
AcDbAttribute
  2
MAHAL_KOD
 70
0
 74
2
  0
ATTRIB
  5
2FF
330
17
100
AcDbEntity
  8
METIN
100
AcDbText
 10
52450.0
 20
6517.0
 30
0.0
 40
156.0
  1
16.8 m2
 72
1
 11
52450.0
 21
6517.0
 31
0.0
100
AcDbAttribute
  2
ALAN
 70
0
 74
2
  0
SEQEND
  5
2FC
330
2FB
100
AcDbEntity
  8
METIN
  0
INSERT
  5
300
330
17
100
AcDbEntity
  8
METIN
100
AcDbBlockReference
 66
1
  2
MAHAL_ETIKET
 10
52450.0
 20
2625.0
 30
0.0
 41
2.0
 42
2.0
  0
ATTRIB
  5
302
330
17
100
AcDbEntity
  8
METIN
100
AcDbText
 10
52450.0
 20
2861.0
 30
0.0
 40
200.0
  1
OTOPARK
 72
1
 11
52450.0
 21
2861.0
 31
0.0
100
AcDbAttribute
  2
MAHAL_ADI
 70
0
 74
2
  0
ATTRIB
  5
303
330
17
100
AcDbEntity
  8
METIN
100
AcDbText
 10
52450.0
 20
2603.0
 30
0.0
 40
156.0
  1
B1-04
 72
1
 11
52450.0
 21
2603.0
 31
0.0
100
AcDbAttribute
  2
MAHAL_KOD
 70
0
 74
2
  0
ATTRIB
  5
304
330
17
100
AcDbEntity
  8
METIN
100
AcDbText
 10
52450.0
 20
2367.0
 30
0.0
 40
156.0
  1
100.0 m2
 72
1
 11
52450.0
 21
2367.0
 31
0.0
100
AcDbAttribute
  2
ALAN
 70
0
 74
2
  0
SEQEND
  5
301
330
300
100
AcDbEntity
  8
METIN
  0
INSERT
  5
305
330
17
100
AcDbEntity
  8
METIN
100
AcDbBlockReference
 66
1
  2
MAHAL_ETIKET
 10
50450.13427734375
 20
14793.93310546875
 30
0.0
 41
2.0
 42
2.0
  0
ATTRIB
  5
307
330
17
100
AcDbEntity
  8
METIN
100
AcDbText
 10
50450.13427734375
 20
15029.93310546875
 30
0.0
 40
200.0
  1
OTOPARK
 72
1
 11
50450.13427734375
 21
15029.93310546875
 31
0.0
100
AcDbAttribute
  2
MAHAL_ADI
 70
0
 74
2
  0
ATTRIB
  5
308
330
17
100
AcDbEntity
  8
METIN
100
AcDbText
 10
50450.13427734375
 20
14771.93310546875
 30
0.0
 40
156.0
  1
B1-05
 72
1
 11
50450.13427734375
 21
14771.93310546875
 31
0.0
100
AcDbAttribute
  2
MAHAL_KOD
 70
0
 74
2
  0
ATTRIB
  5
309
330
17
100
AcDbEntity
  8
METIN
100
AcDbText
 10
50450.13427734375
 20
14535.93310546875
 30
0.0
 40
156.0
  1
101.7 m2
 72
1
 11
50450.13427734375
 21
14535.93310546875
 31
0.0
100
AcDbAttribute
  2
ALAN
 70
0
 74
2
  0
SEQEND
  5
306
330
305
100
AcDbEntity
  8
METIN
  0
INSERT
  5
30A
330
17
100
AcDbEntity
  8
METIN
100
AcDbBlockReference
 66
1
  2
MAHAL_ETIKET
 10
45925.0
 20
8775.0
 30
0.0
 41
2.0
 42
2.0
  0
ATTRIB
  5
30C
330
17
100
AcDbEntity
  8
METIN
100
AcDbText
 10
45925.0
 20
9011.0
 30
0.0
 40
200.0
  1
OTOPARK
 72
1
 11
45925.0
 21
9011.0
 31
0.0
100
AcDbAttribute
  2
MAHAL_ADI
 70
0
 74
2
  0
ATTRIB
  5
30D
330
17
100
AcDbEntity
  8
METIN
100
AcDbText
 10
45925.0
 20
8753.0
 30
0.0
 40
156.0
  1
B1-06
 72
1
 11
45925.0
 21
8753.0
 31
0.0
100
AcDbAttribute
  2
MAHAL_KOD
 70
0
 74
2
  0
ATTRIB
  5
30E
330
17
100
AcDbEntity
  8
METIN
100
AcDbText
 10
45925.0
 20
8517.0
 30
0.0
 40
156.0
  1
47.6 m2
 72
1
 11
45925.0
 21
8517.0
 31
0.0
100
AcDbAttribute
  2
ALAN
 70
0
 74
2
  0
SEQEND
  5
30B
330
30A
100
AcDbEntity
  8
METIN
  0
INSERT
  5
30F
330
17
100
AcDbEntity
  8
METIN
100
AcDbBlockReference
 66
1
  2
MAHAL_ETIKET
 10
58975.0
 20
8775.0
 30
0.0
 41
2.0
 42
2.0
  0
ATTRIB
  5
311
330
17
100
AcDbEntity
  8
METIN
100
AcDbText
 10
58975.0
 20
9011.0
 30
0.0
 40
200.0
  1
OTOPARK
 72
1
 11
58975.0
 21
9011.0
 31
0.0
100
AcDbAttribute
  2
MAHAL_ADI
 70
0
 74
2
  0
ATTRIB
  5
312
330
17
100
AcDbEntity
  8
METIN
100
AcDbText
 10
58975.0
 20
8753.0
 30
0.0
 40
156.0
  1
B1-07
 72
1
 11
58975.0
 21
8753.0
 31
0.0
100
AcDbAttribute
  2
MAHAL_KOD
 70
0
 74
2
  0
ATTRIB
  5
313
330
17
100
AcDbEntity
  8
METIN
100
AcDbText
 10
58975.0
 20
8517.0
 30
0.0
 40
156.0
  1
47.6 m2
 72
1
 11
58975.0
 21
8517.0
 31
0.0
100
AcDbAttribute
  2
ALAN
 70
0
 74
2
  0
SEQEND
  5
310
330
30F
100
AcDbEntity
  8
METIN
  0
LINE
  5
314
330
17
100
AcDbEntity
  8
OTOPARK
100
AcDbLine
 10
42550.0
 20
100.0
 30
0.0
 11
42550.0
 21
2100.0
 31
0.0
  0
LINE
  5
315
330
17
100
AcDbEntity
  8
OTOPARK
100
AcDbLine
 10
48550.0
 20
100.0
 30
0.0
 11
48550.0
 21
2100.0
 31
0.0
  0
LINE
  5
316
330
17
100
AcDbEntity
  8
OTOPARK
100
AcDbLine
 10
54550.0
 20
100.0
 30
0.0
 11
54550.0
 21
2100.0
 31
0.0
  0
LINE
  5
317
330
17
100
AcDbEntity
  8
OTOPARK
100
AcDbLine
 10
60550.0
 20
100.0
 30
0.0
 11
60550.0
 21
2100.0
 31
0.0
  0
LINE
  5
318
330
17
100
AcDbEntity
  8
OTOPARK
100
AcDbLine
 10
42550.0
 20
2100.0
 30
0.0
 11
60550.0
 21
2100.0
 31
0.0
  0
LINE
  5
319
330
17
100
AcDbEntity
  8
OTOPARK
100
AcDbLine
 10
42550.0
 20
17400.0
 30
0.0
 11
42550.0
 21
15400.0
 31
0.0
  0
LINE
  5
31A
330
17
100
AcDbEntity
  8
OTOPARK
100
AcDbLine
 10
48550.0
 20
17400.0
 30
0.0
 11
48550.0
 21
15400.0
 31
0.0
  0
LINE
  5
31B
330
17
100
AcDbEntity
  8
OTOPARK
100
AcDbLine
 10
54550.0
 20
17400.0
 30
0.0
 11
54550.0
 21
15400.0
 31
0.0
  0
LINE
  5
31C
330
17
100
AcDbEntity
  8
OTOPARK
100
AcDbLine
 10
60550.0
 20
17400.0
 30
0.0
 11
60550.0
 21
15400.0
 31
0.0
  0
LINE
  5
31D
330
17
100
AcDbEntity
  8
OTOPARK
100
AcDbLine
 10
42550.0
 20
15400.0
 30
0.0
 11
60550.0
 21
15400.0
 31
0.0
  0
LINE
  5
31E
330
17
100
AcDbEntity
  8
OTOPARK
100
AcDbLine
 10
42550.0
 20
5350.0
 30
0.0
 11
44550.0
 21
5350.0
 31
0.0
  0
LINE
  5
31F
330
17
100
AcDbEntity
  8
OTOPARK
100
AcDbLine
 10
42550.0
 20
11350.0
 30
0.0
 11
44550.0
 21
11350.0
 31
0.0
  0
LINE
  5
320
330
17
100
AcDbEntity
  8
OTOPARK
100
AcDbLine
 10
44550.0
 20
5350.0
 30
0.0
 11
44550.0
 21
11350.0
 31
0.0
  0
LINE
  5
321
330
17
100
AcDbEntity
  8
OTOPARK
100
AcDbLine
 10
62350.0
 20
5350.0
 30
0.0
 11
60350.0
 21
5350.0
 31
0.0
  0
LINE
  5
322
330
17
100
AcDbEntity
  8
OTOPARK
100
AcDbLine
 10
62350.0
 20
11350.0
 30
0.0
 11
60350.0
 21
11350.0
 31
0.0
  0
LINE
  5
323
330
17
100
AcDbEntity
  8
OTOPARK
100
AcDbLine
 10
60350.0
 20
5350.0
 30
0.0
 11
60350.0
 21
11350.0
 31
0.0
  0
LINE
  5
324
330
17
100
AcDbEntity
  8
MERDIVEN
100
AcDbLine
 10
51500.0
 20
8570.0
 30
0.0
 11
52825.0
 21
8570.0
 31
0.0
  0
LINE
  5
325
330
17
100
AcDbEntity
  8
MERDIVEN
100
AcDbLine
 10
54175.0
 20
8570.0
 30
0.0
 11
55500.0
 21
8570.0
 31
0.0
  0
LINE
  5
326
330
17
100
AcDbEntity
  8
MERDIVEN
100
AcDbLine
 10
51500.0
 20
8840.0
 30
0.0
 11
52825.0
 21
8840.0
 31
0.0
  0
LINE
  5
327
330
17
100
AcDbEntity
  8
MERDIVEN
100
AcDbLine
 10
54175.0
 20
8840.0
 30
0.0
 11
55500.0
 21
8840.0
 31
0.0
  0
LINE
  5
328
330
17
100
AcDbEntity
  8
MERDIVEN
100
AcDbLine
 10
51500.0
 20
9110.0
 30
0.0
 11
52825.0
 21
9110.0
 31
0.0
  0
LINE
  5
329
330
17
100
AcDbEntity
  8
MERDIVEN
100
AcDbLine
 10
54175.0
 20
9110.0
 30
0.0
 11
55500.0
 21
9110.0
 31
0.0
  0
LINE
  5
32A
330
17
100
AcDbEntity
  8
MERDIVEN
100
AcDbLine
 10
51500.0
 20
9380.0
 30
0.0
 11
52825.0
 21
9380.0
 31
0.0
  0
LINE
  5
32B
330
17
100
AcDbEntity
  8
MERDIVEN
100
AcDbLine
 10
54175.0
 20
9380.0
 30
0.0
 11
55500.0
 21
9380.0
 31
0.0
  0
LINE
  5
32C
330
17
100
AcDbEntity
  8
MERDIVEN
100
AcDbLine
 10
51500.0
 20
9650.0
 30
0.0
 11
52825.0
 21
9650.0
 31
0.0
  0
LINE
  5
32D
330
17
100
AcDbEntity
  8
MERDIVEN
100
AcDbLine
 10
54175.0
 20
9650.0
 30
0.0
 11
55500.0
 21
9650.0
 31
0.0
  0
LINE
  5
32E
330
17
100
AcDbEntity
  8
MERDIVEN
100
AcDbLine
 10
53095.0
 20
9650.0
 30
0.0
 11
53095.0
 21
12300.0
 31
0.0
  0
LINE
  5
32F
330
17
100
AcDbEntity
  8
MERDIVEN
100
AcDbLine
 10
53365.0
 20
9650.0
 30
0.0
 11
53365.0
 21
12300.0
 31
0.0
  0
LINE
  5
330
330
17
100
AcDbEntity
  8
MERDIVEN
100
AcDbLine
 10
53635.0
 20
9650.0
 30
0.0
 11
53635.0
 21
12300.0
 31
0.0
  0
LINE
  5
331
330
17
100
AcDbEntity
  8
MERDIVEN
100
AcDbLine
 10
53905.0
 20
9650.0
 30
0.0
 11
53905.0
 21
12300.0
 31
0.0
  0
LINE
  5
332
330
17
100
AcDbEntity
  8
MERDIVEN
100
AcDbLine
 10
54175.0
 20
9650.0
 30
0.0
 11
54175.0
 21
12300.0
 31
0.0
  0
LWPOLYLINE
  5
333
330
17
100
AcDbEntity
  8
MERDIVEN
100
AcDbPolyline
 90
4
 70
1
 10
51500.0
 20
9650.0
 10
52825.0
 20
9650.0
 10
52825.0
 20
12300.0
 10
51500.0
 20
12300.0
  0
LWPOLYLINE
  5
334
330
17
100
AcDbEntity
  8
MERDIVEN
100
AcDbPolyline
 90
4
 70
1
 10
54175.0
 20
9650.0
 10
55500.0
 20
9650.0
 10
55500.0
 20
12300.0
 10
54175.0
 20
12300.0
  0
LINE
  5
335
330
17
100
AcDbEntity
  8
MERDIVEN
100
AcDbLine
 10
54175.0
 20
8300.0
 30
0.0
 11
54175.0
 21
9650.0
 31
0.0
  0
LINE
  5
336
330
17
100
AcDbEntity
  8
MERDIVEN
100
AcDbLine
 10
54175.0
 20
9650.0
 30
0.0
 11
52825.0
 21
9650.0
 31
0.0
  0
LINE
  5
337
330
17
100
AcDbEntity
  8
MERDIVEN
100
AcDbLine
 10
52825.0
 20
9650.0
 30
0.0
 11
52825.0
 21
8300.0
 31
0.0
  0
LINE
  5
338
330
17
100
AcDbEntity
  8
MERDIVEN
100
AcDbLine
 10
52162.5
 20
8300.0
 30
0.0
 11
52162.5
 21
10975.0
 31
0.0
  0
LINE
  5
339
330
17
100
AcDbEntity
  8
MERDIVEN
100
AcDbLine
 10
52162.5
 20
10975.0
 30
0.0
 11
54837.5
 21
10975.0
 31
0.0
  0
LINE
  5
33A
330
17
100
AcDbEntity
  8
MERDIVEN
100
AcDbLine
 10
54837.5
 20
10975.0
 30
0.0
 11
54837.5
 21
8300.0
 31
0.0
  0
LWPOLYLINE
  5
33B
330
17
100
AcDbEntity
  8
MERDIVEN
100
AcDbPolyline
 90
3
 70
1
 10
54837.5
 20
8300.0
 10
54897.5
 20
8420.0
 10
54777.5
 20
8420.0
  0
LINE
  5
33C
330
17
100
AcDbEntity
  8
KESIT
  6
KESIT_HATTI
100
AcDbLine
 10
42050.0
 20
5833.333333333333
 30
0.0
 11
62850.0
 21
5833.333333333333
 31
0.0
  0
LWPOLYLINE
  5
33D
330
17
100
AcDbEntity
  8
KESIT
100
AcDbPolyline
 90
3
 70
1
 10
42050.0
 20
6083.333333333333
 10
42150.0
 20
5833.333333333333
 10
41950.0
 20
5833.333333333333
  0
TEXT
  5
33E
330
17
100
AcDbEntity
  8
KESIT
100
AcDbText
 10
42050.0
 20
5433.333333333333
 30
0.0
 40
150.0
  1
A
 72
1
 11
42050.0
 21
5433.333333333333
 31
0.0
100
AcDbText
 73
2
  0
LWPOLYLINE
  5
33F
330
17
100
AcDbEntity
  8
KESIT
100
AcDbPolyline
 90
3
 70
1
 10
62850.0
 20
6083.333333333333
 10
62950.0
 20
5833.333333333333
 10
62750.0
 20
5833.333333333333
  0
TEXT
  5
340
330
17
100
AcDbEntity
  8
KESIT
100
AcDbText
 10
62850.0
 20
5433.333333333333
 30
0.0
 40
150.0
  1
A
 72
1
 11
62850.0
 21
5433.333333333333
 31
0.0
100
AcDbText
 73
2
  0
LINE
  5
341
330
17
100
AcDbEntity
  8
KESIT
  6
KESIT_HATTI
100
AcDbLine
 10
49116.666666666664
 20
-400.0
 30
0.0
 11
49116.666666666664
 21
17900.0
 31
0.0
  0
LWPOLYLINE
  5
342
330
17
100
AcDbEntity
  8
KESIT
100
AcDbPolyline
 90
3
 70
1
 10
49366.666666666664
 20
-400.0
 10
49116.666666666664
 20
-300.0
 10
49116.666666666664
 20
-500.0
  0
TEXT
  5
343
330
17
100
AcDbEntity
  8
KESIT
100
AcDbText
 10
48716.666666666664
 20
-400.0
 30
0.0
 40
150.0
  1
B
 72
1
 11
48716.666666666664
 21
-400.0
 31
0.0
100
AcDbText
 73
2
  0
LWPOLYLINE
  5
344
330
17
100
AcDbEntity
  8
KESIT
100
AcDbPolyline
 90
3
 70
1
 10
49366.666666666664
 20
17900.0
 10
49116.666666666664
 20
18000.0
 10
49116.666666666664
 20
17800.0
  0
TEXT
  5
345
330
17
100
AcDbEntity
  8
KESIT
100
AcDbText
 10
48716.666666666664
 20
17900.0
 30
0.0
 40
150.0
  1
B
 72
1
 11
48716.666666666664
 21
17900.0
 31
0.0
100
AcDbText
 73
2
  0
LWPOLYLINE
  5
346
330
17
100
AcDbEntity
  8
CERCEVE
100
AcDbPolyline
 90
4
 70
1
 10
38300.0
 20
-10150.0
 10
66600.0
 20
-10150.0
 10
66600.0
 20
24950.0
 10
38300.0
 20
24950.0
  0
LWPOLYLINE
  5
347
330
17
100
AcDbEntity
  8
CERCEVE
100
AcDbPolyline
 90
4
 70
1
 10
38450.0
 20
-10000.0
 10
66450.0
 20
-10000.0
 10
66450.0
 20
24800.0
 10
38450.0
 20
24800.0
  0
LWPOLYLINE
  5
348
330
17
100
AcDbEntity
  8
CERCEVE
100
AcDbPolyline
 90
4
 70
1
 10
58450.0
 20
-10000.0
 10
66450.0
 20
-10000.0
 10
66450.0
 20
-8800.0
 10
58450.0
 20
-8800.0
  0
LINE
  5
349
330
17
100
AcDbEntity
  8
CERCEVE
100
AcDbLine
 10
58450.0
 20
-9400.0
 30
0.0
 11
66450.0
 21
-9400.0
 31
0.0
  0
TEXT
  5
34A
330
17
100
AcDbEntity
  8
METIN
100
AcDbText
 10
58550.0
 20
-8900.0
 30
0.0
 40
175.0
  1
OLCEK 1:50
 11
58550.0
 21
-8900.0
 31
0.0
100
AcDbText
 73
3
  0
TEXT
  5
34B
330
17
100
AcDbEntity
  8
METIN
100
AcDbText
 10
58550.0
 20
-9500.0
 30
0.0
 40
175.0
  1
1. BODRUM KAT (OTOPARK)
 11
58550.0
 21
-9500.0
 31
0.0
100
AcDbText
 73
3
  0
LINE
  5
34C
330
17
100
AcDbEntity
  8
AKS
  6
DASHED
100
AcDbLine
 10
70750.0
 20
-750.0
 30
0.0
 11
70750.0
 21
18250.0
 31
0.0
  0
CIRCLE
  5
34D
330
17
100
AcDbEntity
  8
AKS
100
AcDbCircle
 10
70750.0
 20
-1200.0
 30
0.0
 40
450.0
  0
TEXT
  5
34E
330
17
100
AcDbEntity
  8
AKS
100
AcDbText
 10
70750.0
 20
-1200.0
 30
0.0
 40
350.0
  1
1
 72
1
 11
70750.0
 21
-1200.0
 31
0.0
100
AcDbText
 73
2
  0
CIRCLE
  5
34F
330
17
100
AcDbEntity
  8
AKS
100
AcDbCircle
 10
70750.0
 20
18700.0
 30
0.0
 40
450.0
  0
TEXT
  5
350
330
17
100
AcDbEntity
  8
AKS
100
AcDbText
 10
70750.0
 20
18700.0
 30
0.0
 40
350.0
  1
1
 72
1
 11
70750.0
 21
18700.0
 31
0.0
100
AcDbText
 73
2
  0
LINE
  5
351
330
17
100
AcDbEntity
  8
AKS
  6
DASHED
100
AcDbLine
 10
77700.0
 20
-750.0
 30
0.0
 11
77700.0
 21
18250.0
 31
0.0
  0
CIRCLE
  5
352
330
17
100
AcDbEntity
  8
AKS
100
AcDbCircle
 10
77700.0
 20
-1200.0
 30
0.0
 40
450.0
  0
TEXT
  5
353
330
17
100
AcDbEntity
  8
AKS
100
AcDbText
 10
77700.0
 20
-1200.0
 30
0.0
 40
350.0
  1
2
 72
1
 11
77700.0
 21
-1200.0
 31
0.0
100
AcDbText
 73
2
  0
CIRCLE
  5
354
330
17
100
AcDbEntity
  8
AKS
100
AcDbCircle
 10
77700.0
 20
18700.0
 30
0.0
 40
450.0
  0
TEXT
  5
355
330
17
100
AcDbEntity
  8
AKS
100
AcDbText
 10
77700.0
 20
18700.0
 30
0.0
 40
350.0
  1
2
 72
1
 11
77700.0
 21
18700.0
 31
0.0
100
AcDbText
 73
2
  0
LINE
  5
356
330
17
100
AcDbEntity
  8
AKS
  6
DASHED
100
AcDbLine
 10
83800.0
 20
-750.0
 30
0.0
 11
83800.0
 21
18250.0
 31
0.0
  0
CIRCLE
  5
357
330
17
100
AcDbEntity
  8
AKS
100
AcDbCircle
 10
83800.0
 20
-1200.0
 30
0.0
 40
450.0
  0
TEXT
  5
358
330
17
100
AcDbEntity
  8
AKS
100
AcDbText
 10
83800.0
 20
-1200.0
 30
0.0
 40
350.0
  1
3
 72
1
 11
83800.0
 21
-1200.0
 31
0.0
100
AcDbText
 73
2
  0
CIRCLE
  5
359
330
17
100
AcDbEntity
  8
AKS
100
AcDbCircle
 10
83800.0
 20
18700.0
 30
0.0
 40
450.0
  0
TEXT
  5
35A
330
17
100
AcDbEntity
  8
AKS
100
AcDbText
 10
83800.0
 20
18700.0
 30
0.0
 40
350.0
  1
3
 72
1
 11
83800.0
 21
18700.0
 31
0.0
100
AcDbText
 73
2
  0
LINE
  5
35B
330
17
100
AcDbEntity
  8
AKS
  6
DASHED
100
AcDbLine
 10
90750.0
 20
-750.0
 30
0.0
 11
90750.0
 21
18250.0
 31
0.0
  0
CIRCLE
  5
35C
330
17
100
AcDbEntity
  8
AKS
100
AcDbCircle
 10
90750.0
 20
-1200.0
 30
0.0
 40
450.0
  0
TEXT
  5
35D
330
17
100
AcDbEntity
  8
AKS
100
AcDbText
 10
90750.0
 20
-1200.0
 30
0.0
 40
350.0
  1
4
 72
1
 11
90750.0
 21
-1200.0
 31
0.0
100
AcDbText
 73
2
  0
CIRCLE
  5
35E
330
17
100
AcDbEntity
  8
AKS
100
AcDbCircle
 10
90750.0
 20
18700.0
 30
0.0
 40
450.0
  0
TEXT
  5
35F
330
17
100
AcDbEntity
  8
AKS
100
AcDbText
 10
90750.0
 20
18700.0
 30
0.0
 40
350.0
  1
4
 72
1
 11
90750.0
 21
18700.0
 31
0.0
100
AcDbText
 73
2
  0
LINE
  5
360
330
17
100
AcDbEntity
  8
AKS
  6
DASHED
100
AcDbLine
 10
70000.0
 20
0.0
 30
0.0
 11
91500.0
 21
0.0
 31
0.0
  0
CIRCLE
  5
361
330
17
100
AcDbEntity
  8
AKS
100
AcDbCircle
 10
69550.0
 20
0.0
 30
0.0
 40
450.0
  0
TEXT
  5
362
330
17
100
AcDbEntity
  8
AKS
100
AcDbText
 10
69550.0
 20
0.0
 30
0.0
 40
350.0
  1
A
 72
1
 11
69550.0
 21
0.0
 31
0.0
100
AcDbText
 73
2
  0
CIRCLE
  5
363
330
17
100
AcDbEntity
  8
AKS
100
AcDbCircle
 10
91950.0
 20
0.0
 30
0.0
 40
450.0
  0
TEXT
  5
364
330
17
100
AcDbEntity
  8
AKS
100
AcDbText
 10
91950.0
 20
0.0
 30
0.0
 40
350.0
  1
A
 72
1
 11
91950.0
 21
0.0
 31
0.0
100
AcDbText
 73
2
  0
LINE
  5
365
330
17
100
AcDbEntity
  8
AKS
  6
DASHED
100
AcDbLine
 10
70000.0
 20
5250.0
 30
0.0
 11
91500.0
 21
5250.0
 31
0.0
  0
CIRCLE
  5
366
330
17
100
AcDbEntity
  8
AKS
100
AcDbCircle
 10
69550.0
 20
5250.0
 30
0.0
 40
450.0
  0
TEXT
  5
367
330
17
100
AcDbEntity
  8
AKS
100
AcDbText
 10
69550.0
 20
5250.0
 30
0.0
 40
350.0
  1
B
 72
1
 11
69550.0
 21
5250.0
 31
0.0
100
AcDbText
 73
2
  0
CIRCLE
  5
368
330
17
100
AcDbEntity
  8
AKS
100
AcDbCircle
 10
91950.0
 20
5250.0
 30
0.0
 40
450.0
  0
TEXT
  5
369
330
17
100
AcDbEntity
  8
AKS
100
AcDbText
 10
91950.0
 20
5250.0
 30
0.0
 40
350.0
  1
B
 72
1
 11
91950.0
 21
5250.0
 31
0.0
100
AcDbText
 73
2
  0
LINE
  5
36A
330
17
100
AcDbEntity
  8
AKS
  6
DASHED
100
AcDbLine
 10
70000.0
 20
9300.0
 30
0.0
 11
91500.0
 21
9300.0
 31
0.0
  0
CIRCLE
  5
36B
330
17
100
AcDbEntity
  8
AKS
100
AcDbCircle
 10
69550.0
 20
9300.0
 30
0.0
 40
450.0
  0
TEXT
  5
36C
330
17
100
AcDbEntity
  8
AKS
100
AcDbText
 10
69550.0
 20
9300.0
 30
0.0
 40
350.0
  1
C
 72
1
 11
69550.0
 21
9300.0
 31
0.0
100
AcDbText
 73
2
  0
CIRCLE
  5
36D
330
17
100
AcDbEntity
  8
AKS
100
AcDbCircle
 10
91950.0
 20
9300.0
 30
0.0
 40
450.0
  0
TEXT
  5
36E
330
17
100
AcDbEntity
  8
AKS
100
AcDbText
 10
91950.0
 20
9300.0
 30
0.0
 40
350.0
  1
C
 72
1
 11
91950.0
 21
9300.0
 31
0.0
100
AcDbText
 73
2
  0
LINE
  5
36F
330
17
100
AcDbEntity
  8
AKS
  6
DASHED
100
AcDbLine
 10
70000.0
 20
12300.0
 30
0.0
 11
91500.0
 21
12300.0
 31
0.0
  0
CIRCLE
  5
370
330
17
100
AcDbEntity
  8
AKS
100
AcDbCircle
 10
69550.0
 20
12300.0
 30
0.0
 40
450.0
  0
TEXT
  5
371
330
17
100
AcDbEntity
  8
AKS
100
AcDbText
 10
69550.0
 20
12300.0
 30
0.0
 40
350.0
  1
D
 72
1
 11
69550.0
 21
12300.0
 31
0.0
100
AcDbText
 73
2
  0
CIRCLE
  5
372
330
17
100
AcDbEntity
  8
AKS
100
AcDbCircle
 10
91950.0
 20
12300.0
 30
0.0
 40
450.0
  0
TEXT
  5
373
330
17
100
AcDbEntity
  8
AKS
100
AcDbText
 10
91950.0
 20
12300.0
 30
0.0
 40
350.0
  1
D
 72
1
 11
91950.0
 21
12300.0
 31
0.0
100
AcDbText
 73
2
  0
LINE
  5
374
330
17
100
AcDbEntity
  8
AKS
  6
DASHED
100
AcDbLine
 10
70000.0
 20
17500.0
 30
0.0
 11
91500.0
 21
17500.0
 31
0.0
  0
CIRCLE
  5
375
330
17
100
AcDbEntity
  8
AKS
100
AcDbCircle
 10
69550.0
 20
17500.0
 30
0.0
 40
450.0
  0
TEXT
  5
376
330
17
100
AcDbEntity
  8
AKS
100
AcDbText
 10
69550.0
 20
17500.0
 30
0.0
 40
350.0
  1
E
 72
1
 11
69550.0
 21
17500.0
 31
0.0
100
AcDbText
 73
2
  0
CIRCLE
  5
377
330
17
100
AcDbEntity
  8
AKS
100
AcDbCircle
 10
91950.0
 20
17500.0
 30
0.0
 40
450.0
  0
TEXT
  5
378
330
17
100
AcDbEntity
  8
AKS
100
AcDbText
 10
91950.0
 20
17500.0
 30
0.0
 40
350.0
  1
E
 72
1
 11
91950.0
 21
17500.0
 31
0.0
100
AcDbText
 73
2
  0
DIMENSION
  5
379
330
17
100
AcDbEntity
  8
AKS
100
AcDbDimension
280
0
  2
*D19
  3
Standard
 10
70750.0
 20
-400.0
 30
0.0
 11
74225.0
 21
-400.0
 31
0.0
 70
32
 71
5
  1
695
100
AcDbAlignedDimension
 13
70750.0
 23
0.0
 33
0.0
 14
77700.0
 24
0.0
 34
0.0
 50
0.0
100
AcDbRotatedDimension
1001
ACAD
1000
DSTYLE
1002
{
1070
140
1040
120.0
1070
41
1040
84.0
1070
42
1040
150.0
1070
44
1040
150.0
1070
147
1040
80.0
1002
}
  0
DIMENSION
  5
389
330
17
100
AcDbEntity
  8
AKS
100
AcDbDimension
280
0
  2
*D20
  3
Standard
 10
77700.0
 20
-400.0
 30
0.0
 11
80750.0
 21
-400.0
 31
0.0
 70
32
 71
5
  1
610
100
AcDbAlignedDimension
 13
77700.0
 23
0.0
 33
0.0
 14
83800.0
 24
0.0
 34
0.0
 50
0.0
100
AcDbRotatedDimension
1001
ACAD
1000
DSTYLE
1002
{
1070
140
1040
120.0
1070
41
1040
84.0
1070
42
1040
150.0
1070
44
1040
150.0
1070
147
1040
80.0
1002
}
  0
DIMENSION
  5
399
330
17
100
AcDbEntity
  8
AKS
100
AcDbDimension
280
0
  2
*D21
  3
Standard
 10
83800.0
 20
-400.0
 30
0.0
 11
87275.0
 21
-400.0
 31
0.0
 70
32
 71
5
  1
695
100
AcDbAlignedDimension
 13
83800.0
 23
0.0
 33
0.0
 14
90750.0
 24
0.0
 34
0.0
 50
0.0
100
AcDbRotatedDimension
1001
ACAD
1000
DSTYLE
1002
{
1070
140
1040
120.0
1070
41
1040
84.0
1070
42
1040
150.0
1070
44
1040
150.0
1070
147
1040
80.0
1002
}
  0
DIMENSION
  5
3A9
330
17
100
AcDbEntity
  8
AKS
100
AcDbDimension
280
0
  2
*D22
  3
Standard
 10
70750.0
 20
-1950.0
 30
0.0
 11
80750.0
 21
-1950.0
 31
0.0
 70
32
 71
5
  1
2000
100
AcDbAlignedDimension
 13
70750.0
 23
0.0
 33
0.0
 14
90750.0
 24
0.0
 34
0.0
 50
0.0
100
AcDbRotatedDimension
1001
ACAD
1000
DSTYLE
1002
{
1070
140
1040
120.0
1070
41
1040
84.0
1070
42
1040
150.0
1070
44
1040
150.0
1070
147
1040
80.0
1002
}
  0
DIMENSION
  5
3B9
330
17
100
AcDbEntity
  8
AKS
100
AcDbDimension
280
0
  2
*D23
  3
Standard
 10
70350.0
 20
0.0
 30
0.0
 11
70350.0
 21
2625.0
 31
0.0
 70
32
 71
5
  1
525
100
AcDbAlignedDimension
 13
70750.0
 23
0.0
 33
0.0
 14
70750.0
 24
5250.0
 34
0.0
 50
90.0
100
AcDbRotatedDimension
1001
ACAD
1000
DSTYLE
1002
{
1070
140
1040
120.0
1070
41
1040
84.0
1070
42
1040
150.0
1070
44
1040
150.0
1070
147
1040
80.0
1002
}
  0
DIMENSION
  5
3C9
330
17
100
AcDbEntity
  8
AKS
100
AcDbDimension
280
0
  2
*D24
  3
Standard
 10
70350.0
 20
5250.0
 30
0.0
 11
70350.0
 21
7275.0
 31
0.0
 70
32
 71
5
  1
405
100
AcDbAlignedDimension
 13
70750.0
 23
5250.0
 33
0.0
 14
70750.0
 24
9300.0
 34
0.0
 50
90.0
100
AcDbRotatedDimension
1001
ACAD
1000
DSTYLE
1002
{
1070
140
1040
120.0
1070
41
1040
84.0
1070
42
1040
150.0
1070
44
1040
150.0
1070
147
1040
80.0
1002
}
  0
DIMENSION
  5
3D9
330
17
100
AcDbEntity
  8
AKS
100
AcDbDimension
280
0
  2
*D25
  3
Standard
 10
70350.0
 20
9300.0
 30
0.0
 11
70350.0
 21
10800.0
 31
0.0
 70
32
 71
5
  1
300
100
AcDbAlignedDimension
 13
70750.0
 23
9300.0
 33
0.0
 14
70750.0
 24
12300.0
 34
0.0
 50
90.0
100
AcDbRotatedDimension
1001
ACAD
1000
DSTYLE
1002
{
1070
140
1040
120.0
1070
41
1040
84.0
1070
42
1040
150.0
1070
44
1040
150.0
1070
147
1040
80.0
1002
}
  0
DIMENSION
  5
3E9
330
17
100
AcDbEntity
  8
AKS
100
AcDbDimension
280
0
  2
*D26
  3
Standard
 10
70350.0
 20
12300.0
 30
0.0
 11
70350.0
 21
14900.0
 31
0.0
 70
32
 71
5
  1
520
100
AcDbAlignedDimension
 13
70750.0
 23
12300.0
 33
0.0
 14
70750.0
 24
17500.0
 34
0.0
 50
90.0
100
AcDbRotatedDimension
1001
ACAD
1000
DSTYLE
1002
{
1070
140
1040
120.0
1070
41
1040
84.0
1070
42
1040
150.0
1070
44
1040
150.0
1070
147
1040
80.0
1002
}
  0
DIMENSION
  5
3F9
330
17
100
AcDbEntity
  8
AKS
100
AcDbDimension
280
0
  2
*D27
  3
Standard
 10
68800.0
 20
0.0
 30
0.0
 11
68800.0
 21
8750.0
 31
0.0
 70
32
 71
5
  1
1750
100
AcDbAlignedDimension
 13
70750.0
 23
0.0
 33
0.0
 14
70750.0
 24
17500.0
 34
0.0
 50
90.0
100
AcDbRotatedDimension
1001
ACAD
1000
DSTYLE
1002
{
1070
140
1040
120.0
1070
41
1040
84.0
1070
42
1040
150.0
1070
44
1040
150.0
1070
147
1040
80.0
1002
}
  0
LINE
  5
409
330
17
100
AcDbEntity
  8
DUVARLAR
100
AcDbLine
 10
70850.0
 20
100.0
 30
0.0
 11
74000.0
 21
100.0
 31
0.0
  0
LINE
  5
40A
330
17
100
AcDbEntity
  8
DUVARLAR
100
AcDbLine
 10
75500.0
 20
100.0
 30
0.0
 11
76450.0
 21
100.0
 31
0.0
  0
LINE
  5
40B
330
17
100
AcDbEntity
  8
DUVARLAR
100
AcDbLine
 10
78450.0
 20
100.0
 30
0.0
 11
79850.0
 21
100.0
 31
0.0
  0
LINE
  5
40C
330
17
100
AcDbEntity
  8
DUVARLAR
100
AcDbLine
 10
81650.0
 20
100.0
 30
0.0
 11
83050.0
 21
100.0
 31
0.0
  0
LINE
  5
40D
330
17
100
AcDbEntity
  8
DUVARLAR
100
AcDbLine
 10
85050.0
 20
100.0
 30
0.0
 11
86000.0
 21
100.0
 31
0.0
  0
LINE
  5
40E
330
17
100
AcDbEntity
  8
DUVARLAR
100
AcDbLine
 10
87500.0
 20
100.0
 30
0.0
 11
90650.0
 21
100.0
 31
0.0
  0
LINE
  5
40F
330
17
100
AcDbEntity
  8
DUVARLAR
100
AcDbLine
 10
70650.0
 20
-100.0
 30
0.0
 11
74000.0
 21
-100.0
 31
0.0
  0
LINE
  5
410
330
17
100
AcDbEntity
  8
DUVARLAR
100
AcDbLine
 10
75500.0
 20
-100.0
 30
0.0
 11
76450.0
 21
-100.0
 31
0.0
  0
LINE
  5
411
330
17
100
AcDbEntity
  8
DUVARLAR
100
AcDbLine
 10
78450.0
 20
-100.0
 30
0.0
 11
79850.0
 21
-100.0
 31
0.0
  0
LINE
  5
412
330
17
100
AcDbEntity
  8
DUVARLAR
100
AcDbLine
 10
81650.0
 20
-100.0
 30
0.0
 11
83050.0
 21
-100.0
 31
0.0
  0
LINE
  5
413
330
17
100
AcDbEntity
  8
DUVARLAR
100
AcDbLine
 10
85050.0
 20
-100.0
 30
0.0
 11
86000.0
 21
-100.0
 31
0.0
  0
LINE
  5
414
330
17
100
AcDbEntity
  8
DUVARLAR
100
AcDbLine
 10
87500.0
 20
-100.0
 30
0.0
 11
90850.0
 21
-100.0
 31
0.0
  0
LINE
  5
415
330
17
100
AcDbEntity
  8
DUVARLAR
100
AcDbLine
 10
74000.0
 20
100.0
 30
0.0
 11
74000.0
 21
-100.0
 31
0.0
  0
LINE
  5
416
330
17
100
AcDbEntity
  8
DUVARLAR
100
AcDbLine
 10
75500.0
 20
100.0
 30
0.0
 11
75500.0
 21
-100.0
 31
0.0
  0
LINE
  5
417
330
17
100
AcDbEntity
  8
KAPI-PENCERE
100
AcDbLine
 10
74000.0
 20
0.0
 30
0.0
 11
74000.0
 21
1500.0
 31
0.0
  0
ARC
  5
418
330
17
100
AcDbEntity
  8
KAPI-PENCERE
100
AcDbCircle
 10
74000.0
 20
0.0
 30
0.0
 40
1500.0
100
AcDbArc
 50
0.0
 51
90.0
  0
LINE
  5
419
330
17
100
AcDbEntity
  8
DUVARLAR
100
AcDbLine
 10
76450.0
 20
100.0
 30
0.0
 11
76450.0
 21
-100.0
 31
0.0
  0
LINE
  5
41A
330
17
100
AcDbEntity
  8
DUVARLAR
100
AcDbLine
 10
78450.0
 20
100.0
 30
0.0
 11
78450.0
 21
-100.0
 31
0.0
  0
LINE
  5
41B
330
17
100
AcDbEntity
  8
KAPI-PENCERE
100
AcDbLine
 10
76450.0
 20
-50.0
 30
0.0
 11
78450.0
 21
-50.0
 31
0.0
  0
LINE
  5
41C
330
17
100
AcDbEntity
  8
KAPI-PENCERE
100
AcDbLine
 10
76450.0
 20
50.0
 30
0.0
 11
78450.0
 21
50.0
 31
0.0
  0
LINE
  5
41D
330
17
100
AcDbEntity
  8
DUVARLAR
100
AcDbLine
 10
79850.0
 20
100.0
 30
0.0
 11
79850.0
 21
-100.0
 31
0.0
  0
LINE
  5
41E
330
17
100
AcDbEntity
  8
DUVARLAR
100
AcDbLine
 10
81650.0
 20
100.0
 30
0.0
 11
81650.0
 21
-100.0
 31
0.0
  0
LINE
  5
41F
330
17
100
AcDbEntity
  8
KAPI-PENCERE
100
AcDbLine
 10
79850.0
 20
0.0
 30
0.0
 11
79850.0
 21
1800.0
 31
0.0
  0
ARC
  5
420
330
17
100
AcDbEntity
  8
KAPI-PENCERE
100
AcDbCircle
 10
79850.0
 20
0.0
 30
0.0
 40
1800.0
100
AcDbArc
 50
0.0
 51
90.0
  0
LINE
  5
421
330
17
100
AcDbEntity
  8
DUVARLAR
100
AcDbLine
 10
83050.0
 20
100.0
 30
0.0
 11
83050.0
 21
-100.0
 31
0.0
  0
LINE
  5
422
330
17
100
AcDbEntity
  8
DUVARLAR
100
AcDbLine
 10
85050.0
 20
100.0
 30
0.0
 11
85050.0
 21
-100.0
 31
0.0
  0
LINE
  5
423
330
17
100
AcDbEntity
  8
KAPI-PENCERE
100
AcDbLine
 10
83050.0
 20
-50.0
 30
0.0
 11
85050.0
 21
-50.0
 31
0.0
  0
LINE
  5
424
330
17
100
AcDbEntity
  8
KAPI-PENCERE
100
AcDbLine
 10
83050.0
 20
50.0
 30
0.0
 11
85050.0
 21
50.0
 31
0.0
  0
LINE
  5
425
330
17
100
AcDbEntity
  8
DUVARLAR
100
AcDbLine
 10
86000.0
 20
100.0
 30
0.0
 11
86000.0
 21
-100.0
 31
0.0
  0
LINE
  5
426
330
17
100
AcDbEntity
  8
DUVARLAR
100
AcDbLine
 10
87500.0
 20
100.0
 30
0.0
 11
87500.0
 21
-100.0
 31
0.0
  0
LINE
  5
427
330
17
100
AcDbEntity
  8
KAPI-PENCERE
100
AcDbLine
 10
86000.0
 20
0.0
 30
0.0
 11
86000.0
 21
1500.0
 31
0.0
  0
ARC
  5
428
330
17
100
AcDbEntity
  8
KAPI-PENCERE
100
AcDbCircle
 10
86000.0
 20
0.0
 30
0.0
 40
1500.0
100
AcDbArc
 50
0.0
 51
90.0
  0
LINE
  5
429
330
17
100
AcDbEntity
  8
DUVARLAR
100
AcDbLine
 10
77600.0
 20
5350.0
 30
0.0
 11
78650.0
 21
5350.0
 31
0.0
  0
LINE
  5
42A
330
17
100
AcDbEntity
  8
DUVARLAR
100
AcDbLine
 10
77800.0
 20
5150.0
 30
0.0
 11
78850.0
 21
5150.0
 31
0.0
  0
LINE
  5
42B
330
17
100
AcDbEntity
  8
DUVARLAR
100
AcDbLine
 10
82650.0
 20
5350.0
 30
0.0
 11
83700.0
 21
5350.0
 31
0.0
  0
LINE
  5
42C
330
17
100
AcDbEntity
  8
DUVARLAR
100
AcDbLine
 10
82850.0
 20
5150.0
 30
0.0
 11
83900.0
 21
5150.0
 31
0.0
  0
LINE
  5
42D
330
17
100
AcDbEntity
  8
DUVARLAR
100
AcDbLine
 10
77800.0
 20
8400.0
 30
0.0
 11
77950.0
 21
8400.0
 31
0.0
  0
LINE
  5
42E
330
17
100
AcDbEntity
  8
DUVARLAR
100
AcDbLine
 10
79550.0
 20
8400.0
 30
0.0
 11
79800.0
 21
8400.0
 31
0.0
  0
LINE
  5
42F
330
17
100
AcDbEntity
  8
DUVARLAR
100
AcDbLine
 10
77800.0
 20
8200.0
 30
0.0
 11
77950.0
 21
8200.0
 31
0.0
  0
LINE
  5
430
330
17
100
AcDbEntity
  8
DUVARLAR
100
AcDbLine
 10
79550.0
 20
8200.0
 30
0.0
 11
79800.0
 21
8200.0
 31
0.0
  0
LINE
  5
431
330
17
100
AcDbEntity
  8
DUVARLAR
100
AcDbLine
 10
77950.0
 20
8400.0
 30
0.0
 11
77950.0
 21
8200.0
 31
0.0
  0
LINE
  5
432
330
17
100
AcDbEntity
  8
DUVARLAR
100
AcDbLine
 10
79550.0
 20
8400.0
 30
0.0
 11
79550.0
 21
8200.0
 31
0.0
  0
LINE
  5
433
330
17
100
AcDbEntity
  8
KAPI-PENCERE
100
AcDbLine
 10
77950.0
 20
8233.333333333334
 30
0.0
 11
79550.0
 21
8233.333333333334
 31
0.0
  0
LINE
  5
434
330
17
100
AcDbEntity
  8
KAPI-PENCERE
100
AcDbLine
 10
79550.0
 20
8233.333333333334
 30
0.0
 11
79550.0
 21
8200.0
 31
0.0
  0
LINE
  5
435
330
17
100
AcDbEntity
  8
DUVARLAR
100
AcDbLine
 10
79800.0
 20
8400.0
 30
0.0
 11
79800.0
 21
8200.0
 31
0.0
  0
LINE
  5
436
330
17
100
AcDbEntity
  8
DUVARLAR
100
AcDbLine
 10
83800.0
 20
8400.0
 30
0.0
 11
83800.0
 21
8200.0
 31
0.0
  0
LINE
  5
437
330
17
100
AcDbEntity
  8
DUVARLAR
100
AcDbLine
 10
77600.0
 20
11400.0
 30
0.0
 11
79700.0
 21
11400.0
 31
0.0
  0
LINE
  5
438
330
17
100
AcDbEntity
  8
DUVARLAR
100
AcDbLine
 10
77800.0
 20
11200.0
 30
0.0
 11
79700.0
 21
11200.0
 31
0.0
  0
LINE
  5
439
330
17
100
AcDbEntity
  8
DUVARLAR
100
AcDbLine
 10
70850.0
 20
12400.0
 30
0.0
 11
90650.0
 21
12400.0
 31
0.0
  0
LINE
  5
43A
330
17
100
AcDbEntity
  8
DUVARLAR
100
AcDbLine
 10
70850.0
 20
12200.0
 30
0.0
 11
90650.0
 21
12200.0
 31
0.0
  0
LINE
  5
43B
330
17
100
AcDbEntity
  8
DUVARLAR
100
AcDbLine
 10
90650.0
 20
17400.0
 30
0.0
 11
89950.0
 21
17400.0
 31
0.0
  0
LINE
  5
43C
330
17
100
AcDbEntity
  8
DUVARLAR
100
AcDbLine
 10
87950.0
 20
17400.0
 30
0.0
 11
86500.0
 21
17400.0
 31
0.0
  0
LINE
  5
43D
330
17
100
AcDbEntity
  8
DUVARLAR
100
AcDbLine
 10
85000.0
 20
17400.0
 30
0.0
 11
76500.0
 21
17400.0
 31
0.0
  0
LINE
  5
43E
330
17
100
AcDbEntity
  8
DUVARLAR
100
AcDbLine
 10
75000.0
 20
17400.0
 30
0.0
 11
73550.0
 21
17400.0
 31
0.0
  0
LINE
  5
43F
330
17
100
AcDbEntity
  8
DUVARLAR
100
AcDbLine
 10
71550.0
 20
17400.0
 30
0.0
 11
70850.0
 21
17400.0
 31
0.0
  0
LINE
  5
440
330
17
100
AcDbEntity
  8
DUVARLAR
100
AcDbLine
 10
90850.0
 20
17600.0
 30
0.0
 11
89950.0
 21
17600.0
 31
0.0
  0
LINE
  5
441
330
17
100
AcDbEntity
  8
DUVARLAR
100
AcDbLine
 10
87950.0
 20
17600.0
 30
0.0
 11
86500.0
 21
17600.0
 31
0.0
  0
LINE
  5
442
330
17
100
AcDbEntity
  8
DUVARLAR
100
AcDbLine
 10
85000.0
 20
17600.0
 30
0.0
 11
76500.0
 21
17600.0
 31
0.0
  0
LINE
  5
443
330
17
100
AcDbEntity
  8
DUVARLAR
100
AcDbLine
 10
75000.0
 20
17600.0
 30
0.0
 11
73550.0
 21
17600.0
 31
0.0
  0
LINE
  5
444
330
17
100
AcDbEntity
  8
DUVARLAR
100
AcDbLine
 10
71550.0
 20
17600.0
 30
0.0
 11
70650.0
 21
17600.0
 31
0.0
  0
LINE
  5
445
330
17
100
AcDbEntity
  8
DUVARLAR
100
AcDbLine
 10
89950.0
 20
17400.0
 30
0.0
 11
89950.0
 21
17600.0
 31
0.0
  0
LINE
  5
446
330
17
100
AcDbEntity
  8
DUVARLAR
100
AcDbLine
 10
87950.0
 20
17400.0
 30
0.0
 11
87950.0
 21
17600.0
 31
0.0
  0
LINE
  5
447
330
17
100
AcDbEntity
  8
KAPI-PENCERE
100
AcDbLine
 10
89950.0
 20
17550.0
 30
0.0
 11
87950.0
 21
17550.0
 31
0.0
  0
LINE
  5
448
330
17
100
AcDbEntity
  8
KAPI-PENCERE
100
AcDbLine
 10
89950.0
 20
17450.0
 30
0.0
 11
87950.0
 21
17450.0
 31
0.0
  0
LINE
  5
449
330
17
100
AcDbEntity
  8
DUVARLAR
100
AcDbLine
 10
86500.0
 20
17400.0
 30
0.0
 11
86500.0
 21
17600.0
 31
0.0
  0
LINE
  5
44A
330
17
100
AcDbEntity
  8
DUVARLAR
100
AcDbLine
 10
85000.0
 20
17400.0
 30
0.0
 11
85000.0
 21
17600.0
 31
0.0
  0
LINE
  5
44B
330
17
100
AcDbEntity
  8
KAPI-PENCERE
100
AcDbLine
 10
86500.0
 20
17500.0
 30
0.0
 11
86500.0
 21
16000.0
 31
0.0
  0
ARC
  5
44C
330
17
100
AcDbEntity
  8
KAPI-PENCERE
100
AcDbCircle
 10
86500.0
 20
17500.0
 30
0.0
 40
1500.0
100
AcDbArc
 50
180.0
 51
-90.0
  0
LINE
  5
44D
330
17
100
AcDbEntity
  8
DUVARLAR
100
AcDbLine
 10
76500.0
 20
17400.0
 30
0.0
 11
76500.0
 21
17600.0
 31
0.0
  0
LINE
  5
44E
330
17
100
AcDbEntity
  8
DUVARLAR
100
AcDbLine
 10
75000.0
 20
17400.0
 30
0.0
 11
75000.0
 21
17600.0
 31
0.0
  0
LINE
  5
44F
330
17
100
AcDbEntity
  8
KAPI-PENCERE
100
AcDbLine
 10
76500.0
 20
17500.0
 30
0.0
 11
76500.0
 21
16000.0
 31
0.0
  0
ARC
  5
450
330
17
100
AcDbEntity
  8
KAPI-PENCERE
100
AcDbCircle
 10
76500.0
 20
17500.0
 30
0.0
 40
1500.0
100
AcDbArc
 50
180.0
 51
-90.0
  0
LINE
  5
451
330
17
100
AcDbEntity
  8
DUVARLAR
100
AcDbLine
 10
73550.0
 20
17400.0
 30
0.0
 11
73550.0
 21
17600.0
 31
0.0
  0
LINE
  5
452
330
17
100
AcDbEntity
  8
DUVARLAR
100
AcDbLine
 10
71550.0
 20
17400.0
 30
0.0
 11
71550.0
 21
17600.0
 31
0.0
  0
LINE
  5
453
330
17
100
AcDbEntity
  8
KAPI-PENCERE
100
AcDbLine
 10
73550.0
 20
17550.0
 30
0.0
 11
71550.0
 21
17550.0
 31
0.0
  0
LINE
  5
454
330
17
100
AcDbEntity
  8
KAPI-PENCERE
100
AcDbLine
 10
73550.0
 20
17450.0
 30
0.0
 11
71550.0
 21
17450.0
 31
0.0
  0
LINE
  5
455
330
17
100
AcDbEntity
  8
DUVARLAR
100
AcDbLine
 10
70850.0
 20
17400.0
 30
0.0
 11
70850.0
 21
10000.0
 31
0.0
  0
LINE
  5
456
330
17
100
AcDbEntity
  8
DUVARLAR
100
AcDbLine
 10
70850.0
 20
8000.0
 30
0.0
 11
70850.0
 21
100.0
 31
0.0
  0
LINE
  5
457
330
17
100
AcDbEntity
  8
DUVARLAR
100
AcDbLine
 10
70650.0
 20
17600.0
 30
0.0
 11
70650.0
 21
10000.0
 31
0.0
  0
LINE
  5
458
330
17
100
AcDbEntity
  8
DUVARLAR
100
AcDbLine
 10
70650.0
 20
8000.0
 30
0.0
 11
70650.0
 21
-100.0
 31
0.0
  0
LINE
  5
459
330
17
100
AcDbEntity
  8
DUVARLAR
100
AcDbLine
 10
70850.0
 20
10000.0
 30
0.0
 11
70650.0
 21
10000.0
 31
0.0
  0
LINE
  5
45A
330
17
100
AcDbEntity
  8
DUVARLAR
100
AcDbLine
 10
70850.0
 20
8000.0
 30
0.0
 11
70650.0
 21
8000.0
 31
0.0
  0
LINE
  5
45B
330
17
100
AcDbEntity
  8
KAPI-PENCERE
100
AcDbLine
 10
70700.0
 20
10000.0
 30
0.0
 11
70700.0
 21
8000.0
 31
0.0
  0
LINE
  5
45C
330
17
100
AcDbEntity
  8
KAPI-PENCERE
100
AcDbLine
 10
70800.0
 20
10000.0
 30
0.0
 11
70800.0
 21
8000.0
 31
0.0
  0
LINE
  5
45D
330
17
100
AcDbEntity
  8
DUVARLAR
100
AcDbLine
 10
77600.0
 20
5350.0
 30
0.0
 11
77600.0
 21
11400.0
 31
0.0
  0
LINE
  5
45E
330
17
100
AcDbEntity
  8
DUVARLAR
100
AcDbLine
 10
77800.0
 20
5150.0
 30
0.0
 11
77800.0
 21
11200.0
 31
0.0
  0
LINE
  5
45F
330
17
100
AcDbEntity
  8
DUVARLAR
100
AcDbLine
 10
78650.0
 20
100.0
 30
0.0
 11
78650.0
 21
5350.0
 31
0.0
  0
LINE
  5
460
330
17
100
AcDbEntity
  8
DUVARLAR
100
AcDbLine
 10
78850.0
 20
100.0
 30
0.0
 11
78850.0
 21
5150.0
 31
0.0
  0
LINE
  5
461
330
17
100
AcDbEntity
  8
DUVARLAR
100
AcDbLine
 10
79700.0
 20
8400.0
 30
0.0
 11
79700.0
 21
12200.0
 31
0.0
  0
LINE
  5
462
330
17
100
AcDbEntity
  8
DUVARLAR
100
AcDbLine
 10
79900.0
 20
8400.0
 30
0.0
 11
79900.0
 21
12200.0
 31
0.0
  0
LINE
  5
463
330
17
100
AcDbEntity
  8
DUVARLAR
100
AcDbLine
 10
80650.0
 20
12400.0
 30
0.0
 11
80650.0
 21
17400.0
 31
0.0
  0
LINE
  5
464
330
17
100
AcDbEntity
  8
DUVARLAR
100
AcDbLine
 10
80850.0
 20
12400.0
 30
0.0
 11
80850.0
 21
17400.0
 31
0.0
  0
LINE
  5
465
330
17
100
AcDbEntity
  8
DUVARLAR
100
AcDbLine
 10
82650.0
 20
100.0
 30
0.0
 11
82650.0
 21
5350.0
 31
0.0
  0
LINE
  5
466
330
17
100
AcDbEntity
  8
DUVARLAR
100
AcDbLine
 10
82850.0
 20
100.0
 30
0.0
 11
82850.0
 21
5150.0
 31
0.0
  0
LINE
  5
467
330
17
100
AcDbEntity
  8
DUVARLAR
100
AcDbLine
 10
83700.0
 20
5350.0
 30
0.0
 11
83700.0
 21
12200.0
 31
0.0
  0
LINE
  5
468
330
17
100
AcDbEntity
  8
DUVARLAR
100
AcDbLine
 10
83900.0
 20
5150.0
 30
0.0
 11
83900.0
 21
12200.0
 31
0.0
  0
LINE
  5
469
330
17
100
AcDbEntity
  8
DUVARLAR
100
AcDbLine
 10
90650.0
 20
100.0
 30
0.0
 11
90650.0
 21
8000.0
 31
0.0
  0
LINE
  5
46A
330
17
100
AcDbEntity
  8
DUVARLAR
100
AcDbLine
 10
90650.0
 20
10000.0
 30
0.0
 11
90650.0
 21
17400.0
 31
0.0
  0
LINE
  5
46B
330
17
100
AcDbEntity
  8
DUVARLAR
100
AcDbLine
 10
90850.0
 20
-100.0
 30
0.0
 11
90850.0
 21
8000.0
 31
0.0
  0
LINE
  5
46C
330
17
100
AcDbEntity
  8
DUVARLAR
100
AcDbLine
 10
90850.0
 20
10000.0
 30
0.0
 11
90850.0
 21
17600.0
 31
0.0
  0
LINE
  5
46D
330
17
100
AcDbEntity
  8
DUVARLAR
100
AcDbLine
 10
90650.0
 20
8000.0
 30
0.0
 11
90850.0
 21
8000.0
 31
0.0
  0
LINE
  5
46E
330
17
100
AcDbEntity
  8
DUVARLAR
100
AcDbLine
 10
90650.0
 20
10000.0
 30
0.0
 11
90850.0
 21
10000.0
 31
0.0
  0
LINE
  5
46F
330
17
100
AcDbEntity
  8
KAPI-PENCERE
100
AcDbLine
 10
90800.0
 20
8000.0
 30
0.0
 11
90800.0
 21
10000.0
 31
0.0
  0
LINE
  5
470
330
17
100
AcDbEntity
  8
KAPI-PENCERE
100
AcDbLine
 10
90700.0
 20
8000.0
 30
0.0
 11
90700.0
 21
10000.0
 31
0.0
  0
INSERT
  5
471
330
17
100
AcDbEntity
  8
METIN
100
AcDbBlockReference
 66
1
  2
MAHAL_ETIKET
 10
78750.0
 20
9800.0
 30
0.0
 41
2.0
 42
2.0
  0
ATTRIB
  5
473
330
17
100
AcDbEntity
  8
METIN
100
AcDbText
 10
78750.0
 20
10036.0
 30
0.0
 40
200.0
  1
ASANSOR
 72
1
 11
78750.0
 21
10036.0
 31
0.0
100
AcDbAttribute
  2
MAHAL_ADI
 70
0
 74
2
  0
ATTRIB
  5
474
330
17
100
AcDbEntity
  8
METIN
100
AcDbText
 10
78750.0
 20
9778.0
 30
0.0
 40
156.0
  1
ZK-01
 72
1
 11
78750.0
 21
9778.0
 31
0.0
100
AcDbAttribute
  2
MAHAL_KOD
 70
0
 74
2
  0
ATTRIB
  5
475
330
17
100
AcDbEntity
  8
METIN
100
AcDbText
 10
78750.0
 20
9542.0
 30
0.0
 40
156.0
  1
5.3 m2
 72
1
 11
78750.0
 21
9542.0
 31
0.0
100
AcDbAttribute
  2
ALAN
 70
0
 74
2
  0
SEQEND
  5
472
330
471
100
AcDbEntity
  8
METIN
  0
INSERT
  5
476
330
17
100
AcDbEntity
  8
METIN
100
AcDbBlockReference
 66
1
  2
MAHAL_ETIKET
 10
81800.0
 20
10300.0
 30
0.0
 41
2.0
 42
2.0
  0
ATTRIB
  5
478
330
17
100
AcDbEntity
  8
METIN
100
AcDbText
 10
81800.0
 20
10536.0
 30
0.0
 40
200.0
  1
MERDIVEN
 72
1
 11
81800.0
 21
10536.0
 31
0.0
100
AcDbAttribute
  2
MAHAL_ADI
 70
0
 74
2
  0
ATTRIB
  5
479
330
17
100
AcDbEntity
  8
METIN
100
AcDbText
 10
81800.0
 20
10278.0
 30
0.0
 40
156.0
  1
ZK-02
 72
1
 11
81800.0
 21
10278.0
 31
0.0
100
AcDbAttribute
  2
MAHAL_KOD
 70
0
 74
2
  0
ATTRIB
  5
47A
330
17
100
AcDbEntity
  8
METIN
100
AcDbText
 10
81800.0
 20
10042.0
 30
0.0
 40
156.0
  1
14.4 m2
 72
1
 11
81800.0
 21
10042.0
 31
0.0
100
AcDbAttribute
  2
ALAN
 70
0
 74
2
  0
SEQEND
  5
477
330
476
100
AcDbEntity
  8
METIN
  0
INSERT
  5
47B
330
17
100
AcDbEntity
  8
METIN
100
AcDbBlockReference
 66
1
  2
MAHAL_ETIKET
 10
80750.0
 20
6775.0
 30
0.0
 41
2.0
 42
2.0
  0
ATTRIB
  5
47D
330
17
100
AcDbEntity
  8
METIN
100
AcDbText
 10
80750.0
 20
7011.0
 30
0.0
 40
200.0
  1
GIRIS HOLU
 72
1
 11
80750.0
 21
7011.0
 31
0.0
100
AcDbAttribute
  2
MAHAL_ADI
 70
0
 74
2
  0
ATTRIB
  5
47E
330
17
100
AcDbEntity
  8
METIN
100
AcDbText
 10
80750.0
 20
6753.0
 30
0.0
 40
156.0
  1
ZK-03
 72
1
 11
80750.0
 21
6753.0
 31
0.0
100
AcDbAttribute
  2
MAHAL_KOD
 70
0
 74
2
  0
ATTRIB
  5
47F
330
17
100
AcDbEntity
  8
METIN
100
AcDbText
 10
80750.0
 20
6517.0
 30
0.0
 40
156.0
  1
16.8 m2
 72
1
 11
80750.0
 21
6517.0
 31
0.0
100
AcDbAttribute
  2
ALAN
 70
0
 74
2
  0
SEQEND
  5
47C
330
47B
100
AcDbEntity
  8
METIN
  0
INSERT
  5
480
330
17
100
AcDbEntity
  8
METIN
100
AcDbBlockReference
 66
1
  2
MAHAL_ETIKET
 10
80750.0
 20
2625.0
 30
0.0
 41
2.0
 42
2.0
  0
ATTRIB
  5
482
330
17
100
AcDbEntity
  8
METIN
100
AcDbText
 10
80750.0
 20
2861.0
 30
0.0
 40
200.0
  1
GIRIS LOBISI
 72
1
 11
80750.0
 21
2861.0
 31
0.0
100
AcDbAttribute
  2
MAHAL_ADI
 70
0
 74
2
  0
ATTRIB
  5
483
330
17
100
AcDbEntity
  8
METIN
100
AcDbText
 10
80750.0
 20
2603.0
 30
0.0
 40
156.0
  1
ZK-04
 72
1
 11
80750.0
 21
2603.0
 31
0.0
100
AcDbAttribute
  2
MAHAL_KOD
 70
0
 74
2
  0
ATTRIB
  5
484
330
17
100
AcDbEntity
  8
METIN
100
AcDbText
 10
80750.0
 20
2367.0
 30
0.0
 40
156.0
  1
19.6 m2
 72
1
 11
80750.0
 21
2367.0
 31
0.0
100
AcDbAttribute
  2
ALAN
 70
0
 74
2
  0
SEQEND
  5
481
330
480
100
AcDbEntity
  8
METIN
  0
INSERT
  5
485
330
17
100
AcDbEntity
  8
METIN
100
AcDbBlockReference
 66
1
  2
MAHAL_ETIKET
 10
74407.22961425781
 20
3657.2296142578125
 30
0.0
 41
2.0
 42
2.0
  0
ATTRIB
  5
487
330
17
100
AcDbEntity
  8
METIN
100
AcDbText
 10
74407.22961425781
 20
3893.2296142578125
 30
0.0
 40
200.0
  1
DUKKAN 1
 72
1
 11
74407.22961425781
 21
3893.2296142578125
 31
0.0
100
AcDbAttribute
  2
MAHAL_ADI
 70
0
 74
2
  0
ATTRIB
  5
488
330
17
100
AcDbEntity
  8
METIN
100
AcDbText
 10
74407.22961425781
 20
3635.2296142578125
 30
0.0
 40
156.0
  1
ZK-05
 72
1
 11
74407.22961425781
 21
3635.2296142578125
 31
0.0
100
AcDbAttribute
  2
MAHAL_KOD
 70
0
 74
2
  0
ATTRIB
  5
489
330
17
100
AcDbEntity
  8
METIN
100
AcDbText
 10
74407.22961425781
 20
3399.2296142578125
 30
0.0
 40
156.0
  1
88.7 m2
 72
1
 11
74407.22961425781
 21
3399.2296142578125
 31
0.0
100
AcDbAttribute
  2
ALAN
 70
0
 74
2
  0
SEQEND
  5
486
330
485
100
AcDbEntity
  8
METIN
  0
INSERT
  5
48A
330
17
100
AcDbEntity
  8
METIN
100
AcDbBlockReference
 66
1
  2
MAHAL_ETIKET
 10
87092.7734375
 20
3657.2265625
 30
0.0
 41
2.0
 42
2.0
  0
ATTRIB
  5
48C
330
17
100
AcDbEntity
  8
METIN
100
AcDbText
 10
87092.7734375
 20
3893.2265625
 30
0.0
 40
200.0
  1
DUKKAN 2
 72
1
 11
87092.7734375
 21
3893.2265625
 31
0.0
100
AcDbAttribute
  2
MAHAL_ADI
 70
0
 74
2
  0
ATTRIB
  5
48D
330
17
100
AcDbEntity
  8
METIN
100
AcDbText
 10
87092.7734375
 20
3635.2265625
 30
0.0
 40
156.0
  1
ZK-06
 72
1
 11
87092.7734375
 21
3635.2265625
 31
0.0
100
AcDbAttribute
  2
MAHAL_KOD
 70
0
 74
2
  0
ATTRIB
  5
48E
330
17
100
AcDbEntity
  8
METIN
100
AcDbText
 10
87092.7734375
 20
3399.2265625
 30
0.0
 40
156.0
  1
87.0 m2
 72
1
 11
87092.7734375
 21
3399.2265625
 31
0.0
100
AcDbAttribute
  2
ALAN
 70
0
 74
2
  0
SEQEND
  5
48B
330
48A
100
AcDbEntity
  8
METIN
  0
INSERT
  5
48F
330
17
100
AcDbEntity
  8
METIN
100
AcDbBlockReference
 66
1
  2
MAHAL_ETIKET
 10
75750.0
 20
14900.0
 30
0.0
 41
2.0
 42
2.0
  0
ATTRIB
  5
491
330
17
100
AcDbEntity
  8
METIN
100
AcDbText
 10
75750.0
 20
15136.0
 30
0.0
 40
200.0
  1
DUKKAN 3
 72
1
 11
75750.0
 21
15136.0
 31
0.0
100
AcDbAttribute
  2
MAHAL_ADI
 70
0
 74
2
  0
ATTRIB
  5
492
330
17
100
AcDbEntity
  8
METIN
100
AcDbText
 10
75750.0
 20
14878.0
 30
0.0
 40
156.0
  1
ZK-07
 72
1
 11
75750.0
 21
14878.0
 31
0.0
100
AcDbAttribute
  2
MAHAL_KOD
 70
0
 74
2
  0
ATTRIB
  5
493
330
17
100
AcDbEntity
  8
METIN
100
AcDbText
 10
75750.0
 20
14642.0
 30
0.0
 40
156.0
  1
49.0 m2
 72
1
 11
75750.0
 21
14642.0
 31
0.0
100
AcDbAttribute
  2
ALAN
 70
0
 74
2
  0
SEQEND
  5
490
330
48F
100
AcDbEntity
  8
METIN
  0
INSERT
  5
494
330
17
100
AcDbEntity
  8
METIN
100
AcDbBlockReference
 66
1
  2
MAHAL_ETIKET
 10
85750.0
 20
14900.0
 30
0.0
 41
2.0
 42
2.0
  0
ATTRIB
  5
496
330
17
100
AcDbEntity
  8
METIN
100
AcDbText
 10
85750.0
 20
15136.0
 30
0.0
 40
200.0
  1
DUKKAN 4
 72
1
 11
85750.0
 21
15136.0
 31
0.0
100
AcDbAttribute
  2
MAHAL_ADI
 70
0
 74
2
  0
ATTRIB
  5
497
330
17
100
AcDbEntity
  8
METIN
100
AcDbText
 10
85750.0
 20
14878.0
 30
0.0
 40
156.0
  1
ZK-08
 72
1
 11
85750.0
 21
14878.0
 31
0.0
100
AcDbAttribute
  2
MAHAL_KOD
 70
0
 74
2
  0
ATTRIB
  5
498
330
17
100
AcDbEntity
  8
METIN
100
AcDbText
 10
85750.0
 20
14642.0
 30
0.0
 40
156.0
  1
49.0 m2
 72
1
 11
85750.0
 21
14642.0
 31
0.0
100
AcDbAttribute
  2
ALAN
 70
0
 74
2
  0
SEQEND
  5
495
330
494
100
AcDbEntity
  8
METIN
  0
LINE
  5
499
330
17
100
AcDbEntity
  8
MERDIVEN
100
AcDbLine
 10
79800.0
 20
8570.0
 30
0.0
 11
80855.0
 21
8570.0
 31
0.0
  0
LINE
  5
49A
330
17
100
AcDbEntity
  8
MERDIVEN
100
AcDbLine
 10
82745.0
 20
8570.0
 30
0.0
 11
83800.0
 21
8570.0
 31
0.0
  0
LINE
  5
49B
330
17
100
AcDbEntity
  8
MERDIVEN
100
AcDbLine
 10
79800.0
 20
8840.0
 30
0.0
 11
80855.0
 21
8840.0
 31
0.0
  0
LINE
  5
49C
330
17
100
AcDbEntity
  8
MERDIVEN
100
AcDbLine
 10
82745.0
 20
8840.0
 30
0.0
 11
83800.0
 21
8840.0
 31
0.0
  0
LINE
  5
49D
330
17
100
AcDbEntity
  8
MERDIVEN
100
AcDbLine
 10
79800.0
 20
9110.0
 30
0.0
 11
80855.0
 21
9110.0
 31
0.0
  0
LINE
  5
49E
330
17
100
AcDbEntity
  8
MERDIVEN
100
AcDbLine
 10
82745.0
 20
9110.0
 30
0.0
 11
83800.0
 21
9110.0
 31
0.0
  0
LINE
  5
49F
330
17
100
AcDbEntity
  8
MERDIVEN
100
AcDbLine
 10
79800.0
 20
9380.0
 30
0.0
 11
80855.0
 21
9380.0
 31
0.0
  0
LINE
  5
4A0
330
17
100
AcDbEntity
  8
MERDIVEN
100
AcDbLine
 10
82745.0
 20
9380.0
 30
0.0
 11
83800.0
 21
9380.0
 31
0.0
  0
LINE
  5
4A1
330
17
100
AcDbEntity
  8
MERDIVEN
100
AcDbLine
 10
79800.0
 20
9650.0
 30
0.0
 11
80855.0
 21
9650.0
 31
0.0
  0
LINE
  5
4A2
330
17
100
AcDbEntity
  8
MERDIVEN
100
AcDbLine
 10
82745.0
 20
9650.0
 30
0.0
 11
83800.0
 21
9650.0
 31
0.0
  0
LINE
  5
4A3
330
17
100
AcDbEntity
  8
MERDIVEN
100
AcDbLine
 10
79800.0
 20
9920.0
 30
0.0
 11
80855.0
 21
9920.0
 31
0.0
  0
LINE
  5
4A4
330
17
100
AcDbEntity
  8
MERDIVEN
100
AcDbLine
 10
82745.0
 20
9920.0
 30
0.0
 11
83800.0
 21
9920.0
 31
0.0
  0
LINE
  5
4A5
330
17
100
AcDbEntity
  8
MERDIVEN
100
AcDbLine
 10
79800.0
 20
10190.0
 30
0.0
 11
80855.0
 21
10190.0
 31
0.0
  0
LINE
  5
4A6
330
17
100
AcDbEntity
  8
MERDIVEN
100
AcDbLine
 10
82745.0
 20
10190.0
 30
0.0
 11
83800.0
 21
10190.0
 31
0.0
  0
LINE
  5
4A7
330
17
100
AcDbEntity
  8
MERDIVEN
100
AcDbLine
 10
81125.0
 20
10190.0
 30
0.0
 11
81125.0
 21
12300.0
 31
0.0
  0
LINE
  5
4A8
330
17
100
AcDbEntity
  8
MERDIVEN
100
AcDbLine
 10
81395.0
 20
10190.0
 30
0.0
 11
81395.0
 21
12300.0
 31
0.0
  0
LINE
  5
4A9
330
17
100
AcDbEntity
  8
MERDIVEN
100
AcDbLine
 10
81665.0
 20
10190.0
 30
0.0
 11
81665.0
 21
12300.0
 31
0.0
  0
LINE
  5
4AA
330
17
100
AcDbEntity
  8
MERDIVEN
100
AcDbLine
 10
81935.0
 20
10190.0
 30
0.0
 11
81935.0
 21
12300.0
 31
0.0
  0
LINE
  5
4AB
330
17
100
AcDbEntity
  8
MERDIVEN
100
AcDbLine
 10
82205.0
 20
10190.0
 30
0.0
 11
82205.0
 21
12300.0
 31
0.0
  0
LINE
  5
4AC
330
17
100
AcDbEntity
  8
MERDIVEN
100
AcDbLine
 10
82475.0
 20
10190.0
 30
0.0
 11
82475.0
 21
12300.0
 31
0.0
  0
LINE
  5
4AD
330
17
100
AcDbEntity
  8
MERDIVEN
100
AcDbLine
 10
82745.0
 20
10190.0
 30
0.0
 11
82745.0
 21
12300.0
 31
0.0
  0
LWPOLYLINE
  5
4AE
330
17
100
AcDbEntity
  8
MERDIVEN
100
AcDbPolyline
 90
4
 70
1
 10
79800.0
 20
10190.0
 10
80855.0
 20
10190.0
 10
80855.0
 20
12300.0
 10
79800.0
 20
12300.0
  0
LWPOLYLINE
  5
4AF
330
17
100
AcDbEntity
  8
MERDIVEN
100
AcDbPolyline
 90
4
 70
1
 10
82745.0
 20
10190.0
 10
83800.0
 20
10190.0
 10
83800.0
 20
12300.0
 10
82745.0
 20
12300.0
  0
LINE
  5
4B0
330
17
100
AcDbEntity
  8
MERDIVEN
100
AcDbLine
 10
82745.0
 20
8300.0
 30
0.0
 11
82745.0
 21
10190.0
 31
0.0
  0
LINE
  5
4B1
330
17
100
AcDbEntity
  8
MERDIVEN
100
AcDbLine
 10
82745.0
 20
10190.0
 30
0.0
 11
80855.0
 21
10190.0
 31
0.0
  0
LINE
  5
4B2
330
17
100
AcDbEntity
  8
MERDIVEN
100
AcDbLine
 10
80855.0
 20
10190.0
 30
0.0
 11
80855.0
 21
8300.0
 31
0.0
  0
LINE
  5
4B3
330
17
100
AcDbEntity
  8
MERDIVEN
100
AcDbLine
 10
80327.5
 20
8300.0
 30
0.0
 11
80327.5
 21
11245.0
 31
0.0
  0
LINE
  5
4B4
330
17
100
AcDbEntity
  8
MERDIVEN
100
AcDbLine
 10
80327.5
 20
11245.0
 30
0.0
 11
83272.5
 21
11245.0
 31
0.0
  0
LINE
  5
4B5
330
17
100
AcDbEntity
  8
MERDIVEN
100
AcDbLine
 10
83272.5
 20
11245.0
 30
0.0
 11
83272.5
 21
8300.0
 31
0.0
  0
LWPOLYLINE
  5
4B6
330
17
100
AcDbEntity
  8
MERDIVEN
100
AcDbPolyline
 90
3
 70
1
 10
83272.5
 20
8300.0
 10
83332.5
 20
8420.0
 10
83212.5
 20
8420.0
  0
LINE
  5
4B7
330
17
100
AcDbEntity
  8
KESIT
  6
KESIT_HATTI
100
AcDbLine
 10
70350.0
 20
5833.333333333333
 30
0.0
 11
91150.0
 21
5833.333333333333
 31
0.0
  0
LWPOLYLINE
  5
4B8
330
17
100
AcDbEntity
  8
KESIT
100
AcDbPolyline
 90
3
 70
1
 10
70350.0
 20
6083.333333333333
 10
70450.0
 20
5833.333333333333
 10
70250.0
 20
5833.333333333333
  0
TEXT
  5
4B9
330
17
100
AcDbEntity
  8
KESIT
100
AcDbText
 10
70350.0
 20
5433.333333333333
 30
0.0
 40
150.0
  1
A
 72
1
 11
70350.0
 21
5433.333333333333
 31
0.0
100
AcDbText
 73
2
  0
LWPOLYLINE
  5
4BA
330
17
100
AcDbEntity
  8
KESIT
100
AcDbPolyline
 90
3
 70
1
 10
91150.0
 20
6083.333333333333
 10
91250.0
 20
5833.333333333333
 10
91050.0
 20
5833.333333333333
  0
TEXT
  5
4BB
330
17
100
AcDbEntity
  8
KESIT
100
AcDbText
 10
91150.0
 20
5433.333333333333
 30
0.0
 40
150.0
  1
A
 72
1
 11
91150.0
 21
5433.333333333333
 31
0.0
100
AcDbText
 73
2
  0
LINE
  5
4BC
330
17
100
AcDbEntity
  8
KESIT
  6
KESIT_HATTI
100
AcDbLine
 10
77416.66666666667
 20
-400.0
 30
0.0
 11
77416.66666666667
 21
17900.0
 31
0.0
  0
LWPOLYLINE
  5
4BD
330
17
100
AcDbEntity
  8
KESIT
100
AcDbPolyline
 90
3
 70
1
 10
77666.66666666667
 20
-400.0
 10
77416.66666666667
 20
-300.0
 10
77416.66666666667
 20
-500.0
  0
TEXT
  5
4BE
330
17
100
AcDbEntity
  8
KESIT
100
AcDbText
 10
77016.66666666667
 20
-400.0
 30
0.0
 40
150.0
  1
B
 72
1
 11
77016.66666666667
 21
-400.0
 31
0.0
100
AcDbText
 73
2
  0
LWPOLYLINE
  5
4BF
330
17
100
AcDbEntity
  8
KESIT
100
AcDbPolyline
 90
3
 70
1
 10
77666.66666666667
 20
17900.0
 10
77416.66666666667
 20
18000.0
 10
77416.66666666667
 20
17800.0
  0
TEXT
  5
4C0
330
17
100
AcDbEntity
  8
KESIT
100
AcDbText
 10
77016.66666666667
 20
17900.0
 30
0.0
 40
150.0
  1
B
 72
1
 11
77016.66666666667
 21
17900.0
 31
0.0
100
AcDbText
 73
2
  0
LWPOLYLINE
  5
4C1
330
17
100
AcDbEntity
  8
CERCEVE
100
AcDbPolyline
 90
4
 70
1
 10
66600.0
 20
-10150.0
 10
94900.0
 20
-10150.0
 10
94900.0
 20
24950.0
 10
66600.0
 20
24950.0
  0
LWPOLYLINE
  5
4C2
330
17
100
AcDbEntity
  8
CERCEVE
100
AcDbPolyline
 90
4
 70
1
 10
66750.0
 20
-10000.0
 10
94750.0
 20
-10000.0
 10
94750.0
 20
24800.0
 10
66750.0
 20
24800.0
  0
LWPOLYLINE
  5
4C3
330
17
100
AcDbEntity
  8
CERCEVE
100
AcDbPolyline
 90
4
 70
1
 10
86750.0
 20
-10000.0
 10
94750.0
 20
-10000.0
 10
94750.0
 20
-8800.0
 10
86750.0
 20
-8800.0
  0
LINE
  5
4C4
330
17
100
AcDbEntity
  8
CERCEVE
100
AcDbLine
 10
86750.0
 20
-9400.0
 30
0.0
 11
94750.0
 21
-9400.0
 31
0.0
  0
TEXT
  5
4C5
330
17
100
AcDbEntity
  8
METIN
100
AcDbText
 10
86850.0
 20
-8900.0
 30
0.0
 40
175.0
  1
OLCEK 1:50
 11
86850.0
 21
-8900.0
 31
0.0
100
AcDbText
 73
3
  0
TEXT
  5
4C6
330
17
100
AcDbEntity
  8
METIN
100
AcDbText
 10
86850.0
 20
-9500.0
 30
0.0
 40
175.0
  1
ZEMIN KAT (GIRIS + DUKKANLAR)
 11
86850.0
 21
-9500.0
 31
0.0
100
AcDbText
 73
3
  0
LINE
  5
4C7
330
17
100
AcDbEntity
  8
AKS
  6
DASHED
100
AcDbLine
 10
99050.0
 20
-750.0
 30
0.0
 11
99050.0
 21
18250.0
 31
0.0
  0
CIRCLE
  5
4C8
330
17
100
AcDbEntity
  8
AKS
100
AcDbCircle
 10
99050.0
 20
-1200.0
 30
0.0
 40
450.0
  0
TEXT
  5
4C9
330
17
100
AcDbEntity
  8
AKS
100
AcDbText
 10
99050.0
 20
-1200.0
 30
0.0
 40
350.0
  1
1
 72
1
 11
99050.0
 21
-1200.0
 31
0.0
100
AcDbText
 73
2
  0
CIRCLE
  5
4CA
330
17
100
AcDbEntity
  8
AKS
100
AcDbCircle
 10
99050.0
 20
18700.0
 30
0.0
 40
450.0
  0
TEXT
  5
4CB
330
17
100
AcDbEntity
  8
AKS
100
AcDbText
 10
99050.0
 20
18700.0
 30
0.0
 40
350.0
  1
1
 72
1
 11
99050.0
 21
18700.0
 31
0.0
100
AcDbText
 73
2
  0
LINE
  5
4CC
330
17
100
AcDbEntity
  8
AKS
  6
DASHED
100
AcDbLine
 10
106000.0
 20
-750.0
 30
0.0
 11
106000.0
 21
18250.0
 31
0.0
  0
CIRCLE
  5
4CD
330
17
100
AcDbEntity
  8
AKS
100
AcDbCircle
 10
106000.0
 20
-1200.0
 30
0.0
 40
450.0
  0
TEXT
  5
4CE
330
17
100
AcDbEntity
  8
AKS
100
AcDbText
 10
106000.0
 20
-1200.0
 30
0.0
 40
350.0
  1
2
 72
1
 11
106000.0
 21
-1200.0
 31
0.0
100
AcDbText
 73
2
  0
CIRCLE
  5
4CF
330
17
100
AcDbEntity
  8
AKS
100
AcDbCircle
 10
106000.0
 20
18700.0
 30
0.0
 40
450.0
  0
TEXT
  5
4D0
330
17
100
AcDbEntity
  8
AKS
100
AcDbText
 10
106000.0
 20
18700.0
 30
0.0
 40
350.0
  1
2
 72
1
 11
106000.0
 21
18700.0
 31
0.0
100
AcDbText
 73
2
  0
LINE
  5
4D1
330
17
100
AcDbEntity
  8
AKS
  6
DASHED
100
AcDbLine
 10
112100.0
 20
-750.0
 30
0.0
 11
112100.0
 21
18250.0
 31
0.0
  0
CIRCLE
  5
4D2
330
17
100
AcDbEntity
  8
AKS
100
AcDbCircle
 10
112100.0
 20
-1200.0
 30
0.0
 40
450.0
  0
TEXT
  5
4D3
330
17
100
AcDbEntity
  8
AKS
100
AcDbText
 10
112100.0
 20
-1200.0
 30
0.0
 40
350.0
  1
3
 72
1
 11
112100.0
 21
-1200.0
 31
0.0
100
AcDbText
 73
2
  0
CIRCLE
  5
4D4
330
17
100
AcDbEntity
  8
AKS
100
AcDbCircle
 10
112100.0
 20
18700.0
 30
0.0
 40
450.0
  0
TEXT
  5
4D5
330
17
100
AcDbEntity
  8
AKS
100
AcDbText
 10
112100.0
 20
18700.0
 30
0.0
 40
350.0
  1
3
 72
1
 11
112100.0
 21
18700.0
 31
0.0
100
AcDbText
 73
2
  0
LINE
  5
4D6
330
17
100
AcDbEntity
  8
AKS
  6
DASHED
100
AcDbLine
 10
119050.0
 20
-750.0
 30
0.0
 11
119050.0
 21
18250.0
 31
0.0
  0
CIRCLE
  5
4D7
330
17
100
AcDbEntity
  8
AKS
100
AcDbCircle
 10
119050.0
 20
-1200.0
 30
0.0
 40
450.0
  0
TEXT
  5
4D8
330
17
100
AcDbEntity
  8
AKS
100
AcDbText
 10
119050.0
 20
-1200.0
 30
0.0
 40
350.0
  1
4
 72
1
 11
119050.0
 21
-1200.0
 31
0.0
100
AcDbText
 73
2
  0
CIRCLE
  5
4D9
330
17
100
AcDbEntity
  8
AKS
100
AcDbCircle
 10
119050.0
 20
18700.0
 30
0.0
 40
450.0
  0
TEXT
  5
4DA
330
17
100
AcDbEntity
  8
AKS
100
AcDbText
 10
119050.0
 20
18700.0
 30
0.0
 40
350.0
  1
4
 72
1
 11
119050.0
 21
18700.0
 31
0.0
100
AcDbText
 73
2
  0
LINE
  5
4DB
330
17
100
AcDbEntity
  8
AKS
  6
DASHED
100
AcDbLine
 10
98300.0
 20
0.0
 30
0.0
 11
119800.0
 21
0.0
 31
0.0
  0
CIRCLE
  5
4DC
330
17
100
AcDbEntity
  8
AKS
100
AcDbCircle
 10
97850.0
 20
0.0
 30
0.0
 40
450.0
  0
TEXT
  5
4DD
330
17
100
AcDbEntity
  8
AKS
100
AcDbText
 10
97850.0
 20
0.0
 30
0.0
 40
350.0
  1
A
 72
1
 11
97850.0
 21
0.0
 31
0.0
100
AcDbText
 73
2
  0
CIRCLE
  5
4DE
330
17
100
AcDbEntity
  8
AKS
100
AcDbCircle
 10
120250.0
 20
0.0
 30
0.0
 40
450.0
  0
TEXT
  5
4DF
330
17
100
AcDbEntity
  8
AKS
100
AcDbText
 10
120250.0
 20
0.0
 30
0.0
 40
350.0
  1
A
 72
1
 11
120250.0
 21
0.0
 31
0.0
100
AcDbText
 73
2
  0
LINE
  5
4E0
330
17
100
AcDbEntity
  8
AKS
  6
DASHED
100
AcDbLine
 10
98300.0
 20
5250.0
 30
0.0
 11
119800.0
 21
5250.0
 31
0.0
  0
CIRCLE
  5
4E1
330
17
100
AcDbEntity
  8
AKS
100
AcDbCircle
 10
97850.0
 20
5250.0
 30
0.0
 40
450.0
  0
TEXT
  5
4E2
330
17
100
AcDbEntity
  8
AKS
100
AcDbText
 10
97850.0
 20
5250.0
 30
0.0
 40
350.0
  1
B
 72
1
 11
97850.0
 21
5250.0
 31
0.0
100
AcDbText
 73
2
  0
CIRCLE
  5
4E3
330
17
100
AcDbEntity
  8
AKS
100
AcDbCircle
 10
120250.0
 20
5250.0
 30
0.0
 40
450.0
  0
TEXT
  5
4E4
330
17
100
AcDbEntity
  8
AKS
100
AcDbText
 10
120250.0
 20
5250.0
 30
0.0
 40
350.0
  1
B
 72
1
 11
120250.0
 21
5250.0
 31
0.0
100
AcDbText
 73
2
  0
LINE
  5
4E5
330
17
100
AcDbEntity
  8
AKS
  6
DASHED
100
AcDbLine
 10
98300.0
 20
9300.0
 30
0.0
 11
119800.0
 21
9300.0
 31
0.0
  0
CIRCLE
  5
4E6
330
17
100
AcDbEntity
  8
AKS
100
AcDbCircle
 10
97850.0
 20
9300.0
 30
0.0
 40
450.0
  0
TEXT
  5
4E7
330
17
100
AcDbEntity
  8
AKS
100
AcDbText
 10
97850.0
 20
9300.0
 30
0.0
 40
350.0
  1
C
 72
1
 11
97850.0
 21
9300.0
 31
0.0
100
AcDbText
 73
2
  0
CIRCLE
  5
4E8
330
17
100
AcDbEntity
  8
AKS
100
AcDbCircle
 10
120250.0
 20
9300.0
 30
0.0
 40
450.0
  0
TEXT
  5
4E9
330
17
100
AcDbEntity
  8
AKS
100
AcDbText
 10
120250.0
 20
9300.0
 30
0.0
 40
350.0
  1
C
 72
1
 11
120250.0
 21
9300.0
 31
0.0
100
AcDbText
 73
2
  0
LINE
  5
4EA
330
17
100
AcDbEntity
  8
AKS
  6
DASHED
100
AcDbLine
 10
98300.0
 20
12300.0
 30
0.0
 11
119800.0
 21
12300.0
 31
0.0
  0
CIRCLE
  5
4EB
330
17
100
AcDbEntity
  8
AKS
100
AcDbCircle
 10
97850.0
 20
12300.0
 30
0.0
 40
450.0
  0
TEXT
  5
4EC
330
17
100
AcDbEntity
  8
AKS
100
AcDbText
 10
97850.0
 20
12300.0
 30
0.0
 40
350.0
  1
D
 72
1
 11
97850.0
 21
12300.0
 31
0.0
100
AcDbText
 73
2
  0
CIRCLE
  5
4ED
330
17
100
AcDbEntity
  8
AKS
100
AcDbCircle
 10
120250.0
 20
12300.0
 30
0.0
 40
450.0
  0
TEXT
  5
4EE
330
17
100
AcDbEntity
  8
AKS
100
AcDbText
 10
120250.0
 20
12300.0
 30
0.0
 40
350.0
  1
D
 72
1
 11
120250.0
 21
12300.0
 31
0.0
100
AcDbText
 73
2
  0
LINE
  5
4EF
330
17
100
AcDbEntity
  8
AKS
  6
DASHED
100
AcDbLine
 10
98300.0
 20
17500.0
 30
0.0
 11
119800.0
 21
17500.0
 31
0.0
  0
CIRCLE
  5
4F0
330
17
100
AcDbEntity
  8
AKS
100
AcDbCircle
 10
97850.0
 20
17500.0
 30
0.0
 40
450.0
  0
TEXT
  5
4F1
330
17
100
AcDbEntity
  8
AKS
100
AcDbText
 10
97850.0
 20
17500.0
 30
0.0
 40
350.0
  1
E
 72
1
 11
97850.0
 21
17500.0
 31
0.0
100
AcDbText
 73
2
  0
CIRCLE
  5
4F2
330
17
100
AcDbEntity
  8
AKS
100
AcDbCircle
 10
120250.0
 20
17500.0
 30
0.0
 40
450.0
  0
TEXT
  5
4F3
330
17
100
AcDbEntity
  8
AKS
100
AcDbText
 10
120250.0
 20
17500.0
 30
0.0
 40
350.0
  1
E
 72
1
 11
120250.0
 21
17500.0
 31
0.0
100
AcDbText
 73
2
  0
DIMENSION
  5
4F4
330
17
100
AcDbEntity
  8
AKS
100
AcDbDimension
280
0
  2
*D28
  3
Standard
 10
99050.0
 20
-400.0
 30
0.0
 11
102525.0
 21
-400.0
 31
0.0
 70
32
 71
5
  1
695
100
AcDbAlignedDimension
 13
99050.0
 23
0.0
 33
0.0
 14
106000.0
 24
0.0
 34
0.0
 50
0.0
100
AcDbRotatedDimension
1001
ACAD
1000
DSTYLE
1002
{
1070
140
1040
120.0
1070
41
1040
84.0
1070
42
1040
150.0
1070
44
1040
150.0
1070
147
1040
80.0
1002
}
  0
DIMENSION
  5
504
330
17
100
AcDbEntity
  8
AKS
100
AcDbDimension
280
0
  2
*D29
  3
Standard
 10
106000.0
 20
-400.0
 30
0.0
 11
109050.0
 21
-400.0
 31
0.0
 70
32
 71
5
  1
610
100
AcDbAlignedDimension
 13
106000.0
 23
0.0
 33
0.0
 14
112100.0
 24
0.0
 34
0.0
 50
0.0
100
AcDbRotatedDimension
1001
ACAD
1000
DSTYLE
1002
{
1070
140
1040
120.0
1070
41
1040
84.0
1070
42
1040
150.0
1070
44
1040
150.0
1070
147
1040
80.0
1002
}
  0
DIMENSION
  5
514
330
17
100
AcDbEntity
  8
AKS
100
AcDbDimension
280
0
  2
*D30
  3
Standard
 10
112100.0
 20
-400.0
 30
0.0
 11
115575.0
 21
-400.0
 31
0.0
 70
32
 71
5
  1
695
100
AcDbAlignedDimension
 13
112100.0
 23
0.0
 33
0.0
 14
119050.0
 24
0.0
 34
0.0
 50
0.0
100
AcDbRotatedDimension
1001
ACAD
1000
DSTYLE
1002
{
1070
140
1040
120.0
1070
41
1040
84.0
1070
42
1040
150.0
1070
44
1040
150.0
1070
147
1040
80.0
1002
}
  0
DIMENSION
  5
524
330
17
100
AcDbEntity
  8
AKS
100
AcDbDimension
280
0
  2
*D31
  3
Standard
 10
99050.0
 20
-1950.0
 30
0.0
 11
109050.0
 21
-1950.0
 31
0.0
 70
32
 71
5
  1
2000
100
AcDbAlignedDimension
 13
99050.0
 23
0.0
 33
0.0
 14
119050.0
 24
0.0
 34
0.0
 50
0.0
100
AcDbRotatedDimension
1001
ACAD
1000
DSTYLE
1002
{
1070
140
1040
120.0
1070
41
1040
84.0
1070
42
1040
150.0
1070
44
1040
150.0
1070
147
1040
80.0
1002
}
  0
DIMENSION
  5
534
330
17
100
AcDbEntity
  8
AKS
100
AcDbDimension
280
0
  2
*D32
  3
Standard
 10
98650.0
 20
0.0
 30
0.0
 11
98650.0
 21
2625.0
 31
0.0
 70
32
 71
5
  1
525
100
AcDbAlignedDimension
 13
99050.0
 23
0.0
 33
0.0
 14
99050.0
 24
5250.0
 34
0.0
 50
90.0
100
AcDbRotatedDimension
1001
ACAD
1000
DSTYLE
1002
{
1070
140
1040
120.0
1070
41
1040
84.0
1070
42
1040
150.0
1070
44
1040
150.0
1070
147
1040
80.0
1002
}
  0
DIMENSION
  5
544
330
17
100
AcDbEntity
  8
AKS
100
AcDbDimension
280
0
  2
*D33
  3
Standard
 10
98650.0
 20
5250.0
 30
0.0
 11
98650.0
 21
7275.0
 31
0.0
 70
32
 71
5
  1
405
100
AcDbAlignedDimension
 13
99050.0
 23
5250.0
 33
0.0
 14
99050.0
 24
9300.0
 34
0.0
 50
90.0
100
AcDbRotatedDimension
1001
ACAD
1000
DSTYLE
1002
{
1070
140
1040
120.0
1070
41
1040
84.0
1070
42
1040
150.0
1070
44
1040
150.0
1070
147
1040
80.0
1002
}
  0
DIMENSION
  5
554
330
17
100
AcDbEntity
  8
AKS
100
AcDbDimension
280
0
  2
*D34
  3
Standard
 10
98650.0
 20
9300.0
 30
0.0
 11
98650.0
 21
10800.0
 31
0.0
 70
32
 71
5
  1
300
100
AcDbAlignedDimension
 13
99050.0
 23
9300.0
 33
0.0
 14
99050.0
 24
12300.0
 34
0.0
 50
90.0
100
AcDbRotatedDimension
1001
ACAD
1000
DSTYLE
1002
{
1070
140
1040
120.0
1070
41
1040
84.0
1070
42
1040
150.0
1070
44
1040
150.0
1070
147
1040
80.0
1002
}
  0
DIMENSION
  5
564
330
17
100
AcDbEntity
  8
AKS
100
AcDbDimension
280
0
  2
*D35
  3
Standard
 10
98650.0
 20
12300.0
 30
0.0
 11
98650.0
 21
14900.0
 31
0.0
 70
32
 71
5
  1
520
100
AcDbAlignedDimension
 13
99050.0
 23
12300.0
 33
0.0
 14
99050.0
 24
17500.0
 34
0.0
 50
90.0
100
AcDbRotatedDimension
1001
ACAD
1000
DSTYLE
1002
{
1070
140
1040
120.0
1070
41
1040
84.0
1070
42
1040
150.0
1070
44
1040
150.0
1070
147
1040
80.0
1002
}
  0
DIMENSION
  5
574
330
17
100
AcDbEntity
  8
AKS
100
AcDbDimension
280
0
  2
*D36
  3
Standard
 10
97100.0
 20
0.0
 30
0.0
 11
97100.0
 21
8750.0
 31
0.0
 70
32
 71
5
  1
1750
100
AcDbAlignedDimension
 13
99050.0
 23
0.0
 33
0.0
 14
99050.0
 24
17500.0
 34
0.0
 50
90.0
100
AcDbRotatedDimension
1001
ACAD
1000
DSTYLE
1002
{
1070
140
1040
120.0
1070
41
1040
84.0
1070
42
1040
150.0
1070
44
1040
150.0
1070
147
1040
80.0
1002
}
  0
LINE
  5
584
330
17
100
AcDbEntity
  8
DUVARLAR
100
AcDbLine
 10
99150.0
 20
100.0
 30
0.0
 11
102950.0
 21
100.0
 31
0.0
  0
LINE
  5
585
330
17
100
AcDbEntity
  8
DUVARLAR
100
AcDbLine
 10
104750.0
 20
100.0
 30
0.0
 11
106900.0
 21
100.0
 31
0.0
  0
LINE
  5
586
330
17
100
AcDbEntity
  8
DUVARLAR
100
AcDbLine
 10
108300.0
 20
100.0
 30
0.0
 11
114650.0
 21
100.0
 31
0.0
  0
LINE
  5
587
330
17
100
AcDbEntity
  8
DUVARLAR
100
AcDbLine
 10
116450.0
 20
100.0
 30
0.0
 11
118950.0
 21
100.0
 31
0.0
  0
LINE
  5
588
330
17
100
AcDbEntity
  8
DUVARLAR
100
AcDbLine
 10
98950.0
 20
-100.0
 30
0.0
 11
102950.0
 21
-100.0
 31
0.0
  0
LINE
  5
589
330
17
100
AcDbEntity
  8
DUVARLAR
100
AcDbLine
 10
104750.0
 20
-100.0
 30
0.0
 11
106900.0
 21
-100.0
 31
0.0
  0
LINE
  5
58A
330
17
100
AcDbEntity
  8
DUVARLAR
100
AcDbLine
 10
108300.0
 20
-100.0
 30
0.0
 11
114650.0
 21
-100.0
 31
0.0
  0
LINE
  5
58B
330
17
100
AcDbEntity
  8
DUVARLAR
100
AcDbLine
 10
116450.0
 20
-100.0
 30
0.0
 11
119150.0
 21
-100.0
 31
0.0
  0
LINE
  5
58C
330
17
100
AcDbEntity
  8
DUVARLAR
100
AcDbLine
 10
102950.0
 20
100.0
 30
0.0
 11
102950.0
 21
-100.0
 31
0.0
  0
LINE
  5
58D
330
17
100
AcDbEntity
  8
DUVARLAR
100
AcDbLine
 10
104750.0
 20
100.0
 30
0.0
 11
104750.0
 21
-100.0
 31
0.0
  0
LINE
  5
58E
330
17
100
AcDbEntity
  8
KAPI-PENCERE
100
AcDbLine
 10
102950.0
 20
-50.0
 30
0.0
 11
104750.0
 21
-50.0
 31
0.0
  0
LINE
  5
58F
330
17
100
AcDbEntity
  8
KAPI-PENCERE
100
AcDbLine
 10
102950.0
 20
50.0
 30
0.0
 11
104750.0
 21
50.0
 31
0.0
  0
LINE
  5
590
330
17
100
AcDbEntity
  8
DUVARLAR
100
AcDbLine
 10
106900.0
 20
100.0
 30
0.0
 11
106900.0
 21
-100.0
 31
0.0
  0
LINE
  5
591
330
17
100
AcDbEntity
  8
DUVARLAR
100
AcDbLine
 10
108300.0
 20
100.0
 30
0.0
 11
108300.0
 21
-100.0
 31
0.0
  0
LINE
  5
592
330
17
100
AcDbEntity
  8
KAPI-PENCERE
100
AcDbLine
 10
106900.0
 20
-50.0
 30
0.0
 11
108300.0
 21
-50.0
 31
0.0
  0
LINE
  5
593
330
17
100
AcDbEntity
  8
KAPI-PENCERE
100
AcDbLine
 10
106900.0
 20
50.0
 30
0.0
 11
108300.0
 21
50.0
 31
0.0
  0
LINE
  5
594
330
17
100
AcDbEntity
  8
DUVARLAR
100
AcDbLine
 10
114650.0
 20
100.0
 30
0.0
 11
114650.0
 21
-100.0
 31
0.0
  0
LINE
  5
595
330
17
100
AcDbEntity
  8
DUVARLAR
100
AcDbLine
 10
116450.0
 20
100.0
 30
0.0
 11
116450.0
 21
-100.0
 31
0.0
  0
LINE
  5
596
330
17
100
AcDbEntity
  8
KAPI-PENCERE
100
AcDbLine
 10
114650.0
 20
-50.0
 30
0.0
 11
116450.0
 21
-50.0
 31
0.0
  0
LINE
  5
597
330
17
100
AcDbEntity
  8
KAPI-PENCERE
100
AcDbLine
 10
114650.0
 20
50.0
 30
0.0
 11
116450.0
 21
50.0
 31
0.0
  0
LINE
  5
598
330
17
100
AcDbEntity
  8
DUVARLAR
100
AcDbLine
 10
111375.0
 20
1125.0
 30
0.0
 11
112000.0
 21
1125.0
 31
0.0
  0
LINE
  5
599
330
17
100
AcDbEntity
  8
DUVARLAR
100
AcDbLine
 10
111525.0
 20
975.0
 30
0.0
 11
112000.0
 21
975.0
 31
0.0
  0
LINE
  5
59A
330
17
100
AcDbEntity
  8
DUVARLAR
100
AcDbLine
 10
110825.0
 20
1775.0
 30
0.0
 11
112000.0
 21
1775.0
 31
0.0
  0
LINE
  5
59B
330
17
100
AcDbEntity
  8
DUVARLAR
100
AcDbLine
 10
110975.0
 20
1625.0
 30
0.0
 11
112000.0
 21
1625.0
 31
0.0
  0
LINE
  5
59C
330
17
100
AcDbEntity
  8
DUVARLAR
100
AcDbLine
 10
106125.0
 20
3425.0
 30
0.0
 11
107200.0
 21
3425.0
 31
0.0
  0
LINE
  5
59D
330
17
100
AcDbEntity
  8
DUVARLAR
100
AcDbLine
 10
108000.0
 20
3425.0
 30
0.0
 11
109675.0
 21
3425.0
 31
0.0
  0
LINE
  5
59E
330
17
100
AcDbEntity
  8
DUVARLAR
100
AcDbLine
 10
110375.0
 20
3425.0
 30
0.0
 11
111150.0
 21
3425.0
 31
0.0
  0
LINE
  5
59F
330
17
100
AcDbEntity
  8
DUVARLAR
100
AcDbLine
 10
111850.0
 20
3425.0
 30
0.0
 11
112000.0
 21
3425.0
 31
0.0
  0
LINE
  5
5A0
330
17
100
AcDbEntity
  8
DUVARLAR
100
AcDbLine
 10
106125.0
 20
3275.0
 30
0.0
 11
107200.0
 21
3275.0
 31
0.0
  0
LINE
  5
5A1
330
17
100
AcDbEntity
  8
DUVARLAR
100
AcDbLine
 10
108000.0
 20
3275.0
 30
0.0
 11
109675.0
 21
3275.0
 31
0.0
  0
LINE
  5
5A2
330
17
100
AcDbEntity
  8
DUVARLAR
100
AcDbLine
 10
110375.0
 20
3275.0
 30
0.0
 11
111150.0
 21
3275.0
 31
0.0
  0
LINE
  5
5A3
330
17
100
AcDbEntity
  8
DUVARLAR
100
AcDbLine
 10
111850.0
 20
3275.0
 30
0.0
 11
112000.0
 21
3275.0
 31
0.0
  0
LINE
  5
5A4
330
17
100
AcDbEntity
  8
DUVARLAR
100
AcDbLine
 10
107200.0
 20
3425.0
 30
0.0
 11
107200.0
 21
3275.0
 31
0.0
  0
LINE
  5
5A5
330
17
100
AcDbEntity
  8
DUVARLAR
100
AcDbLine
 10
108000.0
 20
3425.0
 30
0.0
 11
108000.0
 21
3275.0
 31
0.0
  0
LINE
  5
5A6
330
17
100
AcDbEntity
  8
KAPI-PENCERE
100
AcDbLine
 10
107200.0
 20
3350.0
 30
0.0
 11
107200.0
 21
2550.0
 31
0.0
  0
ARC
  5
5A7
330
17
100
AcDbEntity
  8
KAPI-PENCERE
100
AcDbCircle
 10
107200.0
 20
3350.0
 30
0.0
 40
800.0
100
AcDbArc
 50
-90.0
 51
0.0
  0
LINE
  5
5A8
330
17
100
AcDbEntity
  8
DUVARLAR
100
AcDbLine
 10
109675.0
 20
3425.0
 30
0.0
 11
109675.0
 21
3275.0
 31
0.0
  0
LINE
  5
5A9
330
17
100
AcDbEntity
  8
DUVARLAR
100
AcDbLine
 10
110375.0
 20
3425.0
 30
0.0
 11
110375.0
 21
3275.0
 31
0.0
  0
LINE
  5
5AA
330
17
100
AcDbEntity
  8
KAPI-PENCERE
100
AcDbLine
 10
109675.0
 20
3350.0
 30
0.0
 11
109675.0
 21
2650.0
 31
0.0
  0
ARC
  5
5AB
330
17
100
AcDbEntity
  8
KAPI-PENCERE
100
AcDbCircle
 10
109675.0
 20
3350.0
 30
0.0
 40
700.0
100
AcDbArc
 50
-90.0
 51
0.0
  0
LINE
  5
5AC
330
17
100
AcDbEntity
  8
DUVARLAR
100
AcDbLine
 10
111150.0
 20
3425.0
 30
0.0
 11
111150.0
 21
3275.0
 31
0.0
  0
LINE
  5
5AD
330
17
100
AcDbEntity
  8
DUVARLAR
100
AcDbLine
 10
111850.0
 20
3425.0
 30
0.0
 11
111850.0
 21
3275.0
 31
0.0
  0
LINE
  5
5AE
330
17
100
AcDbEntity
  8
KAPI-PENCERE
100
AcDbLine
 10
111150.0
 20
3350.0
 30
0.0
 11
111150.0
 21
2650.0
 31
0.0
  0
ARC
  5
5AF
330
17
100
AcDbEntity
  8
KAPI-PENCERE
100
AcDbCircle
 10
111150.0
 20
3350.0
 30
0.0
 40
700.0
100
AcDbArc
 50
-90.0
 51
0.0
  0
LINE
  5
5B0
330
17
100
AcDbEntity
  8
DUVARLAR
100
AcDbLine
 10
112200.0
 20
4375.0
 30
0.0
 11
112550.0
 21
4375.0
 31
0.0
  0
LINE
  5
5B1
330
17
100
AcDbEntity
  8
DUVARLAR
100
AcDbLine
 10
113350.0
 20
4375.0
 30
0.0
 11
118950.0
 21
4375.0
 31
0.0
  0
LINE
  5
5B2
330
17
100
AcDbEntity
  8
DUVARLAR
100
AcDbLine
 10
112200.0
 20
4225.0
 30
0.0
 11
112550.0
 21
4225.0
 31
0.0
  0
LINE
  5
5B3
330
17
100
AcDbEntity
  8
DUVARLAR
100
AcDbLine
 10
113350.0
 20
4225.0
 30
0.0
 11
118950.0
 21
4225.0
 31
0.0
  0
LINE
  5
5B4
330
17
100
AcDbEntity
  8
DUVARLAR
100
AcDbLine
 10
112550.0
 20
4375.0
 30
0.0
 11
112550.0
 21
4225.0
 31
0.0
  0
LINE
  5
5B5
330
17
100
AcDbEntity
  8
DUVARLAR
100
AcDbLine
 10
113350.0
 20
4375.0
 30
0.0
 11
113350.0
 21
4225.0
 31
0.0
  0
LINE
  5
5B6
330
17
100
AcDbEntity
  8
KAPI-PENCERE
100
AcDbLine
 10
112550.0
 20
4300.0
 30
0.0
 11
112550.0
 21
3500.0
 31
0.0
  0
ARC
  5
5B7
330
17
100
AcDbEntity
  8
KAPI-PENCERE
100
AcDbCircle
 10
112550.0
 20
4300.0
 30
0.0
 40
800.0
100
AcDbArc
 50
-90.0
 51
0.0
  0
LINE
  5
5B8
330
17
100
AcDbEntity
  8
DUVARLAR
100
AcDbLine
 10
99150.0
 20
5350.0
 30
0.0
 11
106600.0
 21
5350.0
 31
0.0
  0
LINE
  5
5B9
330
17
100
AcDbEntity
  8
DUVARLAR
100
AcDbLine
 10
107500.0
 20
5350.0
 30
0.0
 11
112000.0
 21
5350.0
 31
0.0
  0
LINE
  5
5BA
330
17
100
AcDbEntity
  8
DUVARLAR
100
AcDbLine
 10
99150.0
 20
5150.0
 30
0.0
 11
106600.0
 21
5150.0
 31
0.0
  0
LINE
  5
5BB
330
17
100
AcDbEntity
  8
DUVARLAR
100
AcDbLine
 10
107500.0
 20
5150.0
 30
0.0
 11
112000.0
 21
5150.0
 31
0.0
  0
LINE
  5
5BC
330
17
100
AcDbEntity
  8
DUVARLAR
100
AcDbLine
 10
106600.0
 20
5350.0
 30
0.0
 11
106600.0
 21
5150.0
 31
0.0
  0
LINE
  5
5BD
330
17
100
AcDbEntity
  8
DUVARLAR
100
AcDbLine
 10
107500.0
 20
5350.0
 30
0.0
 11
107500.0
 21
5150.0
 31
0.0
  0
LINE
  5
5BE
330
17
100
AcDbEntity
  8
KAPI-PENCERE
100
AcDbLine
 10
106600.0
 20
5250.0
 30
0.0
 11
106600.0
 21
4350.0
 31
0.0
  0
ARC
  5
5BF
330
17
100
AcDbEntity
  8
KAPI-PENCERE
100
AcDbCircle
 10
106600.0
 20
5250.0
 30
0.0
 40
900.0
100
AcDbArc
 50
-90.0
 51
0.0
  0
LINE
  5
5C0
330
17
100
AcDbEntity
  8
DUVARLAR
100
AcDbLine
 10
106100.0
 20
8400.0
 30
0.0
 11
106250.0
 21
8400.0
 31
0.0
  0
LINE
  5
5C1
330
17
100
AcDbEntity
  8
DUVARLAR
100
AcDbLine
 10
107850.0
 20
8400.0
 30
0.0
 11
108100.0
 21
8400.0
 31
0.0
  0
LINE
  5
5C2
330
17
100
AcDbEntity
  8
DUVARLAR
100
AcDbLine
 10
106100.0
 20
8200.0
 30
0.0
 11
106250.0
 21
8200.0
 31
0.0
  0
LINE
  5
5C3
330
17
100
AcDbEntity
  8
DUVARLAR
100
AcDbLine
 10
107850.0
 20
8200.0
 30
0.0
 11
108100.0
 21
8200.0
 31
0.0
  0
LINE
  5
5C4
330
17
100
AcDbEntity
  8
DUVARLAR
100
AcDbLine
 10
106250.0
 20
8400.0
 30
0.0
 11
106250.0
 21
8200.0
 31
0.0
  0
LINE
  5
5C5
330
17
100
AcDbEntity
  8
DUVARLAR
100
AcDbLine
 10
107850.0
 20
8400.0
 30
0.0
 11
107850.0
 21
8200.0
 31
0.0
  0
LINE
  5
5C6
330
17
100
AcDbEntity
  8
KAPI-PENCERE
100
AcDbLine
 10
106250.0
 20
8233.333333333334
 30
0.0
 11
107850.0
 21
8233.333333333334
 31
0.0
  0
LINE
  5
5C7
330
17
100
AcDbEntity
  8
KAPI-PENCERE
100
AcDbLine
 10
107850.0
 20
8233.333333333334
 30
0.0
 11
107850.0
 21
8200.0
 31
0.0
  0
LINE
  5
5C8
330
17
100
AcDbEntity
  8
DUVARLAR
100
AcDbLine
 10
108100.0
 20
8400.0
 30
0.0
 11
108100.0
 21
8200.0
 31
0.0
  0
LINE
  5
5C9
330
17
100
AcDbEntity
  8
DUVARLAR
100
AcDbLine
 10
112100.0
 20
8400.0
 30
0.0
 11
112100.0
 21
8200.0
 31
0.0
  0
LINE
  5
5CA
330
17
100
AcDbEntity
  8
DUVARLAR
100
AcDbLine
 10
99150.0
 20
8875.0
 30
0.0
 11
100150.0
 21
8875.0
 31
0.0
  0
LINE
  5
5CB
330
17
100
AcDbEntity
  8
DUVARLAR
100
AcDbLine
 10
100950.0
 20
8875.0
 30
0.0
 11
104025.0
 21
8875.0
 31
0.0
  0
LINE
  5
5CC
330
17
100
AcDbEntity
  8
DUVARLAR
100
AcDbLine
 10
99150.0
 20
8725.0
 30
0.0
 11
100150.0
 21
8725.0
 31
0.0
  0
LINE
  5
5CD
330
17
100
AcDbEntity
  8
DUVARLAR
100
AcDbLine
 10
100950.0
 20
8725.0
 30
0.0
 11
104025.0
 21
8725.0
 31
0.0
  0
LINE
  5
5CE
330
17
100
AcDbEntity
  8
DUVARLAR
100
AcDbLine
 10
100150.0
 20
8875.0
 30
0.0
 11
100150.0
 21
8725.0
 31
0.0
  0
LINE
  5
5CF
330
17
100
AcDbEntity
  8
DUVARLAR
100
AcDbLine
 10
100950.0
 20
8875.0
 30
0.0
 11
100950.0
 21
8725.0
 31
0.0
  0
LINE
  5
5D0
330
17
100
AcDbEntity
  8
KAPI-PENCERE
100
AcDbLine
 10
100150.0
 20
8800.0
 30
0.0
 11
100150.0
 21
9600.0
 31
0.0
  0
ARC
  5
5D1
330
17
100
AcDbEntity
  8
KAPI-PENCERE
100
AcDbCircle
 10
100150.0
 20
8800.0
 30
0.0
 40
800.0
100
AcDbArc
 50
0.0
 51
90.0
  0
LINE
  5
5D2
330
17
100
AcDbEntity
  8
DUVARLAR
100
AcDbLine
 10
114075.0
 20
9575.0
 30
0.0
 11
116625.0
 21
9575.0
 31
0.0
  0
LINE
  5
5D3
330
17
100
AcDbEntity
  8
DUVARLAR
100
AcDbLine
 10
114075.0
 20
9425.0
 30
0.0
 11
116775.0
 21
9425.0
 31
0.0
  0
LINE
  5
5D4
330
17
100
AcDbEntity
  8
DUVARLAR
100
AcDbLine
 10
101375.0
 20
9950.0
 30
0.0
 11
102025.0
 21
9950.0
 31
0.0
  0
LINE
  5
5D5
330
17
100
AcDbEntity
  8
DUVARLAR
100
AcDbLine
 10
101525.0
 20
9800.0
 30
0.0
 11
102025.0
 21
9800.0
 31
0.0
  0
LINE
  5
5D6
330
17
100
AcDbEntity
  8
DUVARLAR
100
AcDbLine
 10
102175.0
 20
10275.0
 30
0.0
 11
104025.0
 21
10275.0
 31
0.0
  0
LINE
  5
5D7
330
17
100
AcDbEntity
  8
DUVARLAR
100
AcDbLine
 10
102175.0
 20
10125.0
 30
0.0
 11
104025.0
 21
10125.0
 31
0.0
  0
LINE
  5
5D8
330
17
100
AcDbEntity
  8
DUVARLAR
100
AcDbLine
 10
101375.0
 20
10600.0
 30
0.0
 11
102025.0
 21
10600.0
 31
0.0
  0
LINE
  5
5D9
330
17
100
AcDbEntity
  8
DUVARLAR
100
AcDbLine
 10
101525.0
 20
10450.0
 30
0.0
 11
102025.0
 21
10450.0
 31
0.0
  0
LINE
  5
5DA
330
17
100
AcDbEntity
  8
DUVARLAR
100
AcDbLine
 10
115975.0
 20
10650.0
 30
0.0
 11
116625.0
 21
10650.0
 31
0.0
  0
LINE
  5
5DB
330
17
100
AcDbEntity
  8
DUVARLAR
100
AcDbLine
 10
116125.0
 20
10500.0
 30
0.0
 11
116625.0
 21
10500.0
 31
0.0
  0
LINE
  5
5DC
330
17
100
AcDbEntity
  8
DUVARLAR
100
AcDbLine
 10
114075.0
 20
10975.0
 30
0.0
 11
115975.0
 21
10975.0
 31
0.0
  0
LINE
  5
5DD
330
17
100
AcDbEntity
  8
DUVARLAR
100
AcDbLine
 10
114075.0
 20
10825.0
 30
0.0
 11
115975.0
 21
10825.0
 31
0.0
  0
LINE
  5
5DE
330
17
100
AcDbEntity
  8
DUVARLAR
100
AcDbLine
 10
115975.0
 20
11300.0
 30
0.0
 11
116625.0
 21
11300.0
 31
0.0
  0
LINE
  5
5DF
330
17
100
AcDbEntity
  8
DUVARLAR
100
AcDbLine
 10
116125.0
 20
11150.0
 30
0.0
 11
116625.0
 21
11150.0
 31
0.0
  0
LINE
  5
5E0
330
17
100
AcDbEntity
  8
DUVARLAR
100
AcDbLine
 10
105925.0
 20
11400.0
 30
0.0
 11
108000.0
 21
11400.0
 31
0.0
  0
LINE
  5
5E1
330
17
100
AcDbEntity
  8
DUVARLAR
100
AcDbLine
 10
106075.0
 20
11200.0
 30
0.0
 11
108000.0
 21
11200.0
 31
0.0
  0
LINE
  5
5E2
330
17
100
AcDbEntity
  8
DUVARLAR
100
AcDbLine
 10
99150.0
 20
12175.0
 30
0.0
 11
104025.0
 21
12175.0
 31
0.0
  0
LINE
  5
5E3
330
17
100
AcDbEntity
  8
DUVARLAR
100
AcDbLine
 10
99150.0
 20
12025.0
 30
0.0
 11
104025.0
 21
12025.0
 31
0.0
  0
LINE
  5
5E4
330
17
100
AcDbEntity
  8
DUVARLAR
100
AcDbLine
 10
105925.0
 20
12375.0
 30
0.0
 11
108000.0
 21
12375.0
 31
0.0
  0
LINE
  5
5E5
330
17
100
AcDbEntity
  8
DUVARLAR
100
AcDbLine
 10
106075.0
 20
12225.0
 30
0.0
 11
108200.0
 21
12225.0
 31
0.0
  0
LINE
  5
5E6
330
17
100
AcDbEntity
  8
DUVARLAR
100
AcDbLine
 10
108000.0
 20
12400.0
 30
0.0
 11
112000.0
 21
12400.0
 31
0.0
  0
LINE
  5
5E7
330
17
100
AcDbEntity
  8
DUVARLAR
100
AcDbLine
 10
108200.0
 20
12200.0
 30
0.0
 11
112000.0
 21
12200.0
 31
0.0
  0
LINE
  5
5E8
330
17
100
AcDbEntity
  8
DUVARLAR
100
AcDbLine
 10
112200.0
 20
13375.0
 30
0.0
 11
112350.0
 21
13375.0
 31
0.0
  0
LINE
  5
5E9
330
17
100
AcDbEntity
  8
DUVARLAR
100
AcDbLine
 10
113150.0
 20
13375.0
 30
0.0
 11
118950.0
 21
13375.0
 31
0.0
  0
LINE
  5
5EA
330
17
100
AcDbEntity
  8
DUVARLAR
100
AcDbLine
 10
112200.0
 20
13225.0
 30
0.0
 11
112350.0
 21
13225.0
 31
0.0
  0
LINE
  5
5EB
330
17
100
AcDbEntity
  8
DUVARLAR
100
AcDbLine
 10
113150.0
 20
13225.0
 30
0.0
 11
118950.0
 21
13225.0
 31
0.0
  0
LINE
  5
5EC
330
17
100
AcDbEntity
  8
DUVARLAR
100
AcDbLine
 10
112350.0
 20
13375.0
 30
0.0
 11
112350.0
 21
13225.0
 31
0.0
  0
LINE
  5
5ED
330
17
100
AcDbEntity
  8
DUVARLAR
100
AcDbLine
 10
113150.0
 20
13375.0
 30
0.0
 11
113150.0
 21
13225.0
 31
0.0
  0
LINE
  5
5EE
330
17
100
AcDbEntity
  8
KAPI-PENCERE
100
AcDbLine
 10
112350.0
 20
13300.0
 30
0.0
 11
112350.0
 21
14100.0
 31
0.0
  0
ARC
  5
5EF
330
17
100
AcDbEntity
  8
KAPI-PENCERE
100
AcDbCircle
 10
112350.0
 20
13300.0
 30
0.0
 40
800.0
100
AcDbArc
 50
0.0
 51
90.0
  0
LINE
  5
5F0
330
17
100
AcDbEntity
  8
DUVARLAR
100
AcDbLine
 10
104025.0
 20
14275.0
 30
0.0
 11
104700.0
 21
14275.0
 31
0.0
  0
LINE
  5
5F1
330
17
100
AcDbEntity
  8
DUVARLAR
100
AcDbLine
 10
105500.0
 20
14275.0
 30
0.0
 11
105975.0
 21
14275.0
 31
0.0
  0
LINE
  5
5F2
330
17
100
AcDbEntity
  8
DUVARLAR
100
AcDbLine
 10
104175.0
 20
14125.0
 30
0.0
 11
104700.0
 21
14125.0
 31
0.0
  0
LINE
  5
5F3
330
17
100
AcDbEntity
  8
DUVARLAR
100
AcDbLine
 10
105500.0
 20
14125.0
 30
0.0
 11
105975.0
 21
14125.0
 31
0.0
  0
LINE
  5
5F4
330
17
100
AcDbEntity
  8
DUVARLAR
100
AcDbLine
 10
104700.0
 20
14275.0
 30
0.0
 11
104700.0
 21
14125.0
 31
0.0
  0
LINE
  5
5F5
330
17
100
AcDbEntity
  8
DUVARLAR
100
AcDbLine
 10
105500.0
 20
14275.0
 30
0.0
 11
105500.0
 21
14125.0
 31
0.0
  0
LINE
  5
5F6
330
17
100
AcDbEntity
  8
KAPI-PENCERE
100
AcDbLine
 10
104700.0
 20
14200.0
 30
0.0
 11
104700.0
 21
15000.0
 31
0.0
  0
ARC
  5
5F7
330
17
100
AcDbEntity
  8
KAPI-PENCERE
100
AcDbCircle
 10
104700.0
 20
14200.0
 30
0.0
 40
800.0
100
AcDbArc
 50
0.0
 51
90.0
  0
LINE
  5
5F8
330
17
100
AcDbEntity
  8
DUVARLAR
100
AcDbLine
 10
118950.0
 20
17400.0
 30
0.0
 11
116450.0
 21
17400.0
 31
0.0
  0
LINE
  5
5F9
330
17
100
AcDbEntity
  8
DUVARLAR
100
AcDbLine
 10
114650.0
 20
17400.0
 30
0.0
 11
110250.0
 21
17400.0
 31
0.0
  0
LINE
  5
5FA
330
17
100
AcDbEntity
  8
DUVARLAR
100
AcDbLine
 10
108450.0
 20
17400.0
 30
0.0
 11
105150.0
 21
17400.0
 31
0.0
  0
LINE
  5
5FB
330
17
100
AcDbEntity
  8
DUVARLAR
100
AcDbLine
 10
103950.0
 20
17400.0
 30
0.0
 11
101950.0
 21
17400.0
 31
0.0
  0
LINE
  5
5FC
330
17
100
AcDbEntity
  8
DUVARLAR
100
AcDbLine
 10
100150.0
 20
17400.0
 30
0.0
 11
99150.0
 21
17400.0
 31
0.0
  0
LINE
  5
5FD
330
17
100
AcDbEntity
  8
DUVARLAR
100
AcDbLine
 10
119150.0
 20
17600.0
 30
0.0
 11
116450.0
 21
17600.0
 31
0.0
  0
LINE
  5
5FE
330
17
100
AcDbEntity
  8
DUVARLAR
100
AcDbLine
 10
114650.0
 20
17600.0
 30
0.0
 11
110250.0
 21
17600.0
 31
0.0
  0
LINE
  5
5FF
330
17
100
AcDbEntity
  8
DUVARLAR
100
AcDbLine
 10
108450.0
 20
17600.0
 30
0.0
 11
105150.0
 21
17600.0
 31
0.0
  0
LINE
  5
600
330
17
100
AcDbEntity
  8
DUVARLAR
100
AcDbLine
 10
103950.0
 20
17600.0
 30
0.0
 11
101950.0
 21
17600.0
 31
0.0
  0
LINE
  5
601
330
17
100
AcDbEntity
  8
DUVARLAR
100
AcDbLine
 10
100150.0
 20
17600.0
 30
0.0
 11
98950.0
 21
17600.0
 31
0.0
  0
LINE
  5
602
330
17
100
AcDbEntity
  8
DUVARLAR
100
AcDbLine
 10
116450.0
 20
17400.0
 30
0.0
 11
116450.0
 21
17600.0
 31
0.0
  0
LINE
  5
603
330
17
100
AcDbEntity
  8
DUVARLAR
100
AcDbLine
 10
114650.0
 20
17400.0
 30
0.0
 11
114650.0
 21
17600.0
 31
0.0
  0
LINE
  5
604
330
17
100
AcDbEntity
  8
KAPI-PENCERE
100
AcDbLine
 10
116450.0
 20
17550.0
 30
0.0
 11
114650.0
 21
17550.0
 31
0.0
  0
LINE
  5
605
330
17
100
AcDbEntity
  8
KAPI-PENCERE
100
AcDbLine
 10
116450.0
 20
17450.0
 30
0.0
 11
114650.0
 21
17450.0
 31
0.0
  0
LINE
  5
606
330
17
100
AcDbEntity
  8
DUVARLAR
100
AcDbLine
 10
110250.0
 20
17400.0
 30
0.0
 11
110250.0
 21
17600.0
 31
0.0
  0
LINE
  5
607
330
17
100
AcDbEntity
  8
DUVARLAR
100
AcDbLine
 10
108450.0
 20
17400.0
 30
0.0
 11
108450.0
 21
17600.0
 31
0.0
  0
LINE
  5
608
330
17
100
AcDbEntity
  8
KAPI-PENCERE
100
AcDbLine
 10
110250.0
 20
17550.0
 30
0.0
 11
108450.0
 21
17550.0
 31
0.0
  0
LINE
  5
609
330
17
100
AcDbEntity
  8
KAPI-PENCERE
100
AcDbLine
 10
110250.0
 20
17450.0
 30
0.0
 11
108450.0
 21
17450.0
 31
0.0
  0
LINE
  5
60A
330
17
100
AcDbEntity
  8
DUVARLAR
100
AcDbLine
 10
105150.0
 20
17400.0
 30
0.0
 11
105150.0
 21
17600.0
 31
0.0
  0
LINE
  5
60B
330
17
100
AcDbEntity
  8
DUVARLAR
100
AcDbLine
 10
103950.0
 20
17400.0
 30
0.0
 11
103950.0
 21
17600.0
 31
0.0
  0
LINE
  5
60C
330
17
100
AcDbEntity
  8
KAPI-PENCERE
100
AcDbLine
 10
105150.0
 20
17550.0
 30
0.0
 11
103950.0
 21
17550.0
 31
0.0
  0
LINE
  5
60D
330
17
100
AcDbEntity
  8
KAPI-PENCERE
100
AcDbLine
 10
105150.0
 20
17450.0
 30
0.0
 11
103950.0
 21
17450.0
 31
0.0
  0
LINE
  5
60E
330
17
100
AcDbEntity
  8
DUVARLAR
100
AcDbLine
 10
101950.0
 20
17400.0
 30
0.0
 11
101950.0
 21
17600.0
 31
0.0
  0
LINE
  5
60F
330
17
100
AcDbEntity
  8
DUVARLAR
100
AcDbLine
 10
100150.0
 20
17400.0
 30
0.0
 11
100150.0
 21
17600.0
 31
0.0
  0
LINE
  5
610
330
17
100
AcDbEntity
  8
KAPI-PENCERE
100
AcDbLine
 10
101950.0
 20
17550.0
 30
0.0
 11
100150.0
 21
17550.0
 31
0.0
  0
LINE
  5
611
330
17
100
AcDbEntity
  8
KAPI-PENCERE
100
AcDbLine
 10
101950.0
 20
17450.0
 30
0.0
 11
100150.0
 21
17450.0
 31
0.0
  0
LINE
  5
612
330
17
100
AcDbEntity
  8
DUVARLAR
100
AcDbLine
 10
99150.0
 20
17400.0
 30
0.0
 11
99150.0
 21
15700.0
 31
0.0
  0
LINE
  5
613
330
17
100
AcDbEntity
  8
DUVARLAR
100
AcDbLine
 10
99150.0
 20
13900.0
 30
0.0
 11
99150.0
 21
7700.0
 31
0.0
  0
LINE
  5
614
330
17
100
AcDbEntity
  8
DUVARLAR
100
AcDbLine
 10
99150.0
 20
6300.0
 30
0.0
 11
99150.0
 21
3200.0
 31
0.0
  0
LINE
  5
615
330
17
100
AcDbEntity
  8
DUVARLAR
100
AcDbLine
 10
99150.0
 20
2000.0
 30
0.0
 11
99150.0
 21
100.0
 31
0.0
  0
LINE
  5
616
330
17
100
AcDbEntity
  8
DUVARLAR
100
AcDbLine
 10
98950.0
 20
17600.0
 30
0.0
 11
98950.0
 21
15700.0
 31
0.0
  0
LINE
  5
617
330
17
100
AcDbEntity
  8
DUVARLAR
100
AcDbLine
 10
98950.0
 20
13900.0
 30
0.0
 11
98950.0
 21
7700.0
 31
0.0
  0
LINE
  5
618
330
17
100
AcDbEntity
  8
DUVARLAR
100
AcDbLine
 10
98950.0
 20
6300.0
 30
0.0
 11
98950.0
 21
3200.0
 31
0.0
  0
LINE
  5
619
330
17
100
AcDbEntity
  8
DUVARLAR
100
AcDbLine
 10
98950.0
 20
2000.0
 30
0.0
 11
98950.0
 21
-100.0
 31
0.0
  0
LINE
  5
61A
330
17
100
AcDbEntity
  8
DUVARLAR
100
AcDbLine
 10
99150.0
 20
15700.0
 30
0.0
 11
98950.0
 21
15700.0
 31
0.0
  0
LINE
  5
61B
330
17
100
AcDbEntity
  8
DUVARLAR
100
AcDbLine
 10
99150.0
 20
13900.0
 30
0.0
 11
98950.0
 21
13900.0
 31
0.0
  0
LINE
  5
61C
330
17
100
AcDbEntity
  8
KAPI-PENCERE
100
AcDbLine
 10
99000.0
 20
15700.0
 30
0.0
 11
99000.0
 21
13900.0
 31
0.0
  0
LINE
  5
61D
330
17
100
AcDbEntity
  8
KAPI-PENCERE
100
AcDbLine
 10
99100.0
 20
15700.0
 30
0.0
 11
99100.0
 21
13900.0
 31
0.0
  0
LINE
  5
61E
330
17
100
AcDbEntity
  8
DUVARLAR
100
AcDbLine
 10
99150.0
 20
7700.0
 30
0.0
 11
98950.0
 21
7700.0
 31
0.0
  0
LINE
  5
61F
330
17
100
AcDbEntity
  8
DUVARLAR
100
AcDbLine
 10
99150.0
 20
6300.0
 30
0.0
 11
98950.0
 21
6300.0
 31
0.0
  0
LINE
  5
620
330
17
100
AcDbEntity
  8
KAPI-PENCERE
100
AcDbLine
 10
99000.0
 20
7700.0
 30
0.0
 11
99000.0
 21
6300.0
 31
0.0
  0
LINE
  5
621
330
17
100
AcDbEntity
  8
KAPI-PENCERE
100
AcDbLine
 10
99100.0
 20
7700.0
 30
0.0
 11
99100.0
 21
6300.0
 31
0.0
  0
LINE
  5
622
330
17
100
AcDbEntity
  8
DUVARLAR
100
AcDbLine
 10
99150.0
 20
3200.0
 30
0.0
 11
98950.0
 21
3200.0
 31
0.0
  0
LINE
  5
623
330
17
100
AcDbEntity
  8
DUVARLAR
100
AcDbLine
 10
99150.0
 20
2000.0
 30
0.0
 11
98950.0
 21
2000.0
 31
0.0
  0
LINE
  5
624
330
17
100
AcDbEntity
  8
KAPI-PENCERE
100
AcDbLine
 10
99000.0
 20
3200.0
 30
0.0
 11
99000.0
 21
2000.0
 31
0.0
  0
LINE
  5
625
330
17
100
AcDbEntity
  8
KAPI-PENCERE
100
AcDbLine
 10
99100.0
 20
3200.0
 30
0.0
 11
99100.0
 21
2000.0
 31
0.0
  0
LINE
  5
626
330
17
100
AcDbEntity
  8
DUVARLAR
100
AcDbLine
 10
101375.0
 20
9950.0
 30
0.0
 11
101375.0
 21
10600.0
 31
0.0
  0
LINE
  5
627
330
17
100
AcDbEntity
  8
DUVARLAR
100
AcDbLine
 10
101525.0
 20
9800.0
 30
0.0
 11
101525.0
 21
10450.0
 31
0.0
  0
LINE
  5
628
330
17
100
AcDbEntity
  8
DUVARLAR
100
AcDbLine
 10
102025.0
 20
8875.0
 30
0.0
 11
102025.0
 21
12025.0
 31
0.0
  0
LINE
  5
629
330
17
100
AcDbEntity
  8
DUVARLAR
100
AcDbLine
 10
102175.0
 20
8875.0
 30
0.0
 11
102175.0
 21
12025.0
 31
0.0
  0
LINE
  5
62A
330
17
100
AcDbEntity
  8
DUVARLAR
100
AcDbLine
 10
104025.0
 20
5350.0
 30
0.0
 11
104025.0
 21
6600.0
 31
0.0
  0
LINE
  5
62B
330
17
100
AcDbEntity
  8
DUVARLAR
100
AcDbLine
 10
104025.0
 20
7400.0
 30
0.0
 11
104025.0
 21
9150.0
 31
0.0
  0
LINE
  5
62C
330
17
100
AcDbEntity
  8
DUVARLAR
100
AcDbLine
 10
104025.0
 20
9850.0
 30
0.0
 11
104025.0
 21
10800.0
 31
0.0
  0
LINE
  5
62D
330
17
100
AcDbEntity
  8
DUVARLAR
100
AcDbLine
 10
104025.0
 20
11500.0
 30
0.0
 11
104025.0
 21
12900.0
 31
0.0
  0
LINE
  5
62E
330
17
100
AcDbEntity
  8
DUVARLAR
100
AcDbLine
 10
104025.0
 20
13700.0
 30
0.0
 11
104025.0
 21
14275.0
 31
0.0
  0
LINE
  5
62F
330
17
100
AcDbEntity
  8
DUVARLAR
100
AcDbLine
 10
104175.0
 20
5350.0
 30
0.0
 11
104175.0
 21
6600.0
 31
0.0
  0
LINE
  5
630
330
17
100
AcDbEntity
  8
DUVARLAR
100
AcDbLine
 10
104175.0
 20
7400.0
 30
0.0
 11
104175.0
 21
9150.0
 31
0.0
  0
LINE
  5
631
330
17
100
AcDbEntity
  8
DUVARLAR
100
AcDbLine
 10
104175.0
 20
9850.0
 30
0.0
 11
104175.0
 21
10800.0
 31
0.0
  0
LINE
  5
632
330
17
100
AcDbEntity
  8
DUVARLAR
100
AcDbLine
 10
104175.0
 20
11500.0
 30
0.0
 11
104175.0
 21
12900.0
 31
0.0
  0
LINE
  5
633
330
17
100
AcDbEntity
  8
DUVARLAR
100
AcDbLine
 10
104175.0
 20
13700.0
 30
0.0
 11
104175.0
 21
14125.0
 31
0.0
  0
LINE
  5
634
330
17
100
AcDbEntity
  8
DUVARLAR
100
AcDbLine
 10
104025.0
 20
6600.0
 30
0.0
 11
104175.0
 21
6600.0
 31
0.0
  0
LINE
  5
635
330
17
100
AcDbEntity
  8
DUVARLAR
100
AcDbLine
 10
104025.0
 20
7400.0
 30
0.0
 11
104175.0
 21
7400.0
 31
0.0
  0
LINE
  5
636
330
17
100
AcDbEntity
  8
KAPI-PENCERE
100
AcDbLine
 10
104100.0
 20
6600.0
 30
0.0
 11
103300.0
 21
6600.0
 31
0.0
  0
ARC
  5
637
330
17
100
AcDbEntity
  8
KAPI-PENCERE
100
AcDbCircle
 10
104100.0
 20
6600.0
 30
0.0
 40
800.0
100
AcDbArc
 50
90.0
 51
180.0
  0
LINE
  5
638
330
17
100
AcDbEntity
  8
DUVARLAR
100
AcDbLine
 10
104025.0
 20
9150.0
 30
0.0
 11
104175.0
 21
9150.0
 31
0.0
  0
LINE
  5
639
330
17
100
AcDbEntity
  8
DUVARLAR
100
AcDbLine
 10
104025.0
 20
9850.0
 30
0.0
 11
104175.0
 21
9850.0
 31
0.0
  0
LINE
  5
63A
330
17
100
AcDbEntity
  8
KAPI-PENCERE
100
AcDbLine
 10
104100.0
 20
9150.0
 30
0.0
 11
103400.0
 21
9150.0
 31
0.0
  0
ARC
  5
63B
330
17
100
AcDbEntity
  8
KAPI-PENCERE
100
AcDbCircle
 10
104100.0
 20
9150.0
 30
0.0
 40
700.0
100
AcDbArc
 50
90.0
 51
180.0
  0
LINE
  5
63C
330
17
100
AcDbEntity
  8
DUVARLAR
100
AcDbLine
 10
104025.0
 20
10800.0
 30
0.0
 11
104175.0
 21
10800.0
 31
0.0
  0
LINE
  5
63D
330
17
100
AcDbEntity
  8
DUVARLAR
100
AcDbLine
 10
104025.0
 20
11500.0
 30
0.0
 11
104175.0
 21
11500.0
 31
0.0
  0
LINE
  5
63E
330
17
100
AcDbEntity
  8
KAPI-PENCERE
100
AcDbLine
 10
104100.0
 20
10800.0
 30
0.0
 11
103400.0
 21
10800.0
 31
0.0
  0
ARC
  5
63F
330
17
100
AcDbEntity
  8
KAPI-PENCERE
100
AcDbCircle
 10
104100.0
 20
10800.0
 30
0.0
 40
700.0
100
AcDbArc
 50
90.0
 51
180.0
  0
LINE
  5
640
330
17
100
AcDbEntity
  8
DUVARLAR
100
AcDbLine
 10
104025.0
 20
12900.0
 30
0.0
 11
104175.0
 21
12900.0
 31
0.0
  0
LINE
  5
641
330
17
100
AcDbEntity
  8
DUVARLAR
100
AcDbLine
 10
104025.0
 20
13700.0
 30
0.0
 11
104175.0
 21
13700.0
 31
0.0
  0
LINE
  5
642
330
17
100
AcDbEntity
  8
KAPI-PENCERE
100
AcDbLine
 10
104100.0
 20
12900.0
 30
0.0
 11
103300.0
 21
12900.0
 31
0.0
  0
ARC
  5
643
330
17
100
AcDbEntity
  8
KAPI-PENCERE
100
AcDbCircle
 10
104100.0
 20
12900.0
 30
0.0
 40
800.0
100
AcDbArc
 50
90.0
 51
180.0
  0
LINE
  5
644
330
17
100
AcDbEntity
  8
DUVARLAR
100
AcDbLine
 10
105900.0
 20
5350.0
 30
0.0
 11
105900.0
 21
5850.0
 31
0.0
  0
LINE
  5
645
330
17
100
AcDbEntity
  8
DUVARLAR
100
AcDbLine
 10
105900.0
 20
6750.0
 30
0.0
 11
105900.0
 21
11400.0
 31
0.0
  0
LINE
  5
646
330
17
100
AcDbEntity
  8
DUVARLAR
100
AcDbLine
 10
106100.0
 20
5350.0
 30
0.0
 11
106100.0
 21
5850.0
 31
0.0
  0
LINE
  5
647
330
17
100
AcDbEntity
  8
DUVARLAR
100
AcDbLine
 10
106100.0
 20
6750.0
 30
0.0
 11
106100.0
 21
11200.0
 31
0.0
  0
LINE
  5
648
330
17
100
AcDbEntity
  8
DUVARLAR
100
AcDbLine
 10
105900.0
 20
5850.0
 30
0.0
 11
106100.0
 21
5850.0
 31
0.0
  0
LINE
  5
649
330
17
100
AcDbEntity
  8
DUVARLAR
100
AcDbLine
 10
105900.0
 20
6750.0
 30
0.0
 11
106100.0
 21
6750.0
 31
0.0
  0
LINE
  5
64A
330
17
100
AcDbEntity
  8
KAPI-PENCERE
100
AcDbLine
 10
106000.0
 20
5850.0
 30
0.0
 11
105100.0
 21
5850.0
 31
0.0
  0
ARC
  5
64B
330
17
100
AcDbEntity
  8
KAPI-PENCERE
100
AcDbCircle
 10
106000.0
 20
5850.0
 30
0.0
 40
900.0
100
AcDbArc
 50
90.0
 51
180.0
  0
LINE
  5
64C
330
17
100
AcDbEntity
  8
DUVARLAR
100
AcDbLine
 10
105925.0
 20
11400.0
 30
0.0
 11
105925.0
 21
11500.0
 31
0.0
  0
LINE
  5
64D
330
17
100
AcDbEntity
  8
DUVARLAR
100
AcDbLine
 10
105925.0
 20
12100.0
 30
0.0
 11
105925.0
 21
12375.0
 31
0.0
  0
LINE
  5
64E
330
17
100
AcDbEntity
  8
DUVARLAR
100
AcDbLine
 10
106075.0
 20
11200.0
 30
0.0
 11
106075.0
 21
11500.0
 31
0.0
  0
LINE
  5
64F
330
17
100
AcDbEntity
  8
DUVARLAR
100
AcDbLine
 10
106075.0
 20
12100.0
 30
0.0
 11
106075.0
 21
12225.0
 31
0.0
  0
LINE
  5
650
330
17
100
AcDbEntity
  8
DUVARLAR
100
AcDbLine
 10
105925.0
 20
11500.0
 30
0.0
 11
106075.0
 21
11500.0
 31
0.0
  0
LINE
  5
651
330
17
100
AcDbEntity
  8
DUVARLAR
100
AcDbLine
 10
105925.0
 20
12100.0
 30
0.0
 11
106075.0
 21
12100.0
 31
0.0
  0
LINE
  5
652
330
17
100
AcDbEntity
  8
KAPI-PENCERE
100
AcDbLine
 10
106000.0
 20
11500.0
 30
0.0
 11
106600.0
 21
11500.0
 31
0.0
  0
ARC
  5
653
330
17
100
AcDbEntity
  8
KAPI-PENCERE
100
AcDbCircle
 10
106000.0
 20
11500.0
 30
0.0
 40
600.0
100
AcDbArc
 50
-0.0
 51
90.0
  0
LINE
  5
654
330
17
100
AcDbEntity
  8
DUVARLAR
100
AcDbLine
 10
105975.0
 20
100.0
 30
0.0
 11
105975.0
 21
3900.0
 31
0.0
  0
LINE
  5
655
330
17
100
AcDbEntity
  8
DUVARLAR
100
AcDbLine
 10
105975.0
 20
4700.0
 30
0.0
 11
105975.0
 21
5150.0
 31
0.0
  0
LINE
  5
656
330
17
100
AcDbEntity
  8
DUVARLAR
100
AcDbLine
 10
106125.0
 20
100.0
 30
0.0
 11
106125.0
 21
3900.0
 31
0.0
  0
LINE
  5
657
330
17
100
AcDbEntity
  8
DUVARLAR
100
AcDbLine
 10
106125.0
 20
4700.0
 30
0.0
 11
106125.0
 21
5150.0
 31
0.0
  0
LINE
  5
658
330
17
100
AcDbEntity
  8
DUVARLAR
100
AcDbLine
 10
105975.0
 20
3900.0
 30
0.0
 11
106125.0
 21
3900.0
 31
0.0
  0
LINE
  5
659
330
17
100
AcDbEntity
  8
DUVARLAR
100
AcDbLine
 10
105975.0
 20
4700.0
 30
0.0
 11
106125.0
 21
4700.0
 31
0.0
  0
LINE
  5
65A
330
17
100
AcDbEntity
  8
KAPI-PENCERE
100
AcDbLine
 10
106050.0
 20
3900.0
 30
0.0
 11
105250.0
 21
3900.0
 31
0.0
  0
ARC
  5
65B
330
17
100
AcDbEntity
  8
KAPI-PENCERE
100
AcDbCircle
 10
106050.0
 20
3900.0
 30
0.0
 40
800.0
100
AcDbArc
 50
90.0
 51
180.0
  0
LINE
  5
65C
330
17
100
AcDbEntity
  8
DUVARLAR
100
AcDbLine
 10
105975.0
 20
12375.0
 30
0.0
 11
105975.0
 21
12800.0
 31
0.0
  0
LINE
  5
65D
330
17
100
AcDbEntity
  8
DUVARLAR
100
AcDbLine
 10
105975.0
 20
13600.0
 30
0.0
 11
105975.0
 21
17400.0
 31
0.0
  0
LINE
  5
65E
330
17
100
AcDbEntity
  8
DUVARLAR
100
AcDbLine
 10
106125.0
 20
12375.0
 30
0.0
 11
106125.0
 21
12800.0
 31
0.0
  0
LINE
  5
65F
330
17
100
AcDbEntity
  8
DUVARLAR
100
AcDbLine
 10
106125.0
 20
13600.0
 30
0.0
 11
106125.0
 21
17400.0
 31
0.0
  0
LINE
  5
660
330
17
100
AcDbEntity
  8
DUVARLAR
100
AcDbLine
 10
105975.0
 20
12800.0
 30
0.0
 11
106125.0
 21
12800.0
 31
0.0
  0
LINE
  5
661
330
17
100
AcDbEntity
  8
DUVARLAR
100
AcDbLine
 10
105975.0
 20
13600.0
 30
0.0
 11
106125.0
 21
13600.0
 31
0.0
  0
LINE
  5
662
330
17
100
AcDbEntity
  8
KAPI-PENCERE
100
AcDbLine
 10
106050.0
 20
12800.0
 30
0.0
 11
106850.0
 21
12800.0
 31
0.0
  0
ARC
  5
663
330
17
100
AcDbEntity
  8
KAPI-PENCERE
100
AcDbCircle
 10
106050.0
 20
12800.0
 30
0.0
 40
800.0
100
AcDbArc
 50
-0.0
 51
90.0
  0
LINE
  5
664
330
17
100
AcDbEntity
  8
DUVARLAR
100
AcDbLine
 10
108000.0
 20
8400.0
 30
0.0
 11
108000.0
 21
12400.0
 31
0.0
  0
LINE
  5
665
330
17
100
AcDbEntity
  8
DUVARLAR
100
AcDbLine
 10
108200.0
 20
8400.0
 30
0.0
 11
108200.0
 21
12200.0
 31
0.0
  0
LINE
  5
666
330
17
100
AcDbEntity
  8
DUVARLAR
100
AcDbLine
 10
109075.0
 20
100.0
 30
0.0
 11
109075.0
 21
3275.0
 31
0.0
  0
LINE
  5
667
330
17
100
AcDbEntity
  8
DUVARLAR
100
AcDbLine
 10
109225.0
 20
100.0
 30
0.0
 11
109225.0
 21
3275.0
 31
0.0
  0
LINE
  5
668
330
17
100
AcDbEntity
  8
DUVARLAR
100
AcDbLine
 10
110825.0
 20
1775.0
 30
0.0
 11
110825.0
 21
3275.0
 31
0.0
  0
LINE
  5
669
330
17
100
AcDbEntity
  8
DUVARLAR
100
AcDbLine
 10
110975.0
 20
1625.0
 30
0.0
 11
110975.0
 21
3275.0
 31
0.0
  0
LINE
  5
66A
330
17
100
AcDbEntity
  8
DUVARLAR
100
AcDbLine
 10
111375.0
 20
1125.0
 30
0.0
 11
111375.0
 21
1625.0
 31
0.0
  0
LINE
  5
66B
330
17
100
AcDbEntity
  8
DUVARLAR
100
AcDbLine
 10
111525.0
 20
975.0
 30
0.0
 11
111525.0
 21
1625.0
 31
0.0
  0
LINE
  5
66C
330
17
100
AcDbEntity
  8
DUVARLAR
100
AcDbLine
 10
112000.0
 20
100.0
 30
0.0
 11
112000.0
 21
5300.0
 31
0.0
  0
LINE
  5
66D
330
17
100
AcDbEntity
  8
DUVARLAR
100
AcDbLine
 10
112000.0
 20
6200.0
 30
0.0
 11
112000.0
 21
17400.0
 31
0.0
  0
LINE
  5
66E
330
17
100
AcDbEntity
  8
DUVARLAR
100
AcDbLine
 10
112200.0
 20
100.0
 30
0.0
 11
112200.0
 21
5300.0
 31
0.0
  0
LINE
  5
66F
330
17
100
AcDbEntity
  8
DUVARLAR
100
AcDbLine
 10
112200.0
 20
6200.0
 30
0.0
 11
112200.0
 21
17400.0
 31
0.0
  0
LINE
  5
670
330
17
100
AcDbEntity
  8
DUVARLAR
100
AcDbLine
 10
112000.0
 20
5300.0
 30
0.0
 11
112200.0
 21
5300.0
 31
0.0
  0
LINE
  5
671
330
17
100
AcDbEntity
  8
DUVARLAR
100
AcDbLine
 10
112000.0
 20
6200.0
 30
0.0
 11
112200.0
 21
6200.0
 31
0.0
  0
LINE
  5
672
330
17
100
AcDbEntity
  8
KAPI-PENCERE
100
AcDbLine
 10
112100.0
 20
5300.0
 30
0.0
 11
113000.0
 21
5300.0
 31
0.0
  0
ARC
  5
673
330
17
100
AcDbEntity
  8
KAPI-PENCERE
100
AcDbCircle
 10
112100.0
 20
5300.0
 30
0.0
 40
900.0
100
AcDbArc
 50
-0.0
 51
90.0
  0
LINE
  5
674
330
17
100
AcDbEntity
  8
DUVARLAR
100
AcDbLine
 10
113925.0
 20
4375.0
 30
0.0
 11
113925.0
 21
6400.0
 31
0.0
  0
LINE
  5
675
330
17
100
AcDbEntity
  8
DUVARLAR
100
AcDbLine
 10
113925.0
 20
7200.0
 30
0.0
 11
113925.0
 21
9850.0
 31
0.0
  0
LINE
  5
676
330
17
100
AcDbEntity
  8
DUVARLAR
100
AcDbLine
 10
113925.0
 20
10550.0
 30
0.0
 11
113925.0
 21
11350.0
 31
0.0
  0
LINE
  5
677
330
17
100
AcDbEntity
  8
DUVARLAR
100
AcDbLine
 10
113925.0
 20
12050.0
 30
0.0
 11
113925.0
 21
13225.0
 31
0.0
  0
LINE
  5
678
330
17
100
AcDbEntity
  8
DUVARLAR
100
AcDbLine
 10
114075.0
 20
4375.0
 30
0.0
 11
114075.0
 21
6400.0
 31
0.0
  0
LINE
  5
679
330
17
100
AcDbEntity
  8
DUVARLAR
100
AcDbLine
 10
114075.0
 20
7200.0
 30
0.0
 11
114075.0
 21
9850.0
 31
0.0
  0
LINE
  5
67A
330
17
100
AcDbEntity
  8
DUVARLAR
100
AcDbLine
 10
114075.0
 20
10550.0
 30
0.0
 11
114075.0
 21
11350.0
 31
0.0
  0
LINE
  5
67B
330
17
100
AcDbEntity
  8
DUVARLAR
100
AcDbLine
 10
114075.0
 20
12050.0
 30
0.0
 11
114075.0
 21
13225.0
 31
0.0
  0
LINE
  5
67C
330
17
100
AcDbEntity
  8
DUVARLAR
100
AcDbLine
 10
113925.0
 20
6400.0
 30
0.0
 11
114075.0
 21
6400.0
 31
0.0
  0
LINE
  5
67D
330
17
100
AcDbEntity
  8
DUVARLAR
100
AcDbLine
 10
113925.0
 20
7200.0
 30
0.0
 11
114075.0
 21
7200.0
 31
0.0
  0
LINE
  5
67E
330
17
100
AcDbEntity
  8
KAPI-PENCERE
100
AcDbLine
 10
114000.0
 20
6400.0
 30
0.0
 11
114800.0
 21
6400.0
 31
0.0
  0
ARC
  5
67F
330
17
100
AcDbEntity
  8
KAPI-PENCERE
100
AcDbCircle
 10
114000.0
 20
6400.0
 30
0.0
 40
800.0
100
AcDbArc
 50
-0.0
 51
90.0
  0
LINE
  5
680
330
17
100
AcDbEntity
  8
DUVARLAR
100
AcDbLine
 10
113925.0
 20
9850.0
 30
0.0
 11
114075.0
 21
9850.0
 31
0.0
  0
LINE
  5
681
330
17
100
AcDbEntity
  8
DUVARLAR
100
AcDbLine
 10
113925.0
 20
10550.0
 30
0.0
 11
114075.0
 21
10550.0
 31
0.0
  0
LINE
  5
682
330
17
100
AcDbEntity
  8
KAPI-PENCERE
100
AcDbLine
 10
114000.0
 20
9850.0
 30
0.0
 11
114700.0
 21
9850.0
 31
0.0
  0
ARC
  5
683
330
17
100
AcDbEntity
  8
KAPI-PENCERE
100
AcDbCircle
 10
114000.0
 20
9850.0
 30
0.0
 40
700.0
100
AcDbArc
 50
-0.0
 51
90.0
  0
LINE
  5
684
330
17
100
AcDbEntity
  8
DUVARLAR
100
AcDbLine
 10
113925.0
 20
11350.0
 30
0.0
 11
114075.0
 21
11350.0
 31
0.0
  0
LINE
  5
685
330
17
100
AcDbEntity
  8
DUVARLAR
100
AcDbLine
 10
113925.0
 20
12050.0
 30
0.0
 11
114075.0
 21
12050.0
 31
0.0
  0
LINE
  5
686
330
17
100
AcDbEntity
  8
KAPI-PENCERE
100
AcDbLine
 10
114000.0
 20
11350.0
 30
0.0
 11
114700.0
 21
11350.0
 31
0.0
  0
ARC
  5
687
330
17
100
AcDbEntity
  8
KAPI-PENCERE
100
AcDbCircle
 10
114000.0
 20
11350.0
 30
0.0
 40
700.0
100
AcDbArc
 50
-0.0
 51
90.0
  0
LINE
  5
688
330
17
100
AcDbEntity
  8
DUVARLAR
100
AcDbLine
 10
115975.0
 20
10650.0
 30
0.0
 11
115975.0
 21
11300.0
 31
0.0
  0
LINE
  5
689
330
17
100
AcDbEntity
  8
DUVARLAR
100
AcDbLine
 10
116125.0
 20
10500.0
 30
0.0
 11
116125.0
 21
11150.0
 31
0.0
  0
LINE
  5
68A
330
17
100
AcDbEntity
  8
DUVARLAR
100
AcDbLine
 10
116625.0
 20
9575.0
 30
0.0
 11
116625.0
 21
13225.0
 31
0.0
  0
LINE
  5
68B
330
17
100
AcDbEntity
  8
DUVARLAR
100
AcDbLine
 10
116775.0
 20
9425.0
 30
0.0
 11
116775.0
 21
13225.0
 31
0.0
  0
LINE
  5
68C
330
17
100
AcDbEntity
  8
DUVARLAR
100
AcDbLine
 10
118950.0
 20
100.0
 30
0.0
 11
118950.0
 21
1450.0
 31
0.0
  0
LINE
  5
68D
330
17
100
AcDbEntity
  8
DUVARLAR
100
AcDbLine
 10
118950.0
 20
2850.0
 30
0.0
 11
118950.0
 21
6000.0
 31
0.0
  0
LINE
  5
68E
330
17
100
AcDbEntity
  8
DUVARLAR
100
AcDbLine
 10
118950.0
 20
7800.0
 30
0.0
 11
118950.0
 21
10800.0
 31
0.0
  0
LINE
  5
68F
330
17
100
AcDbEntity
  8
DUVARLAR
100
AcDbLine
 10
118950.0
 20
12000.0
 30
0.0
 11
118950.0
 21
14700.0
 31
0.0
  0
LINE
  5
690
330
17
100
AcDbEntity
  8
DUVARLAR
100
AcDbLine
 10
118950.0
 20
16100.0
 30
0.0
 11
118950.0
 21
17400.0
 31
0.0
  0
LINE
  5
691
330
17
100
AcDbEntity
  8
DUVARLAR
100
AcDbLine
 10
119150.0
 20
-100.0
 30
0.0
 11
119150.0
 21
1450.0
 31
0.0
  0
LINE
  5
692
330
17
100
AcDbEntity
  8
DUVARLAR
100
AcDbLine
 10
119150.0
 20
2850.0
 30
0.0
 11
119150.0
 21
6000.0
 31
0.0
  0
LINE
  5
693
330
17
100
AcDbEntity
  8
DUVARLAR
100
AcDbLine
 10
119150.0
 20
7800.0
 30
0.0
 11
119150.0
 21
10800.0
 31
0.0
  0
LINE
  5
694
330
17
100
AcDbEntity
  8
DUVARLAR
100
AcDbLine
 10
119150.0
 20
12000.0
 30
0.0
 11
119150.0
 21
14700.0
 31
0.0
  0
LINE
  5
695
330
17
100
AcDbEntity
  8
DUVARLAR
100
AcDbLine
 10
119150.0
 20
16100.0
 30
0.0
 11
119150.0
 21
17600.0
 31
0.0
  0
LINE
  5
696
330
17
100
AcDbEntity
  8
DUVARLAR
100
AcDbLine
 10
118950.0
 20
1450.0
 30
0.0
 11
119150.0
 21
1450.0
 31
0.0
  0
LINE
  5
697
330
17
100
AcDbEntity
  8
DUVARLAR
100
AcDbLine
 10
118950.0
 20
2850.0
 30
0.0
 11
119150.0
 21
2850.0
 31
0.0
  0
LINE
  5
698
330
17
100
AcDbEntity
  8
KAPI-PENCERE
100
AcDbLine
 10
119100.0
 20
1450.0
 30
0.0
 11
119100.0
 21
2850.0
 31
0.0
  0
LINE
  5
699
330
17
100
AcDbEntity
  8
KAPI-PENCERE
100
AcDbLine
 10
119000.0
 20
1450.0
 30
0.0
 11
119000.0
 21
2850.0
 31
0.0
  0
LINE
  5
69A
330
17
100
AcDbEntity
  8
DUVARLAR
100
AcDbLine
 10
118950.0
 20
6000.0
 30
0.0
 11
119150.0
 21
6000.0
 31
0.0
  0
LINE
  5
69B
330
17
100
AcDbEntity
  8
DUVARLAR
100
AcDbLine
 10
118950.0
 20
7800.0
 30
0.0
 11
119150.0
 21
7800.0
 31
0.0
  0
LINE
  5
69C
330
17
100
AcDbEntity
  8
KAPI-PENCERE
100
AcDbLine
 10
119100.0
 20
6000.0
 30
0.0
 11
119100.0
 21
7800.0
 31
0.0
  0
LINE
  5
69D
330
17
100
AcDbEntity
  8
KAPI-PENCERE
100
AcDbLine
 10
119000.0
 20
6000.0
 30
0.0
 11
119000.0
 21
7800.0
 31
0.0
  0
LINE
  5
69E
330
17
100
AcDbEntity
  8
DUVARLAR
100
AcDbLine
 10
118950.0
 20
10800.0
 30
0.0
 11
119150.0
 21
10800.0
 31
0.0
  0
LINE
  5
69F
330
17
100
AcDbEntity
  8
DUVARLAR
100
AcDbLine
 10
118950.0
 20
12000.0
 30
0.0
 11
119150.0
 21
12000.0
 31
0.0
  0
LINE
  5
6A0
330
17
100
AcDbEntity
  8
KAPI-PENCERE
100
AcDbLine
 10
119100.0
 20
10800.0
 30
0.0
 11
119100.0
 21
12000.0
 31
0.0
  0
LINE
  5
6A1
330
17
100
AcDbEntity
  8
KAPI-PENCERE
100
AcDbLine
 10
119000.0
 20
10800.0
 30
0.0
 11
119000.0
 21
12000.0
 31
0.0
  0
LINE
  5
6A2
330
17
100
AcDbEntity
  8
DUVARLAR
100
AcDbLine
 10
118950.0
 20
14700.0
 30
0.0
 11
119150.0
 21
14700.0
 31
0.0
  0
LINE
  5
6A3
330
17
100
AcDbEntity
  8
DUVARLAR
100
AcDbLine
 10
118950.0
 20
16100.0
 30
0.0
 11
119150.0
 21
16100.0
 31
0.0
  0
LINE
  5
6A4
330
17
100
AcDbEntity
  8
KAPI-PENCERE
100
AcDbLine
 10
119100.0
 20
14700.0
 30
0.0
 11
119100.0
 21
16100.0
 31
0.0
  0
LINE
  5
6A5
330
17
100
AcDbEntity
  8
KAPI-PENCERE
100
AcDbLine
 10
119000.0
 20
14700.0
 30
0.0
 11
119000.0
 21
16100.0
 31
0.0
  0
INSERT
  5
6A6
330
17
100
AcDbEntity
  8
METIN
100
AcDbBlockReference
 66
1
  2
MAHAL_ETIKET
 10
107050.0
 20
9800.0
 30
0.0
 41
2.0
 42
2.0
  0
ATTRIB
  5
6A8
330
17
100
AcDbEntity
  8
METIN
100
AcDbText
 10
107050.0
 20
10036.0
 30
0.0
 40
200.0
  1
ASANSOR
 72
1
 11
107050.0
 21
10036.0
 31
0.0
100
AcDbAttribute
  2
MAHAL_ADI
 70
0
 74
2
  0
ATTRIB
  5
6A9
330
17
100
AcDbEntity
  8
METIN
100
AcDbText
 10
107050.0
 20
9778.0
 30
0.0
 40
156.0
  1
K1-01
 72
1
 11
107050.0
 21
9778.0
 31
0.0
100
AcDbAttribute
  2
MAHAL_KOD
 70
0
 74
2
  0
ATTRIB
  5
6AA
330
17
100
AcDbEntity
  8
METIN
100
AcDbText
 10
107050.0
 20
9542.0
 30
0.0
 40
156.0
  1
5.3 m2
 72
1
 11
107050.0
 21
9542.0
 31
0.0
100
AcDbAttribute
  2
ALAN
 70
0
 74
2
  0
SEQEND
  5
6A7
330
6A6
100
AcDbEntity
  8
METIN
  0
INSERT
  5
6AB
330
17
100
AcDbEntity
  8
METIN
100
AcDbBlockReference
 66
1
  2
MAHAL_ETIKET
 10
110100.0
 20
10300.0
 30
0.0
 41
2.0
 42
2.0
  0
ATTRIB
  5
6AD
330
17
100
AcDbEntity
  8
METIN
100
AcDbText
 10
110100.0
 20
10536.0
 30
0.0
 40
200.0
  1
MERDIVEN
 72
1
 11
110100.0
 21
10536.0
 31
0.0
100
AcDbAttribute
  2
MAHAL_ADI
 70
0
 74
2
  0
ATTRIB
  5
6AE
330
17
100
AcDbEntity
  8
METIN
100
AcDbText
 10
110100.0
 20
10278.0
 30
0.0
 40
156.0
  1
K1-02
 72
1
 11
110100.0
 21
10278.0
 31
0.0
100
AcDbAttribute
  2
MAHAL_KOD
 70
0
 74
2
  0
ATTRIB
  5
6AF
330
17
100
AcDbEntity
  8
METIN
100
AcDbText
 10
110100.0
 20
10042.0
 30
0.0
 40
156.0
  1
14.4 m2
 72
1
 11
110100.0
 21
10042.0
 31
0.0
100
AcDbAttribute
  2
ALAN
 70
0
 74
2
  0
SEQEND
  5
6AC
330
6AB
100
AcDbEntity
  8
METIN
  0
INSERT
  5
6B0
330
17
100
AcDbEntity
  8
METIN
100
AcDbBlockReference
 66
1
  2
MAHAL_ETIKET
 10
109050.0
 20
6775.0
 30
0.0
 41
2.0
 42
2.0
  0
ATTRIB
  5
6B2
330
17
100
AcDbEntity
  8
METIN
100
AcDbText
 10
109050.0
 20
7011.0
 30
0.0
 40
200.0
  1
KAT HOLU
 72
1
 11
109050.0
 21
7011.0
 31
0.0
100
AcDbAttribute
  2
MAHAL_ADI
 70
0
 74
2
  0
ATTRIB
  5
6B3
330
17
100
AcDbEntity
  8
METIN
100
AcDbText
 10
109050.0
 20
6753.0
 30
0.0
 40
156.0
  1
K1-03
 72
1
 11
109050.0
 21
6753.0
 31
0.0
100
AcDbAttribute
  2
MAHAL_KOD
 70
0
 74
2
  0
ATTRIB
  5
6B4
330
17
100
AcDbEntity
  8
METIN
100
AcDbText
 10
109050.0
 20
6517.0
 30
0.0
 40
156.0
  1
16.8 m2
 72
1
 11
109050.0
 21
6517.0
 31
0.0
100
AcDbAttribute
  2
ALAN
 70
0
 74
2
  0
SEQEND
  5
6B1
330
6B0
100
AcDbEntity
  8
METIN
  0
INSERT
  5
6B5
330
17
100
AcDbEntity
  8
METIN
100
AcDbBlockReference
 66
1
  2
MAHAL_ETIKET
 10
113050.0
 20
8800.0
 30
0.0
 41
2.0
 42
2.0
  0
ATTRIB
  5
6B7
330
17
100
AcDbEntity
  8
METIN
100
AcDbText
 10
113050.0
 20
9036.0
 30
0.0
 40
200.0
  1
HOL
 72
1
 11
113050.0
 21
9036.0
 31
0.0
100
AcDbAttribute
  2
MAHAL_ADI
 70
0
 74
2
  0
ATTRIB
  5
6B8
330
17
100
AcDbEntity
  8
METIN
100
AcDbText
 10
113050.0
 20
8778.0
 30
0.0
 40
156.0
  1
K1-04
 72
1
 11
113050.0
 21
8778.0
 31
0.0
100
AcDbAttribute
  2
MAHAL_KOD
 70
0
 74
2
  0
ATTRIB
  5
6B9
330
17
100
AcDbEntity
  8
METIN
100
AcDbText
 10
113050.0
 20
8542.0
 30
0.0
 40
156.0
  1
15.3 m2
 72
1
 11
113050.0
 21
8542.0
 31
0.0
100
AcDbAttribute
  2
ALAN
 70
0
 74
2
  0
SEQEND
  5
6B6
330
6B5
100
AcDbEntity
  8
METIN
  0
INSERT
  5
6BA
330
17
100
AcDbEntity
  8
METIN
100
AcDbBlockReference
 66
1
  2
MAHAL_ETIKET
 10
115575.0
 20
2150.0
 30
0.0
 41
2.0
 42
2.0
  0
ATTRIB
  5
6BC
330
17
100
AcDbEntity
  8
METIN
100
AcDbText
 10
115575.0
 20
2386.0
 30
0.0
 40
200.0
  1
ODA 2
 72
1
 11
115575.0
 21
2386.0
 31
0.0
100
AcDbAttribute
  2
MAHAL_ADI
 70
0
 74
2
  0
ATTRIB
  5
6BD
330
17
100
AcDbEntity
  8
METIN
100
AcDbText
 10
115575.0
 20
2128.0
 30
0.0
 40
156.0
  1
K1-05
 72
1
 11
115575.0
 21
2128.0
 31
0.0
100
AcDbAttribute
  2
MAHAL_KOD
 70
0
 74
2
  0
ATTRIB
  5
6BE
330
17
100
AcDbEntity
  8
METIN
100
AcDbText
 10
115575.0
 20
1892.0
 30
0.0
 40
156.0
  1
27.8 m2
 72
1
 11
115575.0
 21
1892.0
 31
0.0
100
AcDbAttribute
  2
ALAN
 70
0
 74
2
  0
SEQEND
  5
6BB
330
6BA
100
AcDbEntity
  8
METIN
  0
INSERT
  5
6BF
330
17
100
AcDbEntity
  8
METIN
100
AcDbBlockReference
 66
1
  2
MAHAL_ETIKET
 10
116525.0
 20
6900.0
 30
0.0
 41
2.0
 42
2.0
  0
ATTRIB
  5
6C1
330
17
100
AcDbEntity
  8
METIN
100
AcDbText
 10
116525.0
 20
7136.0
 30
0.0
 40
200.0
  1
SALON
 72
1
 11
116525.0
 21
7136.0
 31
0.0
100
AcDbAttribute
  2
MAHAL_ADI
 70
0
 74
2
  0
ATTRIB
  5
6C2
330
17
100
AcDbEntity
  8
METIN
100
AcDbText
 10
116525.0
 20
6878.0
 30
0.0
 40
156.0
  1
K1-06
 72
1
 11
116525.0
 21
6878.0
 31
0.0
100
AcDbAttribute
  2
MAHAL_KOD
 70
0
 74
2
  0
ATTRIB
  5
6C3
330
17
100
AcDbEntity
  8
METIN
100
AcDbText
 10
116525.0
 20
6642.0
 30
0.0
 40
156.0
  1
24.6 m2
 72
1
 11
116525.0
 21
6642.0
 31
0.0
100
AcDbAttribute
  2
ALAN
 70
0
 74
2
  0
SEQEND
  5
6C0
330
6BF
100
AcDbEntity
  8
METIN
  0
INSERT
  5
6C4
330
17
100
AcDbEntity
  8
METIN
100
AcDbBlockReference
 66
1
  2
MAHAL_ETIKET
 10
115350.0
 20
10200.0
 30
0.0
 41
2.0
 42
2.0
  0
ATTRIB
  5
6C6
330
17
100
AcDbEntity
  8
METIN
100
AcDbText
 10
115350.0
 20
10436.0
 30
0.0
 40
200.0
  1
WC
 72
1
 11
115350.0
 21
10436.0
 31
0.0
100
AcDbAttribute
  2
MAHAL_ADI
 70
0
 74
2
  0
ATTRIB
  5
6C7
330
17
100
AcDbEntity
  8
METIN
100
AcDbText
 10
115350.0
 20
10178.0
 30
0.0
 40
156.0
  1
K1-07
 72
1
 11
115350.0
 21
10178.0
 31
0.0
100
AcDbAttribute
  2
MAHAL_KOD
 70
0
 74
2
  0
ATTRIB
  5
6C8
330
17
100
AcDbEntity
  8
METIN
100
AcDbText
 10
115350.0
 20
9942.0
 30
0.0
 40
156.0
  1
3.0 m2
 72
1
 11
115350.0
 21
9942.0
 31
0.0
100
AcDbAttribute
  2
ALAN
 70
0
 74
2
  0
SEQEND
  5
6C5
330
6C4
100
AcDbEntity
  8
METIN
  0
INSERT
  5
6C9
330
17
100
AcDbEntity
  8
METIN
100
AcDbBlockReference
 66
1
  2
MAHAL_ETIKET
 10
115200.0
 20
12100.0
 30
0.0
 41
2.0
 42
2.0
  0
ATTRIB
  5
6CB
330
17
100
AcDbEntity
  8
METIN
100
AcDbText
 10
115200.0
 20
12336.0
 30
0.0
 40
200.0
  1
BANYO
 72
1
 11
115200.0
 21
12336.0
 31
0.0
100
AcDbAttribute
  2
MAHAL_ADI
 70
0
 74
2
  0
ATTRIB
  5
6CC
330
17
100
AcDbEntity
  8
METIN
100
AcDbText
 10
115200.0
 20
12078.0
 30
0.0
 40
156.0
  1
K1-08
 72
1
 11
115200.0
 21
12078.0
 31
0.0
100
AcDbAttribute
  2
MAHAL_KOD
 70
0
 74
2
  0
ATTRIB
  5
6CD
330
17
100
AcDbEntity
  8
METIN
100
AcDbText
 10
115200.0
 20
11842.0
 30
0.0
 40
156.0
  1
5.5 m2
 72
1
 11
115200.0
 21
11842.0
 31
0.0
100
AcDbAttribute
  2
ALAN
 70
0
 74
2
  0
SEQEND
  5
6CA
330
6C9
100
AcDbEntity
  8
METIN
  0
INSERT
  5
6CE
330
17
100
AcDbEntity
  8
METIN
100
AcDbBlockReference
 66
1
  2
MAHAL_ETIKET
 10
116375.0
 20
10900.0
 30
0.0
 41
0.6640655579040258
 42
0.6640655579040258
  0
ATTRIB
  5
6D0
330
17
100
AcDbEntity
  8
METIN
100
AcDbText
 10
116375.0
 20
10978.359735832675
 30
0.0
 40
66.40655579040258
  1
SAFT
 72
1
 11
116375.0
 21
10978.359735832675
 31
0.0
100
AcDbAttribute
  2
MAHAL_ADI
 70
0
 74
2
  0
ATTRIB
  5
6D1
330
17
100
AcDbEntity
  8
METIN
100
AcDbText
 10
116375.0
 20
10892.695278863055
 30
0.0
 40
51.79711351651401
  1
K1-09
 72
1
 11
116375.0
 21
10892.695278863055
 31
0.0
100
AcDbAttribute
  2
MAHAL_KOD
 70
0
 74
2
  0
ATTRIB
  5
6D2
330
17
100
AcDbEntity
  8
METIN
100
AcDbText
 10
116375.0
 20
10814.33554303038
 30
0.0
 40
51.79711351651401
  1
0.2 m2
 72
1
 11
116375.0
 21
10814.33554303038
 31
0.0
100
AcDbAttribute
  2
ALAN
 70
0
 74
2
  0
SEQEND
  5
6CF
330
6CE
100
AcDbEntity
  8
METIN
  0
INSERT
  5
6D3
330
17
100
AcDbEntity
  8
METIN
100
AcDbBlockReference
 66
1
  2
MAHAL_ETIKET
 10
117875.0
 20
11400.0
 30
0.0
 41
2.0
 42
2.0
  0
ATTRIB
  5
6D5
330
17
100
AcDbEntity
  8
METIN
100
AcDbText
 10
117875.0
 20
11636.0
 30
0.0
 40
200.0
  1
MUTFAK
 72
1
 11
117875.0
 21
11636.0
 31
0.0
100
AcDbAttribute
  2
MAHAL_ADI
 70
0
 74
2
  0
ATTRIB
  5
6D6
330
17
100
AcDbEntity
  8
METIN
100
AcDbText
 10
117875.0
 20
11378.0
 30
0.0
 40
156.0
  1
K1-10
 72
1
 11
117875.0
 21
11378.0
 31
0.0
100
AcDbAttribute
  2
MAHAL_KOD
 70
0
 74
2
  0
ATTRIB
  5
6D7
330
17
100
AcDbEntity
  8
METIN
100
AcDbText
 10
117875.0
 20
11142.0
 30
0.0
 40
156.0
  1
8.1 m2
 72
1
 11
117875.0
 21
11142.0
 31
0.0
100
AcDbAttribute
  2
ALAN
 70
0
 74
2
  0
SEQEND
  5
6D4
330
6D3
100
AcDbEntity
  8
METIN
  0
INSERT
  5
6D8
330
17
100
AcDbEntity
  8
METIN
100
AcDbBlockReference
 66
1
  2
MAHAL_ETIKET
 10
115575.0
 20
15400.0
 30
0.0
 41
2.0
 42
2.0
  0
ATTRIB
  5
6DA
330
17
100
AcDbEntity
  8
METIN
100
AcDbText
 10
115575.0
 20
15636.0
 30
0.0
 40
200.0
  1
ODA 1
 72
1
 11
115575.0
 21
15636.0
 31
0.0
100
AcDbAttribute
  2
MAHAL_ADI
 70
0
 74
2
  0
ATTRIB
  5
6DB
330
17
100
AcDbEntity
  8
METIN
100
AcDbText
 10
115575.0
 20
15378.0
 30
0.0
 40
156.0
  1
K1-11
 72
1
 11
115575.0
 21
15378.0
 31
0.0
100
AcDbAttribute
  2
MAHAL_KOD
 70
0
 74
2
  0
ATTRIB
  5
6DC
330
17
100
AcDbEntity
  8
METIN
100
AcDbText
 10
115575.0
 20
15142.0
 30
0.0
 40
156.0
  1
27.2 m2
 72
1
 11
115575.0
 21
15142.0
 31
0.0
100
AcDbAttribute
  2
ALAN
 70
0
 74
2
  0
SEQEND
  5
6D9
330
6D8
100
AcDbEntity
  8
METIN
  0
INSERT
  5
6DD
330
17
100
AcDbEntity
  8
METIN
100
AcDbBlockReference
 66
1
  2
MAHAL_ETIKET
 10
105074.52392578125
 20
12605.82275390625
 30
0.0
 41
2.0
 42
2.0
  0
ATTRIB
  5
6DF
330
17
100
AcDbEntity
  8
METIN
100
AcDbText
 10
105074.52392578125
 20
12841.82275390625
 30
0.0
 40
200.0
  1
HOL
 72
1
 11
105074.52392578125
 21
12841.82275390625
 31
0.0
100
AcDbAttribute
  2
MAHAL_ADI
 70
0
 74
2
  0
ATTRIB
  5
6E0
330
17
100
AcDbEntity
  8
METIN
100
AcDbText
 10
105074.52392578125
 20
12583.82275390625
 30
0.0
 40
156.0
  1
K1-12
 72
1
 11
105074.52392578125
 21
12583.82275390625
 31
0.0
100
AcDbAttribute
  2
MAHAL_KOD
 70
0
 74
2
  0
ATTRIB
  5
6E1
330
17
100
AcDbEntity
  8
METIN
100
AcDbText
 10
105074.52392578125
 20
12347.82275390625
 30
0.0
 40
156.0
  1
15.3 m2
 72
1
 11
105074.52392578125
 21
12347.82275390625
 31
0.0
100
AcDbAttribute
  2
ALAN
 70
0
 74
2
  0
SEQEND
  5
6DE
330
6DD
100
AcDbEntity
  8
METIN
  0
INSERT
  5
6E2
330
17
100
AcDbEntity
  8
METIN
100
AcDbBlockReference
 66
1
  2
MAHAL_ETIKET
 10
101575.0
 20
7025.0
 30
0.0
 41
2.0
 42
2.0
  0
ATTRIB
  5
6E4
330
17
100
AcDbEntity
  8
METIN
100
AcDbText
 10
101575.0
 20
7261.0
 30
0.0
 40
200.0
  1
ODA 2
 72
1
 11
101575.0
 21
7261.0
 31
0.0
100
AcDbAttribute
  2
MAHAL_ADI
 70
0
 74
2
  0
ATTRIB
  5
6E5
330
17
100
AcDbEntity
  8
METIN
100
AcDbText
 10
101575.0
 20
7003.0
 30
0.0
 40
156.0
  1
K1-13
 72
1
 11
101575.0
 21
7003.0
 31
0.0
100
AcDbAttribute
  2
MAHAL_KOD
 70
0
 74
2
  0
ATTRIB
  5
6E6
330
17
100
AcDbEntity
  8
METIN
100
AcDbText
 10
101575.0
 20
6767.0
 30
0.0
 40
156.0
  1
16.5 m2
 72
1
 11
101575.0
 21
6767.0
 31
0.0
100
AcDbAttribute
  2
ALAN
 70
0
 74
2
  0
SEQEND
  5
6E3
330
6E2
100
AcDbEntity
  8
METIN
  0
INSERT
  5
6E7
330
17
100
AcDbEntity
  8
METIN
100
AcDbBlockReference
 66
1
  2
MAHAL_ETIKET
 10
100275.6591796875
 20
10874.5361328125
 30
0.0
 41
2.0
 42
2.0
  0
ATTRIB
  5
6E9
330
17
100
AcDbEntity
  8
METIN
100
AcDbText
 10
100275.6591796875
 20
11110.5361328125
 30
0.0
 40
200.0
  1
GIYINME
 72
1
 11
100275.6591796875
 21
11110.5361328125
 31
0.0
100
AcDbAttribute
  2
MAHAL_ADI
 70
0
 74
2
  0
ATTRIB
  5
6EA
330
17
100
AcDbEntity
  8
METIN
100
AcDbText
 10
100275.6591796875
 20
10852.5361328125
 30
0.0
 40
156.0
  1
K1-14
 72
1
 11
100275.6591796875
 21
10852.5361328125
 31
0.0
100
AcDbAttribute
  2
MAHAL_KOD
 70
0
 74
2
  0
ATTRIB
  5
6EB
330
17
100
AcDbEntity
  8
METIN
100
AcDbText
 10
100275.6591796875
 20
10616.5361328125
 30
0.0
 40
156.0
  1
8.5 m2
 72
1
 11
100275.6591796875
 21
10616.5361328125
 31
0.0
100
AcDbAttribute
  2
ALAN
 70
0
 74
2
  0
SEQEND
  5
6E8
330
6E7
100
AcDbEntity
  8
METIN
  0
INSERT
  5
6EC
330
17
100
AcDbEntity
  8
METIN
100
AcDbBlockReference
 66
1
  2
MAHAL_ETIKET
 10
103100.0
 20
9500.0
 30
0.0
 41
2.0
 42
2.0
  0
ATTRIB
  5
6EE
330
17
100
AcDbEntity
  8
METIN
100
AcDbText
 10
103100.0
 20
9736.0
 30
0.0
 40
200.0
  1
WC
 72
1
 11
103100.0
 21
9736.0
 31
0.0
100
AcDbAttribute
  2
MAHAL_ADI
 70
0
 74
2
  0
ATTRIB
  5
6EF
330
17
100
AcDbEntity
  8
METIN
100
AcDbText
 10
103100.0
 20
9478.0
 30
0.0
 40
156.0
  1
K1-15
 72
1
 11
103100.0
 21
9478.0
 31
0.0
100
AcDbAttribute
  2
MAHAL_KOD
 70
0
 74
2
  0
ATTRIB
  5
6F0
330
17
100
AcDbEntity
  8
METIN
100
AcDbText
 10
103100.0
 20
9242.0
 30
0.0
 40
156.0
  1
2.3 m2
 72
1
 11
103100.0
 21
9242.0
 31
0.0
100
AcDbAttribute
  2
ALAN
 70
0
 74
2
  0
SEQEND
  5
6ED
330
6EC
100
AcDbEntity
  8
METIN
  0
INSERT
  5
6F1
330
17
100
AcDbEntity
  8
METIN
100
AcDbBlockReference
 66
1
  2
MAHAL_ETIKET
 10
103100.0
 20
11150.0
 30
0.0
 41
2.0
 42
2.0
  0
ATTRIB
  5
6F3
330
17
100
AcDbEntity
  8
METIN
100
AcDbText
 10
103100.0
 20
11386.0
 30
0.0
 40
200.0
  1
BANYO
 72
1
 11
103100.0
 21
11386.0
 31
0.0
100
AcDbAttribute
  2
MAHAL_ADI
 70
0
 74
2
  0
ATTRIB
  5
6F4
330
17
100
AcDbEntity
  8
METIN
100
AcDbText
 10
103100.0
 20
11128.0
 30
0.0
 40
156.0
  1
K1-16
 72
1
 11
103100.0
 21
11128.0
 31
0.0
100
AcDbAttribute
  2
MAHAL_KOD
 70
0
 74
2
  0
ATTRIB
  5
6F5
330
17
100
AcDbEntity
  8
METIN
100
AcDbText
 10
103100.0
 20
10892.0
 30
0.0
 40
156.0
  1
3.2 m2
 72
1
 11
103100.0
 21
10892.0
 31
0.0
100
AcDbAttribute
  2
ALAN
 70
0
 74
2
  0
SEQEND
  5
6F2
330
6F1
100
AcDbEntity
  8
METIN
  0
INSERT
  5
6F6
330
17
100
AcDbEntity
  8
METIN
100
AcDbBlockReference
 66
1
  2
MAHAL_ETIKET
 10
101775.0
 20
10200.0
 30
0.0
 41
0.6640655579040258
 42
0.6640655579040258
  0
ATTRIB
  5
6F8
330
17
100
AcDbEntity
  8
METIN
100
AcDbText
 10
101775.0
 20
10278.359735832675
 30
0.0
 40
66.40655579040258
  1
SAFT
 72
1
 11
101775.0
 21
10278.359735832675
 31
0.0
100
AcDbAttribute
  2
MAHAL_ADI
 70
0
 74
2
  0
ATTRIB
  5
6F9
330
17
100
AcDbEntity
  8
METIN
100
AcDbText
 10
101775.0
 20
10192.695278863055
 30
0.0
 40
51.79711351651401
  1
K1-17
 72
1
 11
101775.0
 21
10192.695278863055
 31
0.0
100
AcDbAttribute
  2
MAHAL_KOD
 70
0
 74
2
  0
ATTRIB
  5
6FA
330
17
100
AcDbEntity
  8
METIN
100
AcDbText
 10
101775.0
 20
10114.33554303038
 30
0.0
 40
51.79711351651401
  1
0.2 m2
 72
1
 11
101775.0
 21
10114.33554303038
 31
0.0
100
AcDbAttribute
  2
ALAN
 70
0
 74
2
  0
SEQEND
  5
6F7
330
6F6
100
AcDbEntity
  8
METIN
  0
INSERT
  5
6FB
330
17
100
AcDbEntity
  8
METIN
100
AcDbBlockReference
 66
1
  2
MAHAL_ETIKET
 10
107050.00000000001
 20
11800.0
 30
0.0
 41
1.7857142857142856
 42
1.7857142857142856
  0
ATTRIB
  5
6FD
330
17
100
AcDbEntity
  8
METIN
100
AcDbText
 10
107050.00000000001
 20
12010.714285714286
 30
0.0
 40
178.57142857142856
  1
DEPO
 72
1
 11
107050.00000000001
 21
12010.714285714286
 31
0.0
100
AcDbAttribute
  2
MAHAL_ADI
 70
0
 74
2
  0
ATTRIB
  5
6FE
330
17
100
AcDbEntity
  8
METIN
100
AcDbText
 10
107050.00000000001
 20
11780.357142857143
 30
0.0
 40
139.28571428571428
  1
K1-18
 72
1
 11
107050.00000000001
 21
11780.357142857143
 31
0.0
100
AcDbAttribute
  2
MAHAL_KOD
 70
0
 74
2
  0
ATTRIB
  5
6FF
330
17
100
AcDbEntity
  8
METIN
100
AcDbText
 10
107050.00000000001
 20
11569.642857142857
 30
0.0
 40
139.28571428571428
  1
1.6 m2
 72
1
 11
107050.00000000001
 21
11569.642857142857
 31
0.0
100
AcDbAttribute
  2
ALAN
 70
0
 74
2
  0
SEQEND
  5
6FC
330
6FB
100
AcDbEntity
  8
METIN
  0
INSERT
  5
700
330
17
100
AcDbEntity
  8
METIN
100
AcDbBlockReference
 66
1
  2
MAHAL_ETIKET
 10
101575.0
 20
14799.999999999998
 30
0.0
 41
2.0
 42
2.0
  0
ATTRIB
  5
702
330
17
100
AcDbEntity
  8
METIN
100
AcDbText
 10
101575.0
 20
15035.999999999998
 30
0.0
 40
200.0
  1
SALON
 72
1
 11
101575.0
 21
15035.999999999998
 31
0.0
100
AcDbAttribute
  2
MAHAL_ADI
 70
0
 74
2
  0
ATTRIB
  5
703
330
17
100
AcDbEntity
  8
METIN
100
AcDbText
 10
101575.0
 20
14777.999999999998
 30
0.0
 40
156.0
  1
K1-19
 72
1
 11
101575.0
 21
14777.999999999998
 31
0.0
100
AcDbAttribute
  2
MAHAL_KOD
 70
0
 74
2
  0
ATTRIB
  5
704
330
17
100
AcDbEntity
  8
METIN
100
AcDbText
 10
101575.0
 20
14541.999999999998
 30
0.0
 40
156.0
  1
25.5 m2
 72
1
 11
101575.0
 21
14541.999999999998
 31
0.0
100
AcDbAttribute
  2
ALAN
 70
0
 74
2
  0
SEQEND
  5
701
330
700
100
AcDbEntity
  8
METIN
  0
INSERT
  5
705
330
17
100
AcDbEntity
  8
METIN
100
AcDbBlockReference
 66
1
  2
MAHAL_ETIKET
 10
105075.0
 20
15850.0
 30
0.0
 41
2.0
 42
2.0
  0
ATTRIB
  5
707
330
17
100
AcDbEntity
  8
METIN
100
AcDbText
 10
105075.0
 20
16086.0
 30
0.0
 40
200.0
  1
MUTFAK
 72
1
 11
105075.0
 21
16086.0
 31
0.0
100
AcDbAttribute
  2
MAHAL_ADI
 70
0
 74
2
  0
ATTRIB
  5
708
330
17
100
AcDbEntity
  8
METIN
100
AcDbText
 10
105075.0
 20
15828.0
 30
0.0
 40
156.0
  1
K1-20
 72
1
 11
105075.0
 21
15828.0
 31
0.0
100
AcDbAttribute
  2
MAHAL_KOD
 70
0
 74
2
  0
ATTRIB
  5
709
330
17
100
AcDbEntity
  8
METIN
100
AcDbText
 10
105075.0
 20
15592.0
 30
0.0
 40
156.0
  1
5.9 m2
 72
1
 11
105075.0
 21
15592.0
 31
0.0
100
AcDbAttribute
  2
ALAN
 70
0
 74
2
  0
SEQEND
  5
706
330
705
100
AcDbEntity
  8
METIN
  0
INSERT
  5
70A
330
17
100
AcDbEntity
  8
METIN
100
AcDbBlockReference
 66
1
  2
MAHAL_ETIKET
 10
109075.0
 20
14900.0
 30
0.0
 41
2.0
 42
2.0
  0
ATTRIB
  5
70C
330
17
100
AcDbEntity
  8
METIN
100
AcDbText
 10
109075.0
 20
15136.0
 30
0.0
 40
200.0
  1
ODA 1
 72
1
 11
109075.0
 21
15136.0
 31
0.0
100
AcDbAttribute
  2
MAHAL_ADI
 70
0
 74
2
  0
ATTRIB
  5
70D
330
17
100
AcDbEntity
  8
METIN
100
AcDbText
 10
109075.0
 20
14878.0
 30
0.0
 40
156.0
  1
K1-21
 72
1
 11
109075.0
 21
14878.0
 31
0.0
100
AcDbAttribute
  2
MAHAL_KOD
 70
0
 74
2
  0
ATTRIB
  5
70E
330
17
100
AcDbEntity
  8
METIN
100
AcDbText
 10
109075.0
 20
14642.0
 30
0.0
 40
156.0
  1
29.4 m2
 72
1
 11
109075.0
 21
14642.0
 31
0.0
100
AcDbAttribute
  2
ALAN
 70
0
 74
2
  0
SEQEND
  5
70B
330
70A
100
AcDbEntity
  8
METIN
  0
INSERT
  5
70F
330
17
100
AcDbEntity
  8
METIN
100
AcDbBlockReference
 66
1
  2
MAHAL_ETIKET
 10
109075.0
 20
4300.0
 30
0.0
 41
2.0
 42
2.0
  0
ATTRIB
  5
711
330
17
100
AcDbEntity
  8
METIN
100
AcDbText
 10
109075.0
 20
4536.0
 30
0.0
 40
200.0
  1
HOL
 72
1
 11
109075.0
 21
4536.0
 31
0.0
100
AcDbAttribute
  2
MAHAL_ADI
 70
0
 74
2
  0
ATTRIB
  5
712
330
17
100
AcDbEntity
  8
METIN
100
AcDbText
 10
109075.0
 20
4278.0
 30
0.0
 40
156.0
  1
K1-22
 72
1
 11
109075.0
 21
4278.0
 31
0.0
100
AcDbAttribute
  2
MAHAL_KOD
 70
0
 74
2
  0
ATTRIB
  5
713
330
17
100
AcDbEntity
  8
METIN
100
AcDbText
 10
109075.0
 20
4042.0
 30
0.0
 40
156.0
  1
10.1 m2
 72
1
 11
109075.0
 21
4042.0
 31
0.0
100
AcDbAttribute
  2
ALAN
 70
0
 74
2
  0
SEQEND
  5
710
330
70F
100
AcDbEntity
  8
METIN
  0
INSERT
  5
714
330
17
100
AcDbEntity
  8
METIN
100
AcDbBlockReference
 66
1
  2
MAHAL_ETIKET
 10
103850.0
 20
2625.0
 30
0.0
 41
2.0
 42
2.0
  0
ATTRIB
  5
716
330
17
100
AcDbEntity
  8
METIN
100
AcDbText
 10
103850.0
 20
2861.0
 30
0.0
 40
200.0
  1
SALON
 72
1
 11
103850.0
 21
2861.0
 31
0.0
100
AcDbAttribute
  2
MAHAL_ADI
 70
0
 74
2
  0
ATTRIB
  5
717
330
17
100
AcDbEntity
  8
METIN
100
AcDbText
 10
103850.0
 20
2603.0
 30
0.0
 40
156.0
  1
K1-23
 72
1
 11
103850.0
 21
2603.0
 31
0.0
100
AcDbAttribute
  2
MAHAL_KOD
 70
0
 74
2
  0
ATTRIB
  5
718
330
17
100
AcDbEntity
  8
METIN
100
AcDbText
 10
103850.0
 20
2367.0
 30
0.0
 40
156.0
  1
21.8 m2
 72
1
 11
103850.0
 21
2367.0
 31
0.0
100
AcDbAttribute
  2
ALAN
 70
0
 74
2
  0
SEQEND
  5
715
330
714
100
AcDbEntity
  8
METIN
  0
INSERT
  5
719
330
17
100
AcDbEntity
  8
METIN
100
AcDbBlockReference
 66
1
  2
MAHAL_ETIKET
 10
100350.0
 20
2625.0
 30
0.0
 41
2.0
 42
2.0
  0
ATTRIB
  5
71B
330
17
100
AcDbEntity
  8
METIN
100
AcDbText
 10
100350.0
 20
2861.0
 30
0.0
 40
200.0
  1
MUTFAK
 72
1
 11
100350.0
 21
2861.0
 31
0.0
100
AcDbAttribute
  2
MAHAL_ADI
 70
0
 74
2
  0
ATTRIB
  5
71C
330
17
100
AcDbEntity
  8
METIN
100
AcDbText
 10
100350.0
 20
2603.0
 30
0.0
 40
156.0
  1
K1-24
 72
1
 11
100350.0
 21
2603.0
 31
0.0
100
AcDbAttribute
  2
MAHAL_KOD
 70
0
 74
2
  0
ATTRIB
  5
71D
330
17
100
AcDbEntity
  8
METIN
100
AcDbText
 10
100350.0
 20
2367.0
 30
0.0
 40
156.0
  1
12.6 m2
 72
1
 11
100350.0
 21
2367.0
 31
0.0
100
AcDbAttribute
  2
ALAN
 70
0
 74
2
  0
SEQEND
  5
71A
330
719
100
AcDbEntity
  8
METIN
  0
INSERT
  5
71E
330
17
100
AcDbEntity
  8
METIN
100
AcDbBlockReference
 66
1
  2
MAHAL_ETIKET
 10
107600.0
 20
1675.0
 30
0.0
 41
2.0
 42
2.0
  0
ATTRIB
  5
720
330
17
100
AcDbEntity
  8
METIN
100
AcDbText
 10
107600.0
 20
1911.0
 30
0.0
 40
200.0
  1
ODA
 72
1
 11
107600.0
 21
1911.0
 31
0.0
100
AcDbAttribute
  2
MAHAL_ADI
 70
0
 74
2
  0
ATTRIB
  5
721
330
17
100
AcDbEntity
  8
METIN
100
AcDbText
 10
107600.0
 20
1653.0
 30
0.0
 40
156.0
  1
K1-25
 72
1
 11
107600.0
 21
1653.0
 31
0.0
100
AcDbAttribute
  2
MAHAL_KOD
 70
0
 74
2
  0
ATTRIB
  5
722
330
17
100
AcDbEntity
  8
METIN
100
AcDbText
 10
107600.0
 20
1417.0
 30
0.0
 40
156.0
  1
9.4 m2
 72
1
 11
107600.0
 21
1417.0
 31
0.0
100
AcDbAttribute
  2
ALAN
 70
0
 74
2
  0
SEQEND
  5
71F
330
71E
100
AcDbEntity
  8
METIN
  0
INSERT
  5
723
330
17
100
AcDbEntity
  8
METIN
100
AcDbBlockReference
 66
1
  2
MAHAL_ETIKET
 10
110160.82153320312
 20
1010.821533203125
 30
0.0
 41
2.0
 42
2.0
  0
ATTRIB
  5
725
330
17
100
AcDbEntity
  8
METIN
100
AcDbText
 10
110160.82153320312
 20
1246.821533203125
 30
0.0
 40
200.0
  1
BANYO
 72
1
 11
110160.82153320312
 21
1246.821533203125
 31
0.0
100
AcDbAttribute
  2
MAHAL_ADI
 70
0
 74
2
  0
ATTRIB
  5
726
330
17
100
AcDbEntity
  8
METIN
100
AcDbText
 10
110160.82153320312
 20
988.821533203125
 30
0.0
 40
156.0
  1
K1-26
 72
1
 11
110160.82153320312
 21
988.821533203125
 31
0.0
100
AcDbAttribute
  2
MAHAL_KOD
 70
0
 74
2
  0
ATTRIB
  5
727
330
17
100
AcDbEntity
  8
METIN
100
AcDbText
 10
110160.82153320312
 20
752.821533203125
 30
0.0
 40
156.0
  1
6.5 m2
 72
1
 11
110160.82153320312
 21
752.821533203125
 31
0.0
100
AcDbAttribute
  2
ALAN
 70
0
 74
2
  0
SEQEND
  5
724
330
723
100
AcDbEntity
  8
METIN
  0
INSERT
  5
728
330
17
100
AcDbEntity
  8
METIN
100
AcDbBlockReference
 66
1
  2
MAHAL_ETIKET
 10
111500.0
 20
2525.0
 30
0.0
 41
2.0
 42
2.0
  0
ATTRIB
  5
72A
330
17
100
AcDbEntity
  8
METIN
100
AcDbText
 10
111500.0
 20
2761.0
 30
0.0
 40
200.0
  1
WC
 72
1
 11
111500.0
 21
2761.0
 31
0.0
100
AcDbAttribute
  2
MAHAL_ADI
 70
0
 74
2
  0
ATTRIB
  5
72B
330
17
100
AcDbEntity
  8
METIN
100
AcDbText
 10
111500.0
 20
2503.0
 30
0.0
 40
156.0
  1
K1-27
 72
1
 11
111500.0
 21
2503.0
 31
0.0
100
AcDbAttribute
  2
MAHAL_KOD
 70
0
 74
2
  0
ATTRIB
  5
72C
330
17
100
AcDbEntity
  8
METIN
100
AcDbText
 10
111500.0
 20
2267.0
 30
0.0
 40
156.0
  1
1.5 m2
 72
1
 11
111500.0
 21
2267.0
 31
0.0
100
AcDbAttribute
  2
ALAN
 70
0
 74
2
  0
SEQEND
  5
729
330
728
100
AcDbEntity
  8
METIN
  0
INSERT
  5
72D
330
17
100
AcDbEntity
  8
METIN
100
AcDbBlockReference
 66
1
  2
MAHAL_ETIKET
 10
111775.0
 20
1375.0
 30
0.0
 41
0.6640655579040258
 42
0.6640655579040258
  0
ATTRIB
  5
72F
330
17
100
AcDbEntity
  8
METIN
100
AcDbText
 10
111775.0
 20
1453.3597358326751
 30
0.0
 40
66.40655579040258
  1
SAFT
 72
1
 11
111775.0
 21
1453.3597358326751
 31
0.0
100
AcDbAttribute
  2
MAHAL_ADI
 70
0
 74
2
  0
ATTRIB
  5
730
330
17
100
AcDbEntity
  8
METIN
100
AcDbText
 10
111775.0
 20
1367.6952788630558
 30
0.0
 40
51.79711351651401
  1
K1-28
 72
1
 11
111775.0
 21
1367.6952788630558
 31
0.0
100
AcDbAttribute
  2
MAHAL_KOD
 70
0
 74
2
  0
ATTRIB
  5
731
330
17
100
AcDbEntity
  8
METIN
100
AcDbText
 10
111775.0
 20
1289.3355430303807
 30
0.0
 40
51.79711351651401
  1
0.2 m2
 72
1
 11
111775.0
 21
1289.3355430303807
 31
0.0
100
AcDbAttribute
  2
ALAN
 70
0
 74
2
  0
SEQEND
  5
72E
330
72D
100
AcDbEntity
  8
METIN
  0
LWPOLYLINE
  5
732
330
17
100
AcDbEntity
  8
MOBILYA
100
AcDbPolyline
 90
4
 70
1
 10
118350.0
 20
9800.0
 10
118950.0
 20
9800.0
 10
118950.0
 20
12800.0
 10
118350.0
 20
12800.0
  0
LWPOLYLINE
  5
733
330
17
100
AcDbEntity
  8
MOBILYA
100
AcDbPolyline
 90
4
 70
1
 10
104350.0
 20
16900.0
 10
106000.0
 20
16900.0
 10
106000.0
 20
17400.0
 10
104350.0
 20
17400.0
  0
LWPOLYLINE
  5
734
330
17
100
AcDbEntity
  8
MOBILYA
100
AcDbPolyline
 90
4
 70
1
 10
99150.0
 20
500.0
 10
99750.0
 20
500.0
 10
99750.0
 20
3500.0
 10
99150.0
 20
3500.0
  0
LINE
  5
735
330
17
100
AcDbEntity
  8
MERDIVEN
100
AcDbLine
 10
108100.0
 20
8570.0
 30
0.0
 11
109425.0
 21
8570.0
 31
0.0
  0
LINE
  5
736
330
17
100
AcDbEntity
  8
MERDIVEN
100
AcDbLine
 10
110775.0
 20
8570.0
 30
0.0
 11
112100.0
 21
8570.0
 31
0.0
  0
LINE
  5
737
330
17
100
AcDbEntity
  8
MERDIVEN
100
AcDbLine
 10
108100.0
 20
8840.0
 30
0.0
 11
109425.0
 21
8840.0
 31
0.0
  0
LINE
  5
738
330
17
100
AcDbEntity
  8
MERDIVEN
100
AcDbLine
 10
110775.0
 20
8840.0
 30
0.0
 11
112100.0
 21
8840.0
 31
0.0
  0
LINE
  5
739
330
17
100
AcDbEntity
  8
MERDIVEN
100
AcDbLine
 10
108100.0
 20
9110.0
 30
0.0
 11
109425.0
 21
9110.0
 31
0.0
  0
LINE
  5
73A
330
17
100
AcDbEntity
  8
MERDIVEN
100
AcDbLine
 10
110775.0
 20
9110.0
 30
0.0
 11
112100.0
 21
9110.0
 31
0.0
  0
LINE
  5
73B
330
17
100
AcDbEntity
  8
MERDIVEN
100
AcDbLine
 10
108100.0
 20
9380.0
 30
0.0
 11
109425.0
 21
9380.0
 31
0.0
  0
LINE
  5
73C
330
17
100
AcDbEntity
  8
MERDIVEN
100
AcDbLine
 10
110775.0
 20
9380.0
 30
0.0
 11
112100.0
 21
9380.0
 31
0.0
  0
LINE
  5
73D
330
17
100
AcDbEntity
  8
MERDIVEN
100
AcDbLine
 10
108100.0
 20
9650.0
 30
0.0
 11
109425.0
 21
9650.0
 31
0.0
  0
LINE
  5
73E
330
17
100
AcDbEntity
  8
MERDIVEN
100
AcDbLine
 10
110775.0
 20
9650.0
 30
0.0
 11
112100.0
 21
9650.0
 31
0.0
  0
LINE
  5
73F
330
17
100
AcDbEntity
  8
MERDIVEN
100
AcDbLine
 10
109695.0
 20
9650.0
 30
0.0
 11
109695.0
 21
12300.0
 31
0.0
  0
LINE
  5
740
330
17
100
AcDbEntity
  8
MERDIVEN
100
AcDbLine
 10
109965.0
 20
9650.0
 30
0.0
 11
109965.0
 21
12300.0
 31
0.0
  0
LINE
  5
741
330
17
100
AcDbEntity
  8
MERDIVEN
100
AcDbLine
 10
110235.0
 20
9650.0
 30
0.0
 11
110235.0
 21
12300.0
 31
0.0
  0
LINE
  5
742
330
17
100
AcDbEntity
  8
MERDIVEN
100
AcDbLine
 10
110505.0
 20
9650.0
 30
0.0
 11
110505.0
 21
12300.0
 31
0.0
  0
LINE
  5
743
330
17
100
AcDbEntity
  8
MERDIVEN
100
AcDbLine
 10
110775.0
 20
9650.0
 30
0.0
 11
110775.0
 21
12300.0
 31
0.0
  0
LWPOLYLINE
  5
744
330
17
100
AcDbEntity
  8
MERDIVEN
100
AcDbPolyline
 90
4
 70
1
 10
108100.0
 20
9650.0
 10
109425.0
 20
9650.0
 10
109425.0
 20
12300.0
 10
108100.0
 20
12300.0
  0
LWPOLYLINE
  5
745
330
17
100
AcDbEntity
  8
MERDIVEN
100
AcDbPolyline
 90
4
 70
1
 10
110775.0
 20
9650.0
 10
112100.0
 20
9650.0
 10
112100.0
 20
12300.0
 10
110775.0
 20
12300.0
  0
LINE
  5
746
330
17
100
AcDbEntity
  8
MERDIVEN
100
AcDbLine
 10
110775.0
 20
8300.0
 30
0.0
 11
110775.0
 21
9650.0
 31
0.0
  0
LINE
  5
747
330
17
100
AcDbEntity
  8
MERDIVEN
100
AcDbLine
 10
110775.0
 20
9650.0
 30
0.0
 11
109425.0
 21
9650.0
 31
0.0
  0
LINE
  5
748
330
17
100
AcDbEntity
  8
MERDIVEN
100
AcDbLine
 10
109425.0
 20
9650.0
 30
0.0
 11
109425.0
 21
8300.0
 31
0.0
  0
LINE
  5
749
330
17
100
AcDbEntity
  8
MERDIVEN
100
AcDbLine
 10
108762.5
 20
8300.0
 30
0.0
 11
108762.5
 21
10975.0
 31
0.0
  0
LINE
  5
74A
330
17
100
AcDbEntity
  8
MERDIVEN
100
AcDbLine
 10
108762.5
 20
10975.0
 30
0.0
 11
111437.5
 21
10975.0
 31
0.0
  0
LINE
  5
74B
330
17
100
AcDbEntity
  8
MERDIVEN
100
AcDbLine
 10
111437.5
 20
10975.0
 30
0.0
 11
111437.5
 21
8300.0
 31
0.0
  0
LWPOLYLINE
  5
74C
330
17
100
AcDbEntity
  8
MERDIVEN
100
AcDbPolyline
 90
3
 70
1
 10
111437.5
 20
8300.0
 10
111497.5
 20
8420.0
 10
111377.5
 20
8420.0
  0
LINE
  5
74D
330
17
100
AcDbEntity
  8
KESIT
  6
KESIT_HATTI
100
AcDbLine
 10
98650.0
 20
5833.333333333333
 30
0.0
 11
119450.0
 21
5833.333333333333
 31
0.0
  0
LWPOLYLINE
  5
74E
330
17
100
AcDbEntity
  8
KESIT
100
AcDbPolyline
 90
3
 70
1
 10
98650.0
 20
6083.333333333333
 10
98750.0
 20
5833.333333333333
 10
98550.0
 20
5833.333333333333
  0
TEXT
  5
74F
330
17
100
AcDbEntity
  8
KESIT
100
AcDbText
 10
98650.0
 20
5433.333333333333
 30
0.0
 40
150.0
  1
A
 72
1
 11
98650.0
 21
5433.333333333333
 31
0.0
100
AcDbText
 73
2
  0
LWPOLYLINE
  5
750
330
17
100
AcDbEntity
  8
KESIT
100
AcDbPolyline
 90
3
 70
1
 10
119450.0
 20
6083.333333333333
 10
119550.0
 20
5833.333333333333
 10
119350.0
 20
5833.333333333333
  0
TEXT
  5
751
330
17
100
AcDbEntity
  8
KESIT
100
AcDbText
 10
119450.0
 20
5433.333333333333
 30
0.0
 40
150.0
  1
A
 72
1
 11
119450.0
 21
5433.333333333333
 31
0.0
100
AcDbText
 73
2
  0
LINE
  5
752
330
17
100
AcDbEntity
  8
KESIT
  6
KESIT_HATTI
100
AcDbLine
 10
105716.66666666667
 20
-400.0
 30
0.0
 11
105716.66666666667
 21
17900.0
 31
0.0
  0
LWPOLYLINE
  5
753
330
17
100
AcDbEntity
  8
KESIT
100
AcDbPolyline
 90
3
 70
1
 10
105966.66666666667
 20
-400.0
 10
105716.66666666667
 20
-300.0
 10
105716.66666666667
 20
-500.0
  0
TEXT
  5
754
330
17
100
AcDbEntity
  8
KESIT
100
AcDbText
 10
105316.66666666667
 20
-400.0
 30
0.0
 40
150.0
  1
B
 72
1
 11
105316.66666666667
 21
-400.0
 31
0.0
100
AcDbText
 73
2
  0
LWPOLYLINE
  5
755
330
17
100
AcDbEntity
  8
KESIT
100
AcDbPolyline
 90
3
 70
1
 10
105966.66666666667
 20
17900.0
 10
105716.66666666667
 20
18000.0
 10
105716.66666666667
 20
17800.0
  0
TEXT
  5
756
330
17
100
AcDbEntity
  8
KESIT
100
AcDbText
 10
105316.66666666667
 20
17900.0
 30
0.0
 40
150.0
  1
B
 72
1
 11
105316.66666666667
 21
17900.0
 31
0.0
100
AcDbText
 73
2
  0
LWPOLYLINE
  5
757
330
17
100
AcDbEntity
  8
CERCEVE
100
AcDbPolyline
 90
4
 70
1
 10
94900.0
 20
-10150.0
 10
123200.0
 20
-10150.0
 10
123200.0
 20
24950.0
 10
94900.0
 20
24950.0
  0
LWPOLYLINE
  5
758
330
17
100
AcDbEntity
  8
CERCEVE
100
AcDbPolyline
 90
4
 70
1
 10
95050.0
 20
-10000.0
 10
123050.0
 20
-10000.0
 10
123050.0
 20
24800.0
 10
95050.0
 20
24800.0
  0
LWPOLYLINE
  5
759
330
17
100
AcDbEntity
  8
CERCEVE
100
AcDbPolyline
 90
4
 70
1
 10
115050.0
 20
-10000.0
 10
123050.0
 20
-10000.0
 10
123050.0
 20
-8800.0
 10
115050.0
 20
-8800.0
  0
LINE
  5
75A
330
17
100
AcDbEntity
  8
CERCEVE
100
AcDbLine
 10
115050.0
 20
-9400.0
 30
0.0
 11
123050.0
 21
-9400.0
 31
0.0
  0
TEXT
  5
75B
330
17
100
AcDbEntity
  8
METIN
100
AcDbText
 10
115150.0
 20
-8900.0
 30
0.0
 40
175.0
  1
OLCEK 1:50
 11
115150.0
 21
-8900.0
 31
0.0
100
AcDbText
 73
3
  0
TEXT
  5
75C
330
17
100
AcDbEntity
  8
METIN
100
AcDbText
 10
115150.0
 20
-9500.0
 30
0.0
 40
175.0
  1
1. NORMAL KAT
 11
115150.0
 21
-9500.0
 31
0.0
100
AcDbText
 73
3
  0
LINE
  5
75D
330
17
100
AcDbEntity
  8
AKS
  6
DASHED
100
AcDbLine
 10
127350.0
 20
-750.0
 30
0.0
 11
127350.0
 21
18250.0
 31
0.0
  0
CIRCLE
  5
75E
330
17
100
AcDbEntity
  8
AKS
100
AcDbCircle
 10
127350.0
 20
-1200.0
 30
0.0
 40
450.0
  0
TEXT
  5
75F
330
17
100
AcDbEntity
  8
AKS
100
AcDbText
 10
127350.0
 20
-1200.0
 30
0.0
 40
350.0
  1
1
 72
1
 11
127350.0
 21
-1200.0
 31
0.0
100
AcDbText
 73
2
  0
CIRCLE
  5
760
330
17
100
AcDbEntity
  8
AKS
100
AcDbCircle
 10
127350.0
 20
18700.0
 30
0.0
 40
450.0
  0
TEXT
  5
761
330
17
100
AcDbEntity
  8
AKS
100
AcDbText
 10
127350.0
 20
18700.0
 30
0.0
 40
350.0
  1
1
 72
1
 11
127350.0
 21
18700.0
 31
0.0
100
AcDbText
 73
2
  0
LINE
  5
762
330
17
100
AcDbEntity
  8
AKS
  6
DASHED
100
AcDbLine
 10
134300.0
 20
-750.0
 30
0.0
 11
134300.0
 21
18250.0
 31
0.0
  0
CIRCLE
  5
763
330
17
100
AcDbEntity
  8
AKS
100
AcDbCircle
 10
134300.0
 20
-1200.0
 30
0.0
 40
450.0
  0
TEXT
  5
764
330
17
100
AcDbEntity
  8
AKS
100
AcDbText
 10
134300.0
 20
-1200.0
 30
0.0
 40
350.0
  1
2
 72
1
 11
134300.0
 21
-1200.0
 31
0.0
100
AcDbText
 73
2
  0
CIRCLE
  5
765
330
17
100
AcDbEntity
  8
AKS
100
AcDbCircle
 10
134300.0
 20
18700.0
 30
0.0
 40
450.0
  0
TEXT
  5
766
330
17
100
AcDbEntity
  8
AKS
100
AcDbText
 10
134300.0
 20
18700.0
 30
0.0
 40
350.0
  1
2
 72
1
 11
134300.0
 21
18700.0
 31
0.0
100
AcDbText
 73
2
  0
LINE
  5
767
330
17
100
AcDbEntity
  8
AKS
  6
DASHED
100
AcDbLine
 10
140400.0
 20
-750.0
 30
0.0
 11
140400.0
 21
18250.0
 31
0.0
  0
CIRCLE
  5
768
330
17
100
AcDbEntity
  8
AKS
100
AcDbCircle
 10
140400.0
 20
-1200.0
 30
0.0
 40
450.0
  0
TEXT
  5
769
330
17
100
AcDbEntity
  8
AKS
100
AcDbText
 10
140400.0
 20
-1200.0
 30
0.0
 40
350.0
  1
3
 72
1
 11
140400.0
 21
-1200.0
 31
0.0
100
AcDbText
 73
2
  0
CIRCLE
  5
76A
330
17
100
AcDbEntity
  8
AKS
100
AcDbCircle
 10
140400.0
 20
18700.0
 30
0.0
 40
450.0
  0
TEXT
  5
76B
330
17
100
AcDbEntity
  8
AKS
100
AcDbText
 10
140400.0
 20
18700.0
 30
0.0
 40
350.0
  1
3
 72
1
 11
140400.0
 21
18700.0
 31
0.0
100
AcDbText
 73
2
  0
LINE
  5
76C
330
17
100
AcDbEntity
  8
AKS
  6
DASHED
100
AcDbLine
 10
147350.0
 20
-750.0
 30
0.0
 11
147350.0
 21
18250.0
 31
0.0
  0
CIRCLE
  5
76D
330
17
100
AcDbEntity
  8
AKS
100
AcDbCircle
 10
147350.0
 20
-1200.0
 30
0.0
 40
450.0
  0
TEXT
  5
76E
330
17
100
AcDbEntity
  8
AKS
100
AcDbText
 10
147350.0
 20
-1200.0
 30
0.0
 40
350.0
  1
4
 72
1
 11
147350.0
 21
-1200.0
 31
0.0
100
AcDbText
 73
2
  0
CIRCLE
  5
76F
330
17
100
AcDbEntity
  8
AKS
100
AcDbCircle
 10
147350.0
 20
18700.0
 30
0.0
 40
450.0
  0
TEXT
  5
770
330
17
100
AcDbEntity
  8
AKS
100
AcDbText
 10
147350.0
 20
18700.0
 30
0.0
 40
350.0
  1
4
 72
1
 11
147350.0
 21
18700.0
 31
0.0
100
AcDbText
 73
2
  0
LINE
  5
771
330
17
100
AcDbEntity
  8
AKS
  6
DASHED
100
AcDbLine
 10
126600.0
 20
0.0
 30
0.0
 11
148100.0
 21
0.0
 31
0.0
  0
CIRCLE
  5
772
330
17
100
AcDbEntity
  8
AKS
100
AcDbCircle
 10
126150.0
 20
0.0
 30
0.0
 40
450.0
  0
TEXT
  5
773
330
17
100
AcDbEntity
  8
AKS
100
AcDbText
 10
126150.0
 20
0.0
 30
0.0
 40
350.0
  1
A
 72
1
 11
126150.0
 21
0.0
 31
0.0
100
AcDbText
 73
2
  0
CIRCLE
  5
774
330
17
100
AcDbEntity
  8
AKS
100
AcDbCircle
 10
148550.0
 20
0.0
 30
0.0
 40
450.0
  0
TEXT
  5
775
330
17
100
AcDbEntity
  8
AKS
100
AcDbText
 10
148550.0
 20
0.0
 30
0.0
 40
350.0
  1
A
 72
1
 11
148550.0
 21
0.0
 31
0.0
100
AcDbText
 73
2
  0
LINE
  5
776
330
17
100
AcDbEntity
  8
AKS
  6
DASHED
100
AcDbLine
 10
126600.0
 20
5250.0
 30
0.0
 11
148100.0
 21
5250.0
 31
0.0
  0
CIRCLE
  5
777
330
17
100
AcDbEntity
  8
AKS
100
AcDbCircle
 10
126150.0
 20
5250.0
 30
0.0
 40
450.0
  0
TEXT
  5
778
330
17
100
AcDbEntity
  8
AKS
100
AcDbText
 10
126150.0
 20
5250.0
 30
0.0
 40
350.0
  1
B
 72
1
 11
126150.0
 21
5250.0
 31
0.0
100
AcDbText
 73
2
  0
CIRCLE
  5
779
330
17
100
AcDbEntity
  8
AKS
100
AcDbCircle
 10
148550.0
 20
5250.0
 30
0.0
 40
450.0
  0
TEXT
  5
77A
330
17
100
AcDbEntity
  8
AKS
100
AcDbText
 10
148550.0
 20
5250.0
 30
0.0
 40
350.0
  1
B
 72
1
 11
148550.0
 21
5250.0
 31
0.0
100
AcDbText
 73
2
  0
LINE
  5
77B
330
17
100
AcDbEntity
  8
AKS
  6
DASHED
100
AcDbLine
 10
126600.0
 20
9300.0
 30
0.0
 11
148100.0
 21
9300.0
 31
0.0
  0
CIRCLE
  5
77C
330
17
100
AcDbEntity
  8
AKS
100
AcDbCircle
 10
126150.0
 20
9300.0
 30
0.0
 40
450.0
  0
TEXT
  5
77D
330
17
100
AcDbEntity
  8
AKS
100
AcDbText
 10
126150.0
 20
9300.0
 30
0.0
 40
350.0
  1
C
 72
1
 11
126150.0
 21
9300.0
 31
0.0
100
AcDbText
 73
2
  0
CIRCLE
  5
77E
330
17
100
AcDbEntity
  8
AKS
100
AcDbCircle
 10
148550.0
 20
9300.0
 30
0.0
 40
450.0
  0
TEXT
  5
77F
330
17
100
AcDbEntity
  8
AKS
100
AcDbText
 10
148550.0
 20
9300.0
 30
0.0
 40
350.0
  1
C
 72
1
 11
148550.0
 21
9300.0
 31
0.0
100
AcDbText
 73
2
  0
LINE
  5
780
330
17
100
AcDbEntity
  8
AKS
  6
DASHED
100
AcDbLine
 10
126600.0
 20
12300.0
 30
0.0
 11
148100.0
 21
12300.0
 31
0.0
  0
CIRCLE
  5
781
330
17
100
AcDbEntity
  8
AKS
100
AcDbCircle
 10
126150.0
 20
12300.0
 30
0.0
 40
450.0
  0
TEXT
  5
782
330
17
100
AcDbEntity
  8
AKS
100
AcDbText
 10
126150.0
 20
12300.0
 30
0.0
 40
350.0
  1
D
 72
1
 11
126150.0
 21
12300.0
 31
0.0
100
AcDbText
 73
2
  0
CIRCLE
  5
783
330
17
100
AcDbEntity
  8
AKS
100
AcDbCircle
 10
148550.0
 20
12300.0
 30
0.0
 40
450.0
  0
TEXT
  5
784
330
17
100
AcDbEntity
  8
AKS
100
AcDbText
 10
148550.0
 20
12300.0
 30
0.0
 40
350.0
  1
D
 72
1
 11
148550.0
 21
12300.0
 31
0.0
100
AcDbText
 73
2
  0
LINE
  5
785
330
17
100
AcDbEntity
  8
AKS
  6
DASHED
100
AcDbLine
 10
126600.0
 20
17500.0
 30
0.0
 11
148100.0
 21
17500.0
 31
0.0
  0
CIRCLE
  5
786
330
17
100
AcDbEntity
  8
AKS
100
AcDbCircle
 10
126150.0
 20
17500.0
 30
0.0
 40
450.0
  0
TEXT
  5
787
330
17
100
AcDbEntity
  8
AKS
100
AcDbText
 10
126150.0
 20
17500.0
 30
0.0
 40
350.0
  1
E
 72
1
 11
126150.0
 21
17500.0
 31
0.0
100
AcDbText
 73
2
  0
CIRCLE
  5
788
330
17
100
AcDbEntity
  8
AKS
100
AcDbCircle
 10
148550.0
 20
17500.0
 30
0.0
 40
450.0
  0
TEXT
  5
789
330
17
100
AcDbEntity
  8
AKS
100
AcDbText
 10
148550.0
 20
17500.0
 30
0.0
 40
350.0
  1
E
 72
1
 11
148550.0
 21
17500.0
 31
0.0
100
AcDbText
 73
2
  0
DIMENSION
  5
78A
330
17
100
AcDbEntity
  8
AKS
100
AcDbDimension
280
0
  2
*D37
  3
Standard
 10
127350.0
 20
-400.0
 30
0.0
 11
130825.0
 21
-400.0
 31
0.0
 70
32
 71
5
  1
695
100
AcDbAlignedDimension
 13
127350.0
 23
0.0
 33
0.0
 14
134300.0
 24
0.0
 34
0.0
 50
0.0
100
AcDbRotatedDimension
1001
ACAD
1000
DSTYLE
1002
{
1070
140
1040
120.0
1070
41
1040
84.0
1070
42
1040
150.0
1070
44
1040
150.0
1070
147
1040
80.0
1002
}
  0
DIMENSION
  5
79A
330
17
100
AcDbEntity
  8
AKS
100
AcDbDimension
280
0
  2
*D38
  3
Standard
 10
134300.0
 20
-400.0
 30
0.0
 11
137350.0
 21
-400.0
 31
0.0
 70
32
 71
5
  1
610
100
AcDbAlignedDimension
 13
134300.0
 23
0.0
 33
0.0
 14
140400.0
 24
0.0
 34
0.0
 50
0.0
100
AcDbRotatedDimension
1001
ACAD
1000
DSTYLE
1002
{
1070
140
1040
120.0
1070
41
1040
84.0
1070
42
1040
150.0
1070
44
1040
150.0
1070
147
1040
80.0
1002
}
  0
DIMENSION
  5
7AA
330
17
100
AcDbEntity
  8
AKS
100
AcDbDimension
280
0
  2
*D39
  3
Standard
 10
140400.0
 20
-400.0
 30
0.0
 11
143875.0
 21
-400.0
 31
0.0
 70
32
 71
5
  1
695
100
AcDbAlignedDimension
 13
140400.0
 23
0.0
 33
0.0
 14
147350.0
 24
0.0
 34
0.0
 50
0.0
100
AcDbRotatedDimension
1001
ACAD
1000
DSTYLE
1002
{
1070
140
1040
120.0
1070
41
1040
84.0
1070
42
1040
150.0
1070
44
1040
150.0
1070
147
1040
80.0
1002
}
  0
DIMENSION
  5
7BA
330
17
100
AcDbEntity
  8
AKS
100
AcDbDimension
280
0
  2
*D40
  3
Standard
 10
127350.0
 20
-1950.0
 30
0.0
 11
137350.0
 21
-1950.0
 31
0.0
 70
32
 71
5
  1
2000
100
AcDbAlignedDimension
 13
127350.0
 23
0.0
 33
0.0
 14
147350.0
 24
0.0
 34
0.0
 50
0.0
100
AcDbRotatedDimension
1001
ACAD
1000
DSTYLE
1002
{
1070
140
1040
120.0
1070
41
1040
84.0
1070
42
1040
150.0
1070
44
1040
150.0
1070
147
1040
80.0
1002
}
  0
DIMENSION
  5
7CA
330
17
100
AcDbEntity
  8
AKS
100
AcDbDimension
280
0
  2
*D41
  3
Standard
 10
126950.0
 20
0.0
 30
0.0
 11
126950.0
 21
2625.0
 31
0.0
 70
32
 71
5
  1
525
100
AcDbAlignedDimension
 13
127350.0
 23
0.0
 33
0.0
 14
127350.0
 24
5250.0
 34
0.0
 50
90.0
100
AcDbRotatedDimension
1001
ACAD
1000
DSTYLE
1002
{
1070
140
1040
120.0
1070
41
1040
84.0
1070
42
1040
150.0
1070
44
1040
150.0
1070
147
1040
80.0
1002
}
  0
DIMENSION
  5
7DA
330
17
100
AcDbEntity
  8
AKS
100
AcDbDimension
280
0
  2
*D42
  3
Standard
 10
126950.0
 20
5250.0
 30
0.0
 11
126950.0
 21
7275.0
 31
0.0
 70
32
 71
5
  1
405
100
AcDbAlignedDimension
 13
127350.0
 23
5250.0
 33
0.0
 14
127350.0
 24
9300.0
 34
0.0
 50
90.0
100
AcDbRotatedDimension
1001
ACAD
1000
DSTYLE
1002
{
1070
140
1040
120.0
1070
41
1040
84.0
1070
42
1040
150.0
1070
44
1040
150.0
1070
147
1040
80.0
1002
}
  0
DIMENSION
  5
7EA
330
17
100
AcDbEntity
  8
AKS
100
AcDbDimension
280
0
  2
*D43
  3
Standard
 10
126950.0
 20
9300.0
 30
0.0
 11
126950.0
 21
10800.0
 31
0.0
 70
32
 71
5
  1
300
100
AcDbAlignedDimension
 13
127350.0
 23
9300.0
 33
0.0
 14
127350.0
 24
12300.0
 34
0.0
 50
90.0
100
AcDbRotatedDimension
1001
ACAD
1000
DSTYLE
1002
{
1070
140
1040
120.0
1070
41
1040
84.0
1070
42
1040
150.0
1070
44
1040
150.0
1070
147
1040
80.0
1002
}
  0
DIMENSION
  5
7FA
330
17
100
AcDbEntity
  8
AKS
100
AcDbDimension
280
0
  2
*D44
  3
Standard
 10
126950.0
 20
12300.0
 30
0.0
 11
126950.0
 21
14900.0
 31
0.0
 70
32
 71
5
  1
520
100
AcDbAlignedDimension
 13
127350.0
 23
12300.0
 33
0.0
 14
127350.0
 24
17500.0
 34
0.0
 50
90.0
100
AcDbRotatedDimension
1001
ACAD
1000
DSTYLE
1002
{
1070
140
1040
120.0
1070
41
1040
84.0
1070
42
1040
150.0
1070
44
1040
150.0
1070
147
1040
80.0
1002
}
  0
DIMENSION
  5
80A
330
17
100
AcDbEntity
  8
AKS
100
AcDbDimension
280
0
  2
*D45
  3
Standard
 10
125400.0
 20
0.0
 30
0.0
 11
125400.0
 21
8750.0
 31
0.0
 70
32
 71
5
  1
1750
100
AcDbAlignedDimension
 13
127350.0
 23
0.0
 33
0.0
 14
127350.0
 24
17500.0
 34
0.0
 50
90.0
100
AcDbRotatedDimension
1001
ACAD
1000
DSTYLE
1002
{
1070
140
1040
120.0
1070
41
1040
84.0
1070
42
1040
150.0
1070
44
1040
150.0
1070
147
1040
80.0
1002
}
  0
LINE
  5
81A
330
17
100
AcDbEntity
  8
DUVARLAR
100
AcDbLine
 10
127450.0
 20
100.0
 30
0.0
 11
131250.0
 21
100.0
 31
0.0
  0
LINE
  5
81B
330
17
100
AcDbEntity
  8
DUVARLAR
100
AcDbLine
 10
133050.0
 20
100.0
 30
0.0
 11
135200.0
 21
100.0
 31
0.0
  0
LINE
  5
81C
330
17
100
AcDbEntity
  8
DUVARLAR
100
AcDbLine
 10
136600.0
 20
100.0
 30
0.0
 11
142950.0
 21
100.0
 31
0.0
  0
LINE
  5
81D
330
17
100
AcDbEntity
  8
DUVARLAR
100
AcDbLine
 10
144750.0
 20
100.0
 30
0.0
 11
147250.0
 21
100.0
 31
0.0
  0
LINE
  5
81E
330
17
100
AcDbEntity
  8
DUVARLAR
100
AcDbLine
 10
127250.0
 20
-100.0
 30
0.0
 11
131250.0
 21
-100.0
 31
0.0
  0
LINE
  5
81F
330
17
100
AcDbEntity
  8
DUVARLAR
100
AcDbLine
 10
133050.0
 20
-100.0
 30
0.0
 11
135200.0
 21
-100.0
 31
0.0
  0
LINE
  5
820
330
17
100
AcDbEntity
  8
DUVARLAR
100
AcDbLine
 10
136600.0
 20
-100.0
 30
0.0
 11
142950.0
 21
-100.0
 31
0.0
  0
LINE
  5
821
330
17
100
AcDbEntity
  8
DUVARLAR
100
AcDbLine
 10
144750.0
 20
-100.0
 30
0.0
 11
147450.0
 21
-100.0
 31
0.0
  0
LINE
  5
822
330
17
100
AcDbEntity
  8
DUVARLAR
100
AcDbLine
 10
131250.0
 20
100.0
 30
0.0
 11
131250.0
 21
-100.0
 31
0.0
  0
LINE
  5
823
330
17
100
AcDbEntity
  8
DUVARLAR
100
AcDbLine
 10
133050.0
 20
100.0
 30
0.0
 11
133050.0
 21
-100.0
 31
0.0
  0
LINE
  5
824
330
17
100
AcDbEntity
  8
KAPI-PENCERE
100
AcDbLine
 10
131250.0
 20
-50.0
 30
0.0
 11
133050.0
 21
-50.0
 31
0.0
  0
LINE
  5
825
330
17
100
AcDbEntity
  8
KAPI-PENCERE
100
AcDbLine
 10
131250.0
 20
50.0
 30
0.0
 11
133050.0
 21
50.0
 31
0.0
  0
LINE
  5
826
330
17
100
AcDbEntity
  8
DUVARLAR
100
AcDbLine
 10
135200.0
 20
100.0
 30
0.0
 11
135200.0
 21
-100.0
 31
0.0
  0
LINE
  5
827
330
17
100
AcDbEntity
  8
DUVARLAR
100
AcDbLine
 10
136600.0
 20
100.0
 30
0.0
 11
136600.0
 21
-100.0
 31
0.0
  0
LINE
  5
828
330
17
100
AcDbEntity
  8
KAPI-PENCERE
100
AcDbLine
 10
135200.0
 20
-50.0
 30
0.0
 11
136600.0
 21
-50.0
 31
0.0
  0
LINE
  5
829
330
17
100
AcDbEntity
  8
KAPI-PENCERE
100
AcDbLine
 10
135200.0
 20
50.0
 30
0.0
 11
136600.0
 21
50.0
 31
0.0
  0
LINE
  5
82A
330
17
100
AcDbEntity
  8
DUVARLAR
100
AcDbLine
 10
142950.0
 20
100.0
 30
0.0
 11
142950.0
 21
-100.0
 31
0.0
  0
LINE
  5
82B
330
17
100
AcDbEntity
  8
DUVARLAR
100
AcDbLine
 10
144750.0
 20
100.0
 30
0.0
 11
144750.0
 21
-100.0
 31
0.0
  0
LINE
  5
82C
330
17
100
AcDbEntity
  8
KAPI-PENCERE
100
AcDbLine
 10
142950.0
 20
-50.0
 30
0.0
 11
144750.0
 21
-50.0
 31
0.0
  0
LINE
  5
82D
330
17
100
AcDbEntity
  8
KAPI-PENCERE
100
AcDbLine
 10
142950.0
 20
50.0
 30
0.0
 11
144750.0
 21
50.0
 31
0.0
  0
LINE
  5
82E
330
17
100
AcDbEntity
  8
DUVARLAR
100
AcDbLine
 10
139675.0
 20
1125.0
 30
0.0
 11
140300.0
 21
1125.0
 31
0.0
  0
LINE
  5
82F
330
17
100
AcDbEntity
  8
DUVARLAR
100
AcDbLine
 10
139825.0
 20
975.0
 30
0.0
 11
140300.0
 21
975.0
 31
0.0
  0
LINE
  5
830
330
17
100
AcDbEntity
  8
DUVARLAR
100
AcDbLine
 10
139125.0
 20
1775.0
 30
0.0
 11
140300.0
 21
1775.0
 31
0.0
  0
LINE
  5
831
330
17
100
AcDbEntity
  8
DUVARLAR
100
AcDbLine
 10
139275.0
 20
1625.0
 30
0.0
 11
140300.0
 21
1625.0
 31
0.0
  0
LINE
  5
832
330
17
100
AcDbEntity
  8
DUVARLAR
100
AcDbLine
 10
134425.0
 20
3425.0
 30
0.0
 11
135500.0
 21
3425.0
 31
0.0
  0
LINE
  5
833
330
17
100
AcDbEntity
  8
DUVARLAR
100
AcDbLine
 10
136300.0
 20
3425.0
 30
0.0
 11
137975.0
 21
3425.0
 31
0.0
  0
LINE
  5
834
330
17
100
AcDbEntity
  8
DUVARLAR
100
AcDbLine
 10
138675.0
 20
3425.0
 30
0.0
 11
139450.0
 21
3425.0
 31
0.0
  0
LINE
  5
835
330
17
100
AcDbEntity
  8
DUVARLAR
100
AcDbLine
 10
140150.0
 20
3425.0
 30
0.0
 11
140300.0
 21
3425.0
 31
0.0
  0
LINE
  5
836
330
17
100
AcDbEntity
  8
DUVARLAR
100
AcDbLine
 10
134425.0
 20
3275.0
 30
0.0
 11
135500.0
 21
3275.0
 31
0.0
  0
LINE
  5
837
330
17
100
AcDbEntity
  8
DUVARLAR
100
AcDbLine
 10
136300.0
 20
3275.0
 30
0.0
 11
137975.0
 21
3275.0
 31
0.0
  0
LINE
  5
838
330
17
100
AcDbEntity
  8
DUVARLAR
100
AcDbLine
 10
138675.0
 20
3275.0
 30
0.0
 11
139450.0
 21
3275.0
 31
0.0
  0
LINE
  5
839
330
17
100
AcDbEntity
  8
DUVARLAR
100
AcDbLine
 10
140150.0
 20
3275.0
 30
0.0
 11
140300.0
 21
3275.0
 31
0.0
  0
LINE
  5
83A
330
17
100
AcDbEntity
  8
DUVARLAR
100
AcDbLine
 10
135500.0
 20
3425.0
 30
0.0
 11
135500.0
 21
3275.0
 31
0.0
  0
LINE
  5
83B
330
17
100
AcDbEntity
  8
DUVARLAR
100
AcDbLine
 10
136300.0
 20
3425.0
 30
0.0
 11
136300.0
 21
3275.0
 31
0.0
  0
LINE
  5
83C
330
17
100
AcDbEntity
  8
KAPI-PENCERE
100
AcDbLine
 10
135500.0
 20
3350.0
 30
0.0
 11
135500.0
 21
2550.0
 31
0.0
  0
ARC
  5
83D
330
17
100
AcDbEntity
  8
KAPI-PENCERE
100
AcDbCircle
 10
135500.0
 20
3350.0
 30
0.0
 40
800.0
100
AcDbArc
 50
-90.0
 51
0.0
  0
LINE
  5
83E
330
17
100
AcDbEntity
  8
DUVARLAR
100
AcDbLine
 10
137975.0
 20
3425.0
 30
0.0
 11
137975.0
 21
3275.0
 31
0.0
  0
LINE
  5
83F
330
17
100
AcDbEntity
  8
DUVARLAR
100
AcDbLine
 10
138675.0
 20
3425.0
 30
0.0
 11
138675.0
 21
3275.0
 31
0.0
  0
LINE
  5
840
330
17
100
AcDbEntity
  8
KAPI-PENCERE
100
AcDbLine
 10
137975.0
 20
3350.0
 30
0.0
 11
137975.0
 21
2650.0
 31
0.0
  0
ARC
  5
841
330
17
100
AcDbEntity
  8
KAPI-PENCERE
100
AcDbCircle
 10
137975.0
 20
3350.0
 30
0.0
 40
700.0
100
AcDbArc
 50
-90.0
 51
0.0
  0
LINE
  5
842
330
17
100
AcDbEntity
  8
DUVARLAR
100
AcDbLine
 10
139450.0
 20
3425.0
 30
0.0
 11
139450.0
 21
3275.0
 31
0.0
  0
LINE
  5
843
330
17
100
AcDbEntity
  8
DUVARLAR
100
AcDbLine
 10
140150.0
 20
3425.0
 30
0.0
 11
140150.0
 21
3275.0
 31
0.0
  0
LINE
  5
844
330
17
100
AcDbEntity
  8
KAPI-PENCERE
100
AcDbLine
 10
139450.0
 20
3350.0
 30
0.0
 11
139450.0
 21
2650.0
 31
0.0
  0
ARC
  5
845
330
17
100
AcDbEntity
  8
KAPI-PENCERE
100
AcDbCircle
 10
139450.0
 20
3350.0
 30
0.0
 40
700.0
100
AcDbArc
 50
-90.0
 51
0.0
  0
LINE
  5
846
330
17
100
AcDbEntity
  8
DUVARLAR
100
AcDbLine
 10
140500.0
 20
4375.0
 30
0.0
 11
140850.0
 21
4375.0
 31
0.0
  0
LINE
  5
847
330
17
100
AcDbEntity
  8
DUVARLAR
100
AcDbLine
 10
141650.0
 20
4375.0
 30
0.0
 11
147250.0
 21
4375.0
 31
0.0
  0
LINE
  5
848
330
17
100
AcDbEntity
  8
DUVARLAR
100
AcDbLine
 10
140500.0
 20
4225.0
 30
0.0
 11
140850.0
 21
4225.0
 31
0.0
  0
LINE
  5
849
330
17
100
AcDbEntity
  8
DUVARLAR
100
AcDbLine
 10
141650.0
 20
4225.0
 30
0.0
 11
147250.0
 21
4225.0
 31
0.0
  0
LINE
  5
84A
330
17
100
AcDbEntity
  8
DUVARLAR
100
AcDbLine
 10
140850.0
 20
4375.0
 30
0.0
 11
140850.0
 21
4225.0
 31
0.0
  0
LINE
  5
84B
330
17
100
AcDbEntity
  8
DUVARLAR
100
AcDbLine
 10
141650.0
 20
4375.0
 30
0.0
 11
141650.0
 21
4225.0
 31
0.0
  0
LINE
  5
84C
330
17
100
AcDbEntity
  8
KAPI-PENCERE
100
AcDbLine
 10
140850.0
 20
4300.0
 30
0.0
 11
140850.0
 21
3500.0
 31
0.0
  0
ARC
  5
84D
330
17
100
AcDbEntity
  8
KAPI-PENCERE
100
AcDbCircle
 10
140850.0
 20
4300.0
 30
0.0
 40
800.0
100
AcDbArc
 50
-90.0
 51
0.0
  0
LINE
  5
84E
330
17
100
AcDbEntity
  8
DUVARLAR
100
AcDbLine
 10
127450.0
 20
5350.0
 30
0.0
 11
134900.0
 21
5350.0
 31
0.0
  0
LINE
  5
84F
330
17
100
AcDbEntity
  8
DUVARLAR
100
AcDbLine
 10
135800.0
 20
5350.0
 30
0.0
 11
140300.0
 21
5350.0
 31
0.0
  0
LINE
  5
850
330
17
100
AcDbEntity
  8
DUVARLAR
100
AcDbLine
 10
127450.0
 20
5150.0
 30
0.0
 11
134900.0
 21
5150.0
 31
0.0
  0
LINE
  5
851
330
17
100
AcDbEntity
  8
DUVARLAR
100
AcDbLine
 10
135800.0
 20
5150.0
 30
0.0
 11
140300.0
 21
5150.0
 31
0.0
  0
LINE
  5
852
330
17
100
AcDbEntity
  8
DUVARLAR
100
AcDbLine
 10
134900.0
 20
5350.0
 30
0.0
 11
134900.0
 21
5150.0
 31
0.0
  0
LINE
  5
853
330
17
100
AcDbEntity
  8
DUVARLAR
100
AcDbLine
 10
135800.0
 20
5350.0
 30
0.0
 11
135800.0
 21
5150.0
 31
0.0
  0
LINE
  5
854
330
17
100
AcDbEntity
  8
KAPI-PENCERE
100
AcDbLine
 10
134900.0
 20
5250.0
 30
0.0
 11
134900.0
 21
4350.0
 31
0.0
  0
ARC
  5
855
330
17
100
AcDbEntity
  8
KAPI-PENCERE
100
AcDbCircle
 10
134900.0
 20
5250.0
 30
0.0
 40
900.0
100
AcDbArc
 50
-90.0
 51
0.0
  0
LINE
  5
856
330
17
100
AcDbEntity
  8
DUVARLAR
100
AcDbLine
 10
134400.0
 20
8400.0
 30
0.0
 11
134550.0
 21
8400.0
 31
0.0
  0
LINE
  5
857
330
17
100
AcDbEntity
  8
DUVARLAR
100
AcDbLine
 10
136150.0
 20
8400.0
 30
0.0
 11
136400.0
 21
8400.0
 31
0.0
  0
LINE
  5
858
330
17
100
AcDbEntity
  8
DUVARLAR
100
AcDbLine
 10
134400.0
 20
8200.0
 30
0.0
 11
134550.0
 21
8200.0
 31
0.0
  0
LINE
  5
859
330
17
100
AcDbEntity
  8
DUVARLAR
100
AcDbLine
 10
136150.0
 20
8200.0
 30
0.0
 11
136400.0
 21
8200.0
 31
0.0
  0
LINE
  5
85A
330
17
100
AcDbEntity
  8
DUVARLAR
100
AcDbLine
 10
134550.0
 20
8400.0
 30
0.0
 11
134550.0
 21
8200.0
 31
0.0
  0
LINE
  5
85B
330
17
100
AcDbEntity
  8
DUVARLAR
100
AcDbLine
 10
136150.0
 20
8400.0
 30
0.0
 11
136150.0
 21
8200.0
 31
0.0
  0
LINE
  5
85C
330
17
100
AcDbEntity
  8
KAPI-PENCERE
100
AcDbLine
 10
134550.0
 20
8233.333333333334
 30
0.0
 11
136150.0
 21
8233.333333333334
 31
0.0
  0
LINE
  5
85D
330
17
100
AcDbEntity
  8
KAPI-PENCERE
100
AcDbLine
 10
136150.0
 20
8233.333333333334
 30
0.0
 11
136150.0
 21
8200.0
 31
0.0
  0
LINE
  5
85E
330
17
100
AcDbEntity
  8
DUVARLAR
100
AcDbLine
 10
136400.0
 20
8400.0
 30
0.0
 11
136400.0
 21
8200.0
 31
0.0
  0
LINE
  5
85F
330
17
100
AcDbEntity
  8
DUVARLAR
100
AcDbLine
 10
140400.0
 20
8400.0
 30
0.0
 11
140400.0
 21
8200.0
 31
0.0
  0
LINE
  5
860
330
17
100
AcDbEntity
  8
DUVARLAR
100
AcDbLine
 10
127450.0
 20
8875.0
 30
0.0
 11
128450.0
 21
8875.0
 31
0.0
  0
LINE
  5
861
330
17
100
AcDbEntity
  8
DUVARLAR
100
AcDbLine
 10
129250.0
 20
8875.0
 30
0.0
 11
132325.0
 21
8875.0
 31
0.0
  0
LINE
  5
862
330
17
100
AcDbEntity
  8
DUVARLAR
100
AcDbLine
 10
127450.0
 20
8725.0
 30
0.0
 11
128450.0
 21
8725.0
 31
0.0
  0
LINE
  5
863
330
17
100
AcDbEntity
  8
DUVARLAR
100
AcDbLine
 10
129250.0
 20
8725.0
 30
0.0
 11
132325.0
 21
8725.0
 31
0.0
  0
LINE
  5
864
330
17
100
AcDbEntity
  8
DUVARLAR
100
AcDbLine
 10
128450.0
 20
8875.0
 30
0.0
 11
128450.0
 21
8725.0
 31
0.0
  0
LINE
  5
865
330
17
100
AcDbEntity
  8
DUVARLAR
100
AcDbLine
 10
129250.0
 20
8875.0
 30
0.0
 11
129250.0
 21
8725.0
 31
0.0
  0
LINE
  5
866
330
17
100
AcDbEntity
  8
KAPI-PENCERE
100
AcDbLine
 10
128450.0
 20
8800.0
 30
0.0
 11
128450.0
 21
9600.0
 31
0.0
  0
ARC
  5
867
330
17
100
AcDbEntity
  8
KAPI-PENCERE
100
AcDbCircle
 10
128450.0
 20
8800.0
 30
0.0
 40
800.0
100
AcDbArc
 50
0.0
 51
90.0
  0
LINE
  5
868
330
17
100
AcDbEntity
  8
DUVARLAR
100
AcDbLine
 10
142375.0
 20
9575.0
 30
0.0
 11
144925.0
 21
9575.0
 31
0.0
  0
LINE
  5
869
330
17
100
AcDbEntity
  8
DUVARLAR
100
AcDbLine
 10
142375.0
 20
9425.0
 30
0.0
 11
145075.0
 21
9425.0
 31
0.0
  0
LINE
  5
86A
330
17
100
AcDbEntity
  8
DUVARLAR
100
AcDbLine
 10
129675.0
 20
9950.0
 30
0.0
 11
130325.0
 21
9950.0
 31
0.0
  0
LINE
  5
86B
330
17
100
AcDbEntity
  8
DUVARLAR
100
AcDbLine
 10
129825.0
 20
9800.0
 30
0.0
 11
130325.0
 21
9800.0
 31
0.0
  0
LINE
  5
86C
330
17
100
AcDbEntity
  8
DUVARLAR
100
AcDbLine
 10
130475.0
 20
10275.0
 30
0.0
 11
132325.0
 21
10275.0
 31
0.0
  0
LINE
  5
86D
330
17
100
AcDbEntity
  8
DUVARLAR
100
AcDbLine
 10
130475.0
 20
10125.0
 30
0.0
 11
132325.0
 21
10125.0
 31
0.0
  0
LINE
  5
86E
330
17
100
AcDbEntity
  8
DUVARLAR
100
AcDbLine
 10
129675.0
 20
10600.0
 30
0.0
 11
130325.0
 21
10600.0
 31
0.0
  0
LINE
  5
86F
330
17
100
AcDbEntity
  8
DUVARLAR
100
AcDbLine
 10
129825.0
 20
10450.0
 30
0.0
 11
130325.0
 21
10450.0
 31
0.0
  0
LINE
  5
870
330
17
100
AcDbEntity
  8
DUVARLAR
100
AcDbLine
 10
144275.0
 20
10650.0
 30
0.0
 11
144925.0
 21
10650.0
 31
0.0
  0
LINE
  5
871
330
17
100
AcDbEntity
  8
DUVARLAR
100
AcDbLine
 10
144425.0
 20
10500.0
 30
0.0
 11
144925.0
 21
10500.0
 31
0.0
  0
LINE
  5
872
330
17
100
AcDbEntity
  8
DUVARLAR
100
AcDbLine
 10
142375.0
 20
10975.0
 30
0.0
 11
144275.0
 21
10975.0
 31
0.0
  0
LINE
  5
873
330
17
100
AcDbEntity
  8
DUVARLAR
100
AcDbLine
 10
142375.0
 20
10825.0
 30
0.0
 11
144275.0
 21
10825.0
 31
0.0
  0
LINE
  5
874
330
17
100
AcDbEntity
  8
DUVARLAR
100
AcDbLine
 10
144275.0
 20
11300.0
 30
0.0
 11
144925.0
 21
11300.0
 31
0.0
  0
LINE
  5
875
330
17
100
AcDbEntity
  8
DUVARLAR
100
AcDbLine
 10
144425.0
 20
11150.0
 30
0.0
 11
144925.0
 21
11150.0
 31
0.0
  0
LINE
  5
876
330
17
100
AcDbEntity
  8
DUVARLAR
100
AcDbLine
 10
134225.0
 20
11400.0
 30
0.0
 11
136300.0
 21
11400.0
 31
0.0
  0
LINE
  5
877
330
17
100
AcDbEntity
  8
DUVARLAR
100
AcDbLine
 10
134375.0
 20
11200.0
 30
0.0
 11
136300.0
 21
11200.0
 31
0.0
  0
LINE
  5
878
330
17
100
AcDbEntity
  8
DUVARLAR
100
AcDbLine
 10
127450.0
 20
12175.0
 30
0.0
 11
132325.0
 21
12175.0
 31
0.0
  0
LINE
  5
879
330
17
100
AcDbEntity
  8
DUVARLAR
100
AcDbLine
 10
127450.0
 20
12025.0
 30
0.0
 11
132325.0
 21
12025.0
 31
0.0
  0
LINE
  5
87A
330
17
100
AcDbEntity
  8
DUVARLAR
100
AcDbLine
 10
134225.0
 20
12375.0
 30
0.0
 11
136300.0
 21
12375.0
 31
0.0
  0
LINE
  5
87B
330
17
100
AcDbEntity
  8
DUVARLAR
100
AcDbLine
 10
134375.0
 20
12225.0
 30
0.0
 11
136500.0
 21
12225.0
 31
0.0
  0
LINE
  5
87C
330
17
100
AcDbEntity
  8
DUVARLAR
100
AcDbLine
 10
136300.0
 20
12400.0
 30
0.0
 11
140300.0
 21
12400.0
 31
0.0
  0
LINE
  5
87D
330
17
100
AcDbEntity
  8
DUVARLAR
100
AcDbLine
 10
136500.0
 20
12200.0
 30
0.0
 11
140300.0
 21
12200.0
 31
0.0
  0
LINE
  5
87E
330
17
100
AcDbEntity
  8
DUVARLAR
100
AcDbLine
 10
140500.0
 20
13375.0
 30
0.0
 11
140650.0
 21
13375.0
 31
0.0
  0
LINE
  5
87F
330
17
100
AcDbEntity
  8
DUVARLAR
100
AcDbLine
 10
141450.0
 20
13375.0
 30
0.0
 11
147250.0
 21
13375.0
 31
0.0
  0
LINE
  5
880
330
17
100
AcDbEntity
  8
DUVARLAR
100
AcDbLine
 10
140500.0
 20
13225.0
 30
0.0
 11
140650.0
 21
13225.0
 31
0.0
  0
LINE
  5
881
330
17
100
AcDbEntity
  8
DUVARLAR
100
AcDbLine
 10
141450.0
 20
13225.0
 30
0.0
 11
147250.0
 21
13225.0
 31
0.0
  0
LINE
  5
882
330
17
100
AcDbEntity
  8
DUVARLAR
100
AcDbLine
 10
140650.0
 20
13375.0
 30
0.0
 11
140650.0
 21
13225.0
 31
0.0
  0
LINE
  5
883
330
17
100
AcDbEntity
  8
DUVARLAR
100
AcDbLine
 10
141450.0
 20
13375.0
 30
0.0
 11
141450.0
 21
13225.0
 31
0.0
  0
LINE
  5
884
330
17
100
AcDbEntity
  8
KAPI-PENCERE
100
AcDbLine
 10
140650.0
 20
13300.0
 30
0.0
 11
140650.0
 21
14100.0
 31
0.0
  0
ARC
  5
885
330
17
100
AcDbEntity
  8
KAPI-PENCERE
100
AcDbCircle
 10
140650.0
 20
13300.0
 30
0.0
 40
800.0
100
AcDbArc
 50
0.0
 51
90.0
  0
LINE
  5
886
330
17
100
AcDbEntity
  8
DUVARLAR
100
AcDbLine
 10
132325.0
 20
14275.0
 30
0.0
 11
133000.0
 21
14275.0
 31
0.0
  0
LINE
  5
887
330
17
100
AcDbEntity
  8
DUVARLAR
100
AcDbLine
 10
133800.0
 20
14275.0
 30
0.0
 11
134275.0
 21
14275.0
 31
0.0
  0
LINE
  5
888
330
17
100
AcDbEntity
  8
DUVARLAR
100
AcDbLine
 10
132475.0
 20
14125.0
 30
0.0
 11
133000.0
 21
14125.0
 31
0.0
  0
LINE
  5
889
330
17
100
AcDbEntity
  8
DUVARLAR
100
AcDbLine
 10
133800.0
 20
14125.0
 30
0.0
 11
134275.0
 21
14125.0
 31
0.0
  0
LINE
  5
88A
330
17
100
AcDbEntity
  8
DUVARLAR
100
AcDbLine
 10
133000.0
 20
14275.0
 30
0.0
 11
133000.0
 21
14125.0
 31
0.0
  0
LINE
  5
88B
330
17
100
AcDbEntity
  8
DUVARLAR
100
AcDbLine
 10
133800.0
 20
14275.0
 30
0.0
 11
133800.0
 21
14125.0
 31
0.0
  0
LINE
  5
88C
330
17
100
AcDbEntity
  8
KAPI-PENCERE
100
AcDbLine
 10
133000.0
 20
14200.0
 30
0.0
 11
133000.0
 21
15000.0
 31
0.0
  0
ARC
  5
88D
330
17
100
AcDbEntity
  8
KAPI-PENCERE
100
AcDbCircle
 10
133000.0
 20
14200.0
 30
0.0
 40
800.0
100
AcDbArc
 50
0.0
 51
90.0
  0
LINE
  5
88E
330
17
100
AcDbEntity
  8
DUVARLAR
100
AcDbLine
 10
147250.0
 20
17400.0
 30
0.0
 11
144750.0
 21
17400.0
 31
0.0
  0
LINE
  5
88F
330
17
100
AcDbEntity
  8
DUVARLAR
100
AcDbLine
 10
142950.0
 20
17400.0
 30
0.0
 11
138550.0
 21
17400.0
 31
0.0
  0
LINE
  5
890
330
17
100
AcDbEntity
  8
DUVARLAR
100
AcDbLine
 10
136750.0
 20
17400.0
 30
0.0
 11
133450.0
 21
17400.0
 31
0.0
  0
LINE
  5
891
330
17
100
AcDbEntity
  8
DUVARLAR
100
AcDbLine
 10
132250.0
 20
17400.0
 30
0.0
 11
130250.0
 21
17400.0
 31
0.0
  0
LINE
  5
892
330
17
100
AcDbEntity
  8
DUVARLAR
100
AcDbLine
 10
128450.0
 20
17400.0
 30
0.0
 11
127450.0
 21
17400.0
 31
0.0
  0
LINE
  5
893
330
17
100
AcDbEntity
  8
DUVARLAR
100
AcDbLine
 10
147450.0
 20
17600.0
 30
0.0
 11
144750.0
 21
17600.0
 31
0.0
  0
LINE
  5
894
330
17
100
AcDbEntity
  8
DUVARLAR
100
AcDbLine
 10
142950.0
 20
17600.0
 30
0.0
 11
138550.0
 21
17600.0
 31
0.0
  0
LINE
  5
895
330
17
100
AcDbEntity
  8
DUVARLAR
100
AcDbLine
 10
136750.0
 20
17600.0
 30
0.0
 11
133450.0
 21
17600.0
 31
0.0
  0
LINE
  5
896
330
17
100
AcDbEntity
  8
DUVARLAR
100
AcDbLine
 10
132250.0
 20
17600.0
 30
0.0
 11
130250.0
 21
17600.0
 31
0.0
  0
LINE
  5
897
330
17
100
AcDbEntity
  8
DUVARLAR
100
AcDbLine
 10
128450.0
 20
17600.0
 30
0.0
 11
127250.0
 21
17600.0
 31
0.0
  0
LINE
  5
898
330
17
100
AcDbEntity
  8
DUVARLAR
100
AcDbLine
 10
144750.0
 20
17400.0
 30
0.0
 11
144750.0
 21
17600.0
 31
0.0
  0
LINE
  5
899
330
17
100
AcDbEntity
  8
DUVARLAR
100
AcDbLine
 10
142950.0
 20
17400.0
 30
0.0
 11
142950.0
 21
17600.0
 31
0.0
  0
LINE
  5
89A
330
17
100
AcDbEntity
  8
KAPI-PENCERE
100
AcDbLine
 10
144750.0
 20
17550.0
 30
0.0
 11
142950.0
 21
17550.0
 31
0.0
  0
LINE
  5
89B
330
17
100
AcDbEntity
  8
KAPI-PENCERE
100
AcDbLine
 10
144750.0
 20
17450.0
 30
0.0
 11
142950.0
 21
17450.0
 31
0.0
  0
LINE
  5
89C
330
17
100
AcDbEntity
  8
DUVARLAR
100
AcDbLine
 10
138550.0
 20
17400.0
 30
0.0
 11
138550.0
 21
17600.0
 31
0.0
  0
LINE
  5
89D
330
17
100
AcDbEntity
  8
DUVARLAR
100
AcDbLine
 10
136750.0
 20
17400.0
 30
0.0
 11
136750.0
 21
17600.0
 31
0.0
  0
LINE
  5
89E
330
17
100
AcDbEntity
  8
KAPI-PENCERE
100
AcDbLine
 10
138550.0
 20
17550.0
 30
0.0
 11
136750.0
 21
17550.0
 31
0.0
  0
LINE
  5
89F
330
17
100
AcDbEntity
  8
KAPI-PENCERE
100
AcDbLine
 10
138550.0
 20
17450.0
 30
0.0
 11
136750.0
 21
17450.0
 31
0.0
  0
LINE
  5
8A0
330
17
100
AcDbEntity
  8
DUVARLAR
100
AcDbLine
 10
133450.0
 20
17400.0
 30
0.0
 11
133450.0
 21
17600.0
 31
0.0
  0
LINE
  5
8A1
330
17
100
AcDbEntity
  8
DUVARLAR
100
AcDbLine
 10
132250.0
 20
17400.0
 30
0.0
 11
132250.0
 21
17600.0
 31
0.0
  0
LINE
  5
8A2
330
17
100
AcDbEntity
  8
KAPI-PENCERE
100
AcDbLine
 10
133450.0
 20
17550.0
 30
0.0
 11
132250.0
 21
17550.0
 31
0.0
  0
LINE
  5
8A3
330
17
100
AcDbEntity
  8
KAPI-PENCERE
100
AcDbLine
 10
133450.0
 20
17450.0
 30
0.0
 11
132250.0
 21
17450.0
 31
0.0
  0
LINE
  5
8A4
330
17
100
AcDbEntity
  8
DUVARLAR
100
AcDbLine
 10
130250.0
 20
17400.0
 30
0.0
 11
130250.0
 21
17600.0
 31
0.0
  0
LINE
  5
8A5
330
17
100
AcDbEntity
  8
DUVARLAR
100
AcDbLine
 10
128450.0
 20
17400.0
 30
0.0
 11
128450.0
 21
17600.0
 31
0.0
  0
LINE
  5
8A6
330
17
100
AcDbEntity
  8
KAPI-PENCERE
100
AcDbLine
 10
130250.0
 20
17550.0
 30
0.0
 11
128450.0
 21
17550.0
 31
0.0
  0
LINE
  5
8A7
330
17
100
AcDbEntity
  8
KAPI-PENCERE
100
AcDbLine
 10
130250.0
 20
17450.0
 30
0.0
 11
128450.0
 21
17450.0
 31
0.0
  0
LINE
  5
8A8
330
17
100
AcDbEntity
  8
DUVARLAR
100
AcDbLine
 10
127450.0
 20
17400.0
 30
0.0
 11
127450.0
 21
15700.0
 31
0.0
  0
LINE
  5
8A9
330
17
100
AcDbEntity
  8
DUVARLAR
100
AcDbLine
 10
127450.0
 20
13900.0
 30
0.0
 11
127450.0
 21
7700.0
 31
0.0
  0
LINE
  5
8AA
330
17
100
AcDbEntity
  8
DUVARLAR
100
AcDbLine
 10
127450.0
 20
6300.0
 30
0.0
 11
127450.0
 21
3200.0
 31
0.0
  0
LINE
  5
8AB
330
17
100
AcDbEntity
  8
DUVARLAR
100
AcDbLine
 10
127450.0
 20
2000.0
 30
0.0
 11
127450.0
 21
100.0
 31
0.0
  0
LINE
  5
8AC
330
17
100
AcDbEntity
  8
DUVARLAR
100
AcDbLine
 10
127250.0
 20
17600.0
 30
0.0
 11
127250.0
 21
15700.0
 31
0.0
  0
LINE
  5
8AD
330
17
100
AcDbEntity
  8
DUVARLAR
100
AcDbLine
 10
127250.0
 20
13900.0
 30
0.0
 11
127250.0
 21
7700.0
 31
0.0
  0
LINE
  5
8AE
330
17
100
AcDbEntity
  8
DUVARLAR
100
AcDbLine
 10
127250.0
 20
6300.0
 30
0.0
 11
127250.0
 21
3200.0
 31
0.0
  0
LINE
  5
8AF
330
17
100
AcDbEntity
  8
DUVARLAR
100
AcDbLine
 10
127250.0
 20
2000.0
 30
0.0
 11
127250.0
 21
-100.0
 31
0.0
  0
LINE
  5
8B0
330
17
100
AcDbEntity
  8
DUVARLAR
100
AcDbLine
 10
127450.0
 20
15700.0
 30
0.0
 11
127250.0
 21
15700.0
 31
0.0
  0
LINE
  5
8B1
330
17
100
AcDbEntity
  8
DUVARLAR
100
AcDbLine
 10
127450.0
 20
13900.0
 30
0.0
 11
127250.0
 21
13900.0
 31
0.0
  0
LINE
  5
8B2
330
17
100
AcDbEntity
  8
KAPI-PENCERE
100
AcDbLine
 10
127300.0
 20
15700.0
 30
0.0
 11
127300.0
 21
13900.0
 31
0.0
  0
LINE
  5
8B3
330
17
100
AcDbEntity
  8
KAPI-PENCERE
100
AcDbLine
 10
127400.0
 20
15700.0
 30
0.0
 11
127400.0
 21
13900.0
 31
0.0
  0
LINE
  5
8B4
330
17
100
AcDbEntity
  8
DUVARLAR
100
AcDbLine
 10
127450.0
 20
7700.0
 30
0.0
 11
127250.0
 21
7700.0
 31
0.0
  0
LINE
  5
8B5
330
17
100
AcDbEntity
  8
DUVARLAR
100
AcDbLine
 10
127450.0
 20
6300.0
 30
0.0
 11
127250.0
 21
6300.0
 31
0.0
  0
LINE
  5
8B6
330
17
100
AcDbEntity
  8
KAPI-PENCERE
100
AcDbLine
 10
127300.0
 20
7700.0
 30
0.0
 11
127300.0
 21
6300.0
 31
0.0
  0
LINE
  5
8B7
330
17
100
AcDbEntity
  8
KAPI-PENCERE
100
AcDbLine
 10
127400.0
 20
7700.0
 30
0.0
 11
127400.0
 21
6300.0
 31
0.0
  0
LINE
  5
8B8
330
17
100
AcDbEntity
  8
DUVARLAR
100
AcDbLine
 10
127450.0
 20
3200.0
 30
0.0
 11
127250.0
 21
3200.0
 31
0.0
  0
LINE
  5
8B9
330
17
100
AcDbEntity
  8
DUVARLAR
100
AcDbLine
 10
127450.0
 20
2000.0
 30
0.0
 11
127250.0
 21
2000.0
 31
0.0
  0
LINE
  5
8BA
330
17
100
AcDbEntity
  8
KAPI-PENCERE
100
AcDbLine
 10
127300.0
 20
3200.0
 30
0.0
 11
127300.0
 21
2000.0
 31
0.0
  0
LINE
  5
8BB
330
17
100
AcDbEntity
  8
KAPI-PENCERE
100
AcDbLine
 10
127400.0
 20
3200.0
 30
0.0
 11
127400.0
 21
2000.0
 31
0.0
  0
LINE
  5
8BC
330
17
100
AcDbEntity
  8
DUVARLAR
100
AcDbLine
 10
129675.0
 20
9950.0
 30
0.0
 11
129675.0
 21
10600.0
 31
0.0
  0
LINE
  5
8BD
330
17
100
AcDbEntity
  8
DUVARLAR
100
AcDbLine
 10
129825.0
 20
9800.0
 30
0.0
 11
129825.0
 21
10450.0
 31
0.0
  0
LINE
  5
8BE
330
17
100
AcDbEntity
  8
DUVARLAR
100
AcDbLine
 10
130325.0
 20
8875.0
 30
0.0
 11
130325.0
 21
12025.0
 31
0.0
  0
LINE
  5
8BF
330
17
100
AcDbEntity
  8
DUVARLAR
100
AcDbLine
 10
130475.0
 20
8875.0
 30
0.0
 11
130475.0
 21
12025.0
 31
0.0
  0
LINE
  5
8C0
330
17
100
AcDbEntity
  8
DUVARLAR
100
AcDbLine
 10
132325.0
 20
5350.0
 30
0.0
 11
132325.0
 21
6600.0
 31
0.0
  0
LINE
  5
8C1
330
17
100
AcDbEntity
  8
DUVARLAR
100
AcDbLine
 10
132325.0
 20
7400.0
 30
0.0
 11
132325.0
 21
9150.0
 31
0.0
  0
LINE
  5
8C2
330
17
100
AcDbEntity
  8
DUVARLAR
100
AcDbLine
 10
132325.0
 20
9850.0
 30
0.0
 11
132325.0
 21
10800.0
 31
0.0
  0
LINE
  5
8C3
330
17
100
AcDbEntity
  8
DUVARLAR
100
AcDbLine
 10
132325.0
 20
11500.0
 30
0.0
 11
132325.0
 21
12900.0
 31
0.0
  0
LINE
  5
8C4
330
17
100
AcDbEntity
  8
DUVARLAR
100
AcDbLine
 10
132325.0
 20
13700.0
 30
0.0
 11
132325.0
 21
14275.0
 31
0.0
  0
LINE
  5
8C5
330
17
100
AcDbEntity
  8
DUVARLAR
100
AcDbLine
 10
132475.0
 20
5350.0
 30
0.0
 11
132475.0
 21
6600.0
 31
0.0
  0
LINE
  5
8C6
330
17
100
AcDbEntity
  8
DUVARLAR
100
AcDbLine
 10
132475.0
 20
7400.0
 30
0.0
 11
132475.0
 21
9150.0
 31
0.0
  0
LINE
  5
8C7
330
17
100
AcDbEntity
  8
DUVARLAR
100
AcDbLine
 10
132475.0
 20
9850.0
 30
0.0
 11
132475.0
 21
10800.0
 31
0.0
  0
LINE
  5
8C8
330
17
100
AcDbEntity
  8
DUVARLAR
100
AcDbLine
 10
132475.0
 20
11500.0
 30
0.0
 11
132475.0
 21
12900.0
 31
0.0
  0
LINE
  5
8C9
330
17
100
AcDbEntity
  8
DUVARLAR
100
AcDbLine
 10
132475.0
 20
13700.0
 30
0.0
 11
132475.0
 21
14125.0
 31
0.0
  0
LINE
  5
8CA
330
17
100
AcDbEntity
  8
DUVARLAR
100
AcDbLine
 10
132325.0
 20
6600.0
 30
0.0
 11
132475.0
 21
6600.0
 31
0.0
  0
LINE
  5
8CB
330
17
100
AcDbEntity
  8
DUVARLAR
100
AcDbLine
 10
132325.0
 20
7400.0
 30
0.0
 11
132475.0
 21
7400.0
 31
0.0
  0
LINE
  5
8CC
330
17
100
AcDbEntity
  8
KAPI-PENCERE
100
AcDbLine
 10
132400.0
 20
6600.0
 30
0.0
 11
131600.0
 21
6600.0
 31
0.0
  0
ARC
  5
8CD
330
17
100
AcDbEntity
  8
KAPI-PENCERE
100
AcDbCircle
 10
132400.0
 20
6600.0
 30
0.0
 40
800.0
100
AcDbArc
 50
90.0
 51
180.0
  0
LINE
  5
8CE
330
17
100
AcDbEntity
  8
DUVARLAR
100
AcDbLine
 10
132325.0
 20
9150.0
 30
0.0
 11
132475.0
 21
9150.0
 31
0.0
  0
LINE
  5
8CF
330
17
100
AcDbEntity
  8
DUVARLAR
100
AcDbLine
 10
132325.0
 20
9850.0
 30
0.0
 11
132475.0
 21
9850.0
 31
0.0
  0
LINE
  5
8D0
330
17
100
AcDbEntity
  8
KAPI-PENCERE
100
AcDbLine
 10
132400.0
 20
9150.0
 30
0.0
 11
131700.0
 21
9150.0
 31
0.0
  0
ARC
  5
8D1
330
17
100
AcDbEntity
  8
KAPI-PENCERE
100
AcDbCircle
 10
132400.0
 20
9150.0
 30
0.0
 40
700.0
100
AcDbArc
 50
90.0
 51
180.0
  0
LINE
  5
8D2
330
17
100
AcDbEntity
  8
DUVARLAR
100
AcDbLine
 10
132325.0
 20
10800.0
 30
0.0
 11
132475.0
 21
10800.0
 31
0.0
  0
LINE
  5
8D3
330
17
100
AcDbEntity
  8
DUVARLAR
100
AcDbLine
 10
132325.0
 20
11500.0
 30
0.0
 11
132475.0
 21
11500.0
 31
0.0
  0
LINE
  5
8D4
330
17
100
AcDbEntity
  8
KAPI-PENCERE
100
AcDbLine
 10
132400.0
 20
10800.0
 30
0.0
 11
131700.0
 21
10800.0
 31
0.0
  0
ARC
  5
8D5
330
17
100
AcDbEntity
  8
KAPI-PENCERE
100
AcDbCircle
 10
132400.0
 20
10800.0
 30
0.0
 40
700.0
100
AcDbArc
 50
90.0
 51
180.0
  0
LINE
  5
8D6
330
17
100
AcDbEntity
  8
DUVARLAR
100
AcDbLine
 10
132325.0
 20
12900.0
 30
0.0
 11
132475.0
 21
12900.0
 31
0.0
  0
LINE
  5
8D7
330
17
100
AcDbEntity
  8
DUVARLAR
100
AcDbLine
 10
132325.0
 20
13700.0
 30
0.0
 11
132475.0
 21
13700.0
 31
0.0
  0
LINE
  5
8D8
330
17
100
AcDbEntity
  8
KAPI-PENCERE
100
AcDbLine
 10
132400.0
 20
12900.0
 30
0.0
 11
131600.0
 21
12900.0
 31
0.0
  0
ARC
  5
8D9
330
17
100
AcDbEntity
  8
KAPI-PENCERE
100
AcDbCircle
 10
132400.0
 20
12900.0
 30
0.0
 40
800.0
100
AcDbArc
 50
90.0
 51
180.0
  0
LINE
  5
8DA
330
17
100
AcDbEntity
  8
DUVARLAR
100
AcDbLine
 10
134200.0
 20
5350.0
 30
0.0
 11
134200.0
 21
5850.0
 31
0.0
  0
LINE
  5
8DB
330
17
100
AcDbEntity
  8
DUVARLAR
100
AcDbLine
 10
134200.0
 20
6750.0
 30
0.0
 11
134200.0
 21
11400.0
 31
0.0
  0
LINE
  5
8DC
330
17
100
AcDbEntity
  8
DUVARLAR
100
AcDbLine
 10
134400.0
 20
5350.0
 30
0.0
 11
134400.0
 21
5850.0
 31
0.0
  0
LINE
  5
8DD
330
17
100
AcDbEntity
  8
DUVARLAR
100
AcDbLine
 10
134400.0
 20
6750.0
 30
0.0
 11
134400.0
 21
11200.0
 31
0.0
  0
LINE
  5
8DE
330
17
100
AcDbEntity
  8
DUVARLAR
100
AcDbLine
 10
134200.0
 20
5850.0
 30
0.0
 11
134400.0
 21
5850.0
 31
0.0
  0
LINE
  5
8DF
330
17
100
AcDbEntity
  8
DUVARLAR
100
AcDbLine
 10
134200.0
 20
6750.0
 30
0.0
 11
134400.0
 21
6750.0
 31
0.0
  0
LINE
  5
8E0
330
17
100
AcDbEntity
  8
KAPI-PENCERE
100
AcDbLine
 10
134300.0
 20
5850.0
 30
0.0
 11
133400.0
 21
5850.0
 31
0.0
  0
ARC
  5
8E1
330
17
100
AcDbEntity
  8
KAPI-PENCERE
100
AcDbCircle
 10
134300.0
 20
5850.0
 30
0.0
 40
900.0
100
AcDbArc
 50
90.0
 51
180.0
  0
LINE
  5
8E2
330
17
100
AcDbEntity
  8
DUVARLAR
100
AcDbLine
 10
134225.0
 20
11400.0
 30
0.0
 11
134225.0
 21
11500.0
 31
0.0
  0
LINE
  5
8E3
330
17
100
AcDbEntity
  8
DUVARLAR
100
AcDbLine
 10
134225.0
 20
12100.0
 30
0.0
 11
134225.0
 21
12375.0
 31
0.0
  0
LINE
  5
8E4
330
17
100
AcDbEntity
  8
DUVARLAR
100
AcDbLine
 10
134375.0
 20
11200.0
 30
0.0
 11
134375.0
 21
11500.0
 31
0.0
  0
LINE
  5
8E5
330
17
100
AcDbEntity
  8
DUVARLAR
100
AcDbLine
 10
134375.0
 20
12100.0
 30
0.0
 11
134375.0
 21
12225.0
 31
0.0
  0
LINE
  5
8E6
330
17
100
AcDbEntity
  8
DUVARLAR
100
AcDbLine
 10
134225.0
 20
11500.0
 30
0.0
 11
134375.0
 21
11500.0
 31
0.0
  0
LINE
  5
8E7
330
17
100
AcDbEntity
  8
DUVARLAR
100
AcDbLine
 10
134225.0
 20
12100.0
 30
0.0
 11
134375.0
 21
12100.0
 31
0.0
  0
LINE
  5
8E8
330
17
100
AcDbEntity
  8
KAPI-PENCERE
100
AcDbLine
 10
134300.0
 20
11500.0
 30
0.0
 11
134900.0
 21
11500.0
 31
0.0
  0
ARC
  5
8E9
330
17
100
AcDbEntity
  8
KAPI-PENCERE
100
AcDbCircle
 10
134300.0
 20
11500.0
 30
0.0
 40
600.0
100
AcDbArc
 50
-0.0
 51
90.0
  0
LINE
  5
8EA
330
17
100
AcDbEntity
  8
DUVARLAR
100
AcDbLine
 10
134275.0
 20
100.0
 30
0.0
 11
134275.0
 21
3900.0
 31
0.0
  0
LINE
  5
8EB
330
17
100
AcDbEntity
  8
DUVARLAR
100
AcDbLine
 10
134275.0
 20
4700.0
 30
0.0
 11
134275.0
 21
5150.0
 31
0.0
  0
LINE
  5
8EC
330
17
100
AcDbEntity
  8
DUVARLAR
100
AcDbLine
 10
134425.0
 20
100.0
 30
0.0
 11
134425.0
 21
3900.0
 31
0.0
  0
LINE
  5
8ED
330
17
100
AcDbEntity
  8
DUVARLAR
100
AcDbLine
 10
134425.0
 20
4700.0
 30
0.0
 11
134425.0
 21
5150.0
 31
0.0
  0
LINE
  5
8EE
330
17
100
AcDbEntity
  8
DUVARLAR
100
AcDbLine
 10
134275.0
 20
3900.0
 30
0.0
 11
134425.0
 21
3900.0
 31
0.0
  0
LINE
  5
8EF
330
17
100
AcDbEntity
  8
DUVARLAR
100
AcDbLine
 10
134275.0
 20
4700.0
 30
0.0
 11
134425.0
 21
4700.0
 31
0.0
  0
LINE
  5
8F0
330
17
100
AcDbEntity
  8
KAPI-PENCERE
100
AcDbLine
 10
134350.0
 20
3900.0
 30
0.0
 11
133550.0
 21
3900.0
 31
0.0
  0
ARC
  5
8F1
330
17
100
AcDbEntity
  8
KAPI-PENCERE
100
AcDbCircle
 10
134350.0
 20
3900.0
 30
0.0
 40
800.0
100
AcDbArc
 50
90.0
 51
180.0
  0
LINE
  5
8F2
330
17
100
AcDbEntity
  8
DUVARLAR
100
AcDbLine
 10
134275.0
 20
12375.0
 30
0.0
 11
134275.0
 21
12800.0
 31
0.0
  0
LINE
  5
8F3
330
17
100
AcDbEntity
  8
DUVARLAR
100
AcDbLine
 10
134275.0
 20
13600.0
 30
0.0
 11
134275.0
 21
17400.0
 31
0.0
  0
LINE
  5
8F4
330
17
100
AcDbEntity
  8
DUVARLAR
100
AcDbLine
 10
134425.0
 20
12375.0
 30
0.0
 11
134425.0
 21
12800.0
 31
0.0
  0
LINE
  5
8F5
330
17
100
AcDbEntity
  8
DUVARLAR
100
AcDbLine
 10
134425.0
 20
13600.0
 30
0.0
 11
134425.0
 21
17400.0
 31
0.0
  0
LINE
  5
8F6
330
17
100
AcDbEntity
  8
DUVARLAR
100
AcDbLine
 10
134275.0
 20
12800.0
 30
0.0
 11
134425.0
 21
12800.0
 31
0.0
  0
LINE
  5
8F7
330
17
100
AcDbEntity
  8
DUVARLAR
100
AcDbLine
 10
134275.0
 20
13600.0
 30
0.0
 11
134425.0
 21
13600.0
 31
0.0
  0
LINE
  5
8F8
330
17
100
AcDbEntity
  8
KAPI-PENCERE
100
AcDbLine
 10
134350.0
 20
12800.0
 30
0.0
 11
135150.0
 21
12800.0
 31
0.0
  0
ARC
  5
8F9
330
17
100
AcDbEntity
  8
KAPI-PENCERE
100
AcDbCircle
 10
134350.0
 20
12800.0
 30
0.0
 40
800.0
100
AcDbArc
 50
-0.0
 51
90.0
  0
LINE
  5
8FA
330
17
100
AcDbEntity
  8
DUVARLAR
100
AcDbLine
 10
136300.0
 20
8400.0
 30
0.0
 11
136300.0
 21
12400.0
 31
0.0
  0
LINE
  5
8FB
330
17
100
AcDbEntity
  8
DUVARLAR
100
AcDbLine
 10
136500.0
 20
8400.0
 30
0.0
 11
136500.0
 21
12200.0
 31
0.0
  0
LINE
  5
8FC
330
17
100
AcDbEntity
  8
DUVARLAR
100
AcDbLine
 10
137375.0
 20
100.0
 30
0.0
 11
137375.0
 21
3275.0
 31
0.0
  0
LINE
  5
8FD
330
17
100
AcDbEntity
  8
DUVARLAR
100
AcDbLine
 10
137525.0
 20
100.0
 30
0.0
 11
137525.0
 21
3275.0
 31
0.0
  0
LINE
  5
8FE
330
17
100
AcDbEntity
  8
DUVARLAR
100
AcDbLine
 10
139125.0
 20
1775.0
 30
0.0
 11
139125.0
 21
3275.0
 31
0.0
  0
LINE
  5
8FF
330
17
100
AcDbEntity
  8
DUVARLAR
100
AcDbLine
 10
139275.0
 20
1625.0
 30
0.0
 11
139275.0
 21
3275.0
 31
0.0
  0
LINE
  5
900
330
17
100
AcDbEntity
  8
DUVARLAR
100
AcDbLine
 10
139675.0
 20
1125.0
 30
0.0
 11
139675.0
 21
1625.0
 31
0.0
  0
LINE
  5
901
330
17
100
AcDbEntity
  8
DUVARLAR
100
AcDbLine
 10
139825.0
 20
975.0
 30
0.0
 11
139825.0
 21
1625.0
 31
0.0
  0
LINE
  5
902
330
17
100
AcDbEntity
  8
DUVARLAR
100
AcDbLine
 10
140300.0
 20
100.0
 30
0.0
 11
140300.0
 21
5300.0
 31
0.0
  0
LINE
  5
903
330
17
100
AcDbEntity
  8
DUVARLAR
100
AcDbLine
 10
140300.0
 20
6200.0
 30
0.0
 11
140300.0
 21
17400.0
 31
0.0
  0
LINE
  5
904
330
17
100
AcDbEntity
  8
DUVARLAR
100
AcDbLine
 10
140500.0
 20
100.0
 30
0.0
 11
140500.0
 21
5300.0
 31
0.0
  0
LINE
  5
905
330
17
100
AcDbEntity
  8
DUVARLAR
100
AcDbLine
 10
140500.0
 20
6200.0
 30
0.0
 11
140500.0
 21
17400.0
 31
0.0
  0
LINE
  5
906
330
17
100
AcDbEntity
  8
DUVARLAR
100
AcDbLine
 10
140300.0
 20
5300.0
 30
0.0
 11
140500.0
 21
5300.0
 31
0.0
  0
LINE
  5
907
330
17
100
AcDbEntity
  8
DUVARLAR
100
AcDbLine
 10
140300.0
 20
6200.0
 30
0.0
 11
140500.0
 21
6200.0
 31
0.0
  0
LINE
  5
908
330
17
100
AcDbEntity
  8
KAPI-PENCERE
100
AcDbLine
 10
140400.0
 20
5300.0
 30
0.0
 11
141300.0
 21
5300.0
 31
0.0
  0
ARC
  5
909
330
17
100
AcDbEntity
  8
KAPI-PENCERE
100
AcDbCircle
 10
140400.0
 20
5300.0
 30
0.0
 40
900.0
100
AcDbArc
 50
-0.0
 51
90.0
  0
LINE
  5
90A
330
17
100
AcDbEntity
  8
DUVARLAR
100
AcDbLine
 10
142225.0
 20
4375.0
 30
0.0
 11
142225.0
 21
6400.0
 31
0.0
  0
LINE
  5
90B
330
17
100
AcDbEntity
  8
DUVARLAR
100
AcDbLine
 10
142225.0
 20
7200.0
 30
0.0
 11
142225.0
 21
9850.0
 31
0.0
  0
LINE
  5
90C
330
17
100
AcDbEntity
  8
DUVARLAR
100
AcDbLine
 10
142225.0
 20
10550.0
 30
0.0
 11
142225.0
 21
11350.0
 31
0.0
  0
LINE
  5
90D
330
17
100
AcDbEntity
  8
DUVARLAR
100
AcDbLine
 10
142225.0
 20
12050.0
 30
0.0
 11
142225.0
 21
13225.0
 31
0.0
  0
LINE
  5
90E
330
17
100
AcDbEntity
  8
DUVARLAR
100
AcDbLine
 10
142375.0
 20
4375.0
 30
0.0
 11
142375.0
 21
6400.0
 31
0.0
  0
LINE
  5
90F
330
17
100
AcDbEntity
  8
DUVARLAR
100
AcDbLine
 10
142375.0
 20
7200.0
 30
0.0
 11
142375.0
 21
9850.0
 31
0.0
  0
LINE
  5
910
330
17
100
AcDbEntity
  8
DUVARLAR
100
AcDbLine
 10
142375.0
 20
10550.0
 30
0.0
 11
142375.0
 21
11350.0
 31
0.0
  0
LINE
  5
911
330
17
100
AcDbEntity
  8
DUVARLAR
100
AcDbLine
 10
142375.0
 20
12050.0
 30
0.0
 11
142375.0
 21
13225.0
 31
0.0
  0
LINE
  5
912
330
17
100
AcDbEntity
  8
DUVARLAR
100
AcDbLine
 10
142225.0
 20
6400.0
 30
0.0
 11
142375.0
 21
6400.0
 31
0.0
  0
LINE
  5
913
330
17
100
AcDbEntity
  8
DUVARLAR
100
AcDbLine
 10
142225.0
 20
7200.0
 30
0.0
 11
142375.0
 21
7200.0
 31
0.0
  0
LINE
  5
914
330
17
100
AcDbEntity
  8
KAPI-PENCERE
100
AcDbLine
 10
142300.0
 20
6400.0
 30
0.0
 11
143100.0
 21
6400.0
 31
0.0
  0
ARC
  5
915
330
17
100
AcDbEntity
  8
KAPI-PENCERE
100
AcDbCircle
 10
142300.0
 20
6400.0
 30
0.0
 40
800.0
100
AcDbArc
 50
-0.0
 51
90.0
  0
LINE
  5
916
330
17
100
AcDbEntity
  8
DUVARLAR
100
AcDbLine
 10
142225.0
 20
9850.0
 30
0.0
 11
142375.0
 21
9850.0
 31
0.0
  0
LINE
  5
917
330
17
100
AcDbEntity
  8
DUVARLAR
100
AcDbLine
 10
142225.0
 20
10550.0
 30
0.0
 11
142375.0
 21
10550.0
 31
0.0
  0
LINE
  5
918
330
17
100
AcDbEntity
  8
KAPI-PENCERE
100
AcDbLine
 10
142300.0
 20
9850.0
 30
0.0
 11
143000.0
 21
9850.0
 31
0.0
  0
ARC
  5
919
330
17
100
AcDbEntity
  8
KAPI-PENCERE
100
AcDbCircle
 10
142300.0
 20
9850.0
 30
0.0
 40
700.0
100
AcDbArc
 50
-0.0
 51
90.0
  0
LINE
  5
91A
330
17
100
AcDbEntity
  8
DUVARLAR
100
AcDbLine
 10
142225.0
 20
11350.0
 30
0.0
 11
142375.0
 21
11350.0
 31
0.0
  0
LINE
  5
91B
330
17
100
AcDbEntity
  8
DUVARLAR
100
AcDbLine
 10
142225.0
 20
12050.0
 30
0.0
 11
142375.0
 21
12050.0
 31
0.0
  0
LINE
  5
91C
330
17
100
AcDbEntity
  8
KAPI-PENCERE
100
AcDbLine
 10
142300.0
 20
11350.0
 30
0.0
 11
143000.0
 21
11350.0
 31
0.0
  0
ARC
  5
91D
330
17
100
AcDbEntity
  8
KAPI-PENCERE
100
AcDbCircle
 10
142300.0
 20
11350.0
 30
0.0
 40
700.0
100
AcDbArc
 50
-0.0
 51
90.0
  0
LINE
  5
91E
330
17
100
AcDbEntity
  8
DUVARLAR
100
AcDbLine
 10
144275.0
 20
10650.0
 30
0.0
 11
144275.0
 21
11300.0
 31
0.0
  0
LINE
  5
91F
330
17
100
AcDbEntity
  8
DUVARLAR
100
AcDbLine
 10
144425.0
 20
10500.0
 30
0.0
 11
144425.0
 21
11150.0
 31
0.0
  0
LINE
  5
920
330
17
100
AcDbEntity
  8
DUVARLAR
100
AcDbLine
 10
144925.0
 20
9575.0
 30
0.0
 11
144925.0
 21
13225.0
 31
0.0
  0
LINE
  5
921
330
17
100
AcDbEntity
  8
DUVARLAR
100
AcDbLine
 10
145075.0
 20
9425.0
 30
0.0
 11
145075.0
 21
13225.0
 31
0.0
  0
LINE
  5
922
330
17
100
AcDbEntity
  8
DUVARLAR
100
AcDbLine
 10
147250.0
 20
100.0
 30
0.0
 11
147250.0
 21
1450.0
 31
0.0
  0
LINE
  5
923
330
17
100
AcDbEntity
  8
DUVARLAR
100
AcDbLine
 10
147250.0
 20
2850.0
 30
0.0
 11
147250.0
 21
6000.0
 31
0.0
  0
LINE
  5
924
330
17
100
AcDbEntity
  8
DUVARLAR
100
AcDbLine
 10
147250.0
 20
7800.0
 30
0.0
 11
147250.0
 21
10800.0
 31
0.0
  0
LINE
  5
925
330
17
100
AcDbEntity
  8
DUVARLAR
100
AcDbLine
 10
147250.0
 20
12000.0
 30
0.0
 11
147250.0
 21
14700.0
 31
0.0
  0
LINE
  5
926
330
17
100
AcDbEntity
  8
DUVARLAR
100
AcDbLine
 10
147250.0
 20
16100.0
 30
0.0
 11
147250.0
 21
17400.0
 31
0.0
  0
LINE
  5
927
330
17
100
AcDbEntity
  8
DUVARLAR
100
AcDbLine
 10
147450.0
 20
-100.0
 30
0.0
 11
147450.0
 21
1450.0
 31
0.0
  0
LINE
  5
928
330
17
100
AcDbEntity
  8
DUVARLAR
100
AcDbLine
 10
147450.0
 20
2850.0
 30
0.0
 11
147450.0
 21
6000.0
 31
0.0
  0
LINE
  5
929
330
17
100
AcDbEntity
  8
DUVARLAR
100
AcDbLine
 10
147450.0
 20
7800.0
 30
0.0
 11
147450.0
 21
10800.0
 31
0.0
  0
LINE
  5
92A
330
17
100
AcDbEntity
  8
DUVARLAR
100
AcDbLine
 10
147450.0
 20
12000.0
 30
0.0
 11
147450.0
 21
14700.0
 31
0.0
  0
LINE
  5
92B
330
17
100
AcDbEntity
  8
DUVARLAR
100
AcDbLine
 10
147450.0
 20
16100.0
 30
0.0
 11
147450.0
 21
17600.0
 31
0.0
  0
LINE
  5
92C
330
17
100
AcDbEntity
  8
DUVARLAR
100
AcDbLine
 10
147250.0
 20
1450.0
 30
0.0
 11
147450.0
 21
1450.0
 31
0.0
  0
LINE
  5
92D
330
17
100
AcDbEntity
  8
DUVARLAR
100
AcDbLine
 10
147250.0
 20
2850.0
 30
0.0
 11
147450.0
 21
2850.0
 31
0.0
  0
LINE
  5
92E
330
17
100
AcDbEntity
  8
KAPI-PENCERE
100
AcDbLine
 10
147400.0
 20
1450.0
 30
0.0
 11
147400.0
 21
2850.0
 31
0.0
  0
LINE
  5
92F
330
17
100
AcDbEntity
  8
KAPI-PENCERE
100
AcDbLine
 10
147300.0
 20
1450.0
 30
0.0
 11
147300.0
 21
2850.0
 31
0.0
  0
LINE
  5
930
330
17
100
AcDbEntity
  8
DUVARLAR
100
AcDbLine
 10
147250.0
 20
6000.0
 30
0.0
 11
147450.0
 21
6000.0
 31
0.0
  0
LINE
  5
931
330
17
100
AcDbEntity
  8
DUVARLAR
100
AcDbLine
 10
147250.0
 20
7800.0
 30
0.0
 11
147450.0
 21
7800.0
 31
0.0
  0
LINE
  5
932
330
17
100
AcDbEntity
  8
KAPI-PENCERE
100
AcDbLine
 10
147400.0
 20
6000.0
 30
0.0
 11
147400.0
 21
7800.0
 31
0.0
  0
LINE
  5
933
330
17
100
AcDbEntity
  8
KAPI-PENCERE
100
AcDbLine
 10
147300.0
 20
6000.0
 30
0.0
 11
147300.0
 21
7800.0
 31
0.0
  0
LINE
  5
934
330
17
100
AcDbEntity
  8
DUVARLAR
100
AcDbLine
 10
147250.0
 20
10800.0
 30
0.0
 11
147450.0
 21
10800.0
 31
0.0
  0
LINE
  5
935
330
17
100
AcDbEntity
  8
DUVARLAR
100
AcDbLine
 10
147250.0
 20
12000.0
 30
0.0
 11
147450.0
 21
12000.0
 31
0.0
  0
LINE
  5
936
330
17
100
AcDbEntity
  8
KAPI-PENCERE
100
AcDbLine
 10
147400.0
 20
10800.0
 30
0.0
 11
147400.0
 21
12000.0
 31
0.0
  0
LINE
  5
937
330
17
100
AcDbEntity
  8
KAPI-PENCERE
100
AcDbLine
 10
147300.0
 20
10800.0
 30
0.0
 11
147300.0
 21
12000.0
 31
0.0
  0
LINE
  5
938
330
17
100
AcDbEntity
  8
DUVARLAR
100
AcDbLine
 10
147250.0
 20
14700.0
 30
0.0
 11
147450.0
 21
14700.0
 31
0.0
  0
LINE
  5
939
330
17
100
AcDbEntity
  8
DUVARLAR
100
AcDbLine
 10
147250.0
 20
16100.0
 30
0.0
 11
147450.0
 21
16100.0
 31
0.0
  0
LINE
  5
93A
330
17
100
AcDbEntity
  8
KAPI-PENCERE
100
AcDbLine
 10
147400.0
 20
14700.0
 30
0.0
 11
147400.0
 21
16100.0
 31
0.0
  0
LINE
  5
93B
330
17
100
AcDbEntity
  8
KAPI-PENCERE
100
AcDbLine
 10
147300.0
 20
14700.0
 30
0.0
 11
147300.0
 21
16100.0
 31
0.0
  0
INSERT
  5
93C
330
17
100
AcDbEntity
  8
METIN
100
AcDbBlockReference
 66
1
  2
MAHAL_ETIKET
 10
135350.0
 20
9800.0
 30
0.0
 41
2.0
 42
2.0
  0
ATTRIB
  5
93E
330
17
100
AcDbEntity
  8
METIN
100
AcDbText
 10
135350.0
 20
10036.0
 30
0.0
 40
200.0
  1
ASANSOR
 72
1
 11
135350.0
 21
10036.0
 31
0.0
100
AcDbAttribute
  2
MAHAL_ADI
 70
0
 74
2
  0
ATTRIB
  5
93F
330
17
100
AcDbEntity
  8
METIN
100
AcDbText
 10
135350.0
 20
9778.0
 30
0.0
 40
156.0
  1
K2-01
 72
1
 11
135350.0
 21
9778.0
 31
0.0
100
AcDbAttribute
  2
MAHAL_KOD
 70
0
 74
2
  0
ATTRIB
  5
940
330
17
100
AcDbEntity
  8
METIN
100
AcDbText
 10
135350.0
 20
9542.0
 30
0.0
 40
156.0
  1
5.3 m2
 72
1
 11
135350.0
 21
9542.0
 31
0.0
100
AcDbAttribute
  2
ALAN
 70
0
 74
2
  0
SEQEND
  5
93D
330
93C
100
AcDbEntity
  8
METIN
  0
INSERT
  5
941
330
17
100
AcDbEntity
  8
METIN
100
AcDbBlockReference
 66
1
  2
MAHAL_ETIKET
 10
138400.0
 20
10300.0
 30
0.0
 41
2.0
 42
2.0
  0
ATTRIB
  5
943
330
17
100
AcDbEntity
  8
METIN
100
AcDbText
 10
138400.0
 20
10536.0
 30
0.0
 40
200.0
  1
MERDIVEN
 72
1
 11
138400.0
 21
10536.0
 31
0.0
100
AcDbAttribute
  2
MAHAL_ADI
 70
0
 74
2
  0
ATTRIB
  5
944
330
17
100
AcDbEntity
  8
METIN
100
AcDbText
 10
138400.0
 20
10278.0
 30
0.0
 40
156.0
  1
K2-02
 72
1
 11
138400.0
 21
10278.0
 31
0.0
100
AcDbAttribute
  2
MAHAL_KOD
 70
0
 74
2
  0
ATTRIB
  5
945
330
17
100
AcDbEntity
  8
METIN
100
AcDbText
 10
138400.0
 20
10042.0
 30
0.0
 40
156.0
  1
14.4 m2
 72
1
 11
138400.0
 21
10042.0
 31
0.0
100
AcDbAttribute
  2
ALAN
 70
0
 74
2
  0
SEQEND
  5
942
330
941
100
AcDbEntity
  8
METIN
  0
INSERT
  5
946
330
17
100
AcDbEntity
  8
METIN
100
AcDbBlockReference
 66
1
  2
MAHAL_ETIKET
 10
137350.0
 20
6775.0
 30
0.0
 41
2.0
 42
2.0
  0
ATTRIB
  5
948
330
17
100
AcDbEntity
  8
METIN
100
AcDbText
 10
137350.0
 20
7011.0
 30
0.0
 40
200.0
  1
KAT HOLU
 72
1
 11
137350.0
 21
7011.0
 31
0.0
100
AcDbAttribute
  2
MAHAL_ADI
 70
0
 74
2
  0
ATTRIB
  5
949
330
17
100
AcDbEntity
  8
METIN
100
AcDbText
 10
137350.0
 20
6753.0
 30
0.0
 40
156.0
  1
K2-03
 72
1
 11
137350.0
 21
6753.0
 31
0.0
100
AcDbAttribute
  2
MAHAL_KOD
 70
0
 74
2
  0
ATTRIB
  5
94A
330
17
100
AcDbEntity
  8
METIN
100
AcDbText
 10
137350.0
 20
6517.0
 30
0.0
 40
156.0
  1
16.8 m2
 72
1
 11
137350.0
 21
6517.0
 31
0.0
100
AcDbAttribute
  2
ALAN
 70
0
 74
2
  0
SEQEND
  5
947
330
946
100
AcDbEntity
  8
METIN
  0
INSERT
  5
94B
330
17
100
AcDbEntity
  8
METIN
100
AcDbBlockReference
 66
1
  2
MAHAL_ETIKET
 10
141350.0
 20
8800.0
 30
0.0
 41
2.0
 42
2.0
  0
ATTRIB
  5
94D
330
17
100
AcDbEntity
  8
METIN
100
AcDbText
 10
141350.0
 20
9036.0
 30
0.0
 40
200.0
  1
HOL
 72
1
 11
141350.0
 21
9036.0
 31
0.0
100
AcDbAttribute
  2
MAHAL_ADI
 70
0
 74
2
  0
ATTRIB
  5
94E
330
17
100
AcDbEntity
  8
METIN
100
AcDbText
 10
141350.0
 20
8778.0
 30
0.0
 40
156.0
  1
K2-04
 72
1
 11
141350.0
 21
8778.0
 31
0.0
100
AcDbAttribute
  2
MAHAL_KOD
 70
0
 74
2
  0
ATTRIB
  5
94F
330
17
100
AcDbEntity
  8
METIN
100
AcDbText
 10
141350.0
 20
8542.0
 30
0.0
 40
156.0
  1
15.3 m2
 72
1
 11
141350.0
 21
8542.0
 31
0.0
100
AcDbAttribute
  2
ALAN
 70
0
 74
2
  0
SEQEND
  5
94C
330
94B
100
AcDbEntity
  8
METIN
  0
INSERT
  5
950
330
17
100
AcDbEntity
  8
METIN
100
AcDbBlockReference
 66
1
  2
MAHAL_ETIKET
 10
143875.0
 20
2150.0
 30
0.0
 41
2.0
 42
2.0
  0
ATTRIB
  5
952
330
17
100
AcDbEntity
  8
METIN
100
AcDbText
 10
143875.0
 20
2386.0
 30
0.0
 40
200.0
  1
ODA 2
 72
1
 11
143875.0
 21
2386.0
 31
0.0
100
AcDbAttribute
  2
MAHAL_ADI
 70
0
 74
2
  0
ATTRIB
  5
953
330
17
100
AcDbEntity
  8
METIN
100
AcDbText
 10
143875.0
 20
2128.0
 30
0.0
 40
156.0
  1
K2-05
 72
1
 11
143875.0
 21
2128.0
 31
0.0
100
AcDbAttribute
  2
MAHAL_KOD
 70
0
 74
2
  0
ATTRIB
  5
954
330
17
100
AcDbEntity
  8
METIN
100
AcDbText
 10
143875.0
 20
1892.0
 30
0.0
 40
156.0
  1
27.8 m2
 72
1
 11
143875.0
 21
1892.0
 31
0.0
100
AcDbAttribute
  2
ALAN
 70
0
 74
2
  0
SEQEND
  5
951
330
950
100
AcDbEntity
  8
METIN
  0
INSERT
  5
955
330
17
100
AcDbEntity
  8
METIN
100
AcDbBlockReference
 66
1
  2
MAHAL_ETIKET
 10
144825.0
 20
6900.0
 30
0.0
 41
2.0
 42
2.0
  0
ATTRIB
  5
957
330
17
100
AcDbEntity
  8
METIN
100
AcDbText
 10
144825.0
 20
7136.0
 30
0.0
 40
200.0
  1
SALON
 72
1
 11
144825.0
 21
7136.0
 31
0.0
100
AcDbAttribute
  2
MAHAL_ADI
 70
0
 74
2
  0
ATTRIB
  5
958
330
17
100
AcDbEntity
  8
METIN
100
AcDbText
 10
144825.0
 20
6878.0
 30
0.0
 40
156.0
  1
K2-06
 72
1
 11
144825.0
 21
6878.0
 31
0.0
100
AcDbAttribute
  2
MAHAL_KOD
 70
0
 74
2
  0
ATTRIB
  5
959
330
17
100
AcDbEntity
  8
METIN
100
AcDbText
 10
144825.0
 20
6642.0
 30
0.0
 40
156.0
  1
24.6 m2
 72
1
 11
144825.0
 21
6642.0
 31
0.0
100
AcDbAttribute
  2
ALAN
 70
0
 74
2
  0
SEQEND
  5
956
330
955
100
AcDbEntity
  8
METIN
  0
INSERT
  5
95A
330
17
100
AcDbEntity
  8
METIN
100
AcDbBlockReference
 66
1
  2
MAHAL_ETIKET
 10
143650.0
 20
10200.0
 30
0.0
 41
2.0
 42
2.0
  0
ATTRIB
  5
95C
330
17
100
AcDbEntity
  8
METIN
100
AcDbText
 10
143650.0
 20
10436.0
 30
0.0
 40
200.0
  1
WC
 72
1
 11
143650.0
 21
10436.0
 31
0.0
100
AcDbAttribute
  2
MAHAL_ADI
 70
0
 74
2
  0
ATTRIB
  5
95D
330
17
100
AcDbEntity
  8
METIN
100
AcDbText
 10
143650.0
 20
10178.0
 30
0.0
 40
156.0
  1
K2-07
 72
1
 11
143650.0
 21
10178.0
 31
0.0
100
AcDbAttribute
  2
MAHAL_KOD
 70
0
 74
2
  0
ATTRIB
  5
95E
330
17
100
AcDbEntity
  8
METIN
100
AcDbText
 10
143650.0
 20
9942.0
 30
0.0
 40
156.0
  1
3.0 m2
 72
1
 11
143650.0
 21
9942.0
 31
0.0
100
AcDbAttribute
  2
ALAN
 70
0
 74
2
  0
SEQEND
  5
95B
330
95A
100
AcDbEntity
  8
METIN
  0
INSERT
  5
95F
330
17
100
AcDbEntity
  8
METIN
100
AcDbBlockReference
 66
1
  2
MAHAL_ETIKET
 10
143500.0
 20
12100.0
 30
0.0
 41
2.0
 42
2.0
  0
ATTRIB
  5
961
330
17
100
AcDbEntity
  8
METIN
100
AcDbText
 10
143500.0
 20
12336.0
 30
0.0
 40
200.0
  1
BANYO
 72
1
 11
143500.0
 21
12336.0
 31
0.0
100
AcDbAttribute
  2
MAHAL_ADI
 70
0
 74
2
  0
ATTRIB
  5
962
330
17
100
AcDbEntity
  8
METIN
100
AcDbText
 10
143500.0
 20
12078.0
 30
0.0
 40
156.0
  1
K2-08
 72
1
 11
143500.0
 21
12078.0
 31
0.0
100
AcDbAttribute
  2
MAHAL_KOD
 70
0
 74
2
  0
ATTRIB
  5
963
330
17
100
AcDbEntity
  8
METIN
100
AcDbText
 10
143500.0
 20
11842.0
 30
0.0
 40
156.0
  1
5.5 m2
 72
1
 11
143500.0
 21
11842.0
 31
0.0
100
AcDbAttribute
  2
ALAN
 70
0
 74
2
  0
SEQEND
  5
960
330
95F
100
AcDbEntity
  8
METIN
  0
INSERT
  5
964
330
17
100
AcDbEntity
  8
METIN
100
AcDbBlockReference
 66
1
  2
MAHAL_ETIKET
 10
144675.0
 20
10900.0
 30
0.0
 41
0.6640655579040258
 42
0.6640655579040258
  0
ATTRIB
  5
966
330
17
100
AcDbEntity
  8
METIN
100
AcDbText
 10
144675.0
 20
10978.359735832675
 30
0.0
 40
66.40655579040258
  1
SAFT
 72
1
 11
144675.0
 21
10978.359735832675
 31
0.0
100
AcDbAttribute
  2
MAHAL_ADI
 70
0
 74
2
  0
ATTRIB
  5
967
330
17
100
AcDbEntity
  8
METIN
100
AcDbText
 10
144675.0
 20
10892.695278863055
 30
0.0
 40
51.79711351651401
  1
K2-09
 72
1
 11
144675.0
 21
10892.695278863055
 31
0.0
100
AcDbAttribute
  2
MAHAL_KOD
 70
0
 74
2
  0
ATTRIB
  5
968
330
17
100
AcDbEntity
  8
METIN
100
AcDbText
 10
144675.0
 20
10814.33554303038
 30
0.0
 40
51.79711351651401
  1
0.2 m2
 72
1
 11
144675.0
 21
10814.33554303038
 31
0.0
100
AcDbAttribute
  2
ALAN
 70
0
 74
2
  0
SEQEND
  5
965
330
964
100
AcDbEntity
  8
METIN
  0
INSERT
  5
969
330
17
100
AcDbEntity
  8
METIN
100
AcDbBlockReference
 66
1
  2
MAHAL_ETIKET
 10
146175.0
 20
11400.0
 30
0.0
 41
2.0
 42
2.0
  0
ATTRIB
  5
96B
330
17
100
AcDbEntity
  8
METIN
100
AcDbText
 10
146175.0
 20
11636.0
 30
0.0
 40
200.0
  1
MUTFAK
 72
1
 11
146175.0
 21
11636.0
 31
0.0
100
AcDbAttribute
  2
MAHAL_ADI
 70
0
 74
2
  0
ATTRIB
  5
96C
330
17
100
AcDbEntity
  8
METIN
100
AcDbText
 10
146175.0
 20
11378.0
 30
0.0
 40
156.0
  1
K2-10
 72
1
 11
146175.0
 21
11378.0
 31
0.0
100
AcDbAttribute
  2
MAHAL_KOD
 70
0
 74
2
  0
ATTRIB
  5
96D
330
17
100
AcDbEntity
  8
METIN
100
AcDbText
 10
146175.0
 20
11142.0
 30
0.0
 40
156.0
  1
8.1 m2
 72
1
 11
146175.0
 21
11142.0
 31
0.0
100
AcDbAttribute
  2
ALAN
 70
0
 74
2
  0
SEQEND
  5
96A
330
969
100
AcDbEntity
  8
METIN
  0
INSERT
  5
96E
330
17
100
AcDbEntity
  8
METIN
100
AcDbBlockReference
 66
1
  2
MAHAL_ETIKET
 10
143875.0
 20
15400.0
 30
0.0
 41
2.0
 42
2.0
  0
ATTRIB
  5
970
330
17
100
AcDbEntity
  8
METIN
100
AcDbText
 10
143875.0
 20
15636.0
 30
0.0
 40
200.0
  1
ODA 1
 72
1
 11
143875.0
 21
15636.0
 31
0.0
100
AcDbAttribute
  2
MAHAL_ADI
 70
0
 74
2
  0
ATTRIB
  5
971
330
17
100
AcDbEntity
  8
METIN
100
AcDbText
 10
143875.0
 20
15378.0
 30
0.0
 40
156.0
  1
K2-11
 72
1
 11
143875.0
 21
15378.0
 31
0.0
100
AcDbAttribute
  2
MAHAL_KOD
 70
0
 74
2
  0
ATTRIB
  5
972
330
17
100
AcDbEntity
  8
METIN
100
AcDbText
 10
143875.0
 20
15142.0
 30
0.0
 40
156.0
  1
27.2 m2
 72
1
 11
143875.0
 21
15142.0
 31
0.0
100
AcDbAttribute
  2
ALAN
 70
0
 74
2
  0
SEQEND
  5
96F
330
96E
100
AcDbEntity
  8
METIN
  0
INSERT
  5
973
330
17
100
AcDbEntity
  8
METIN
100
AcDbBlockReference
 66
1
  2
MAHAL_ETIKET
 10
133374.52392578125
 20
12605.82275390625
 30
0.0
 41
2.0
 42
2.0
  0
ATTRIB
  5
975
330
17
100
AcDbEntity
  8
METIN
100
AcDbText
 10
133374.52392578125
 20
12841.82275390625
 30
0.0
 40
200.0
  1
HOL
 72
1
 11
133374.52392578125
 21
12841.82275390625
 31
0.0
100
AcDbAttribute
  2
MAHAL_ADI
 70
0
 74
2
  0
ATTRIB
  5
976
330
17
100
AcDbEntity
  8
METIN
100
AcDbText
 10
133374.52392578125
 20
12583.82275390625
 30
0.0
 40
156.0
  1
K2-12
 72
1
 11
133374.52392578125
 21
12583.82275390625
 31
0.0
100
AcDbAttribute
  2
MAHAL_KOD
 70
0
 74
2
  0
ATTRIB
  5
977
330
17
100
AcDbEntity
  8
METIN
100
AcDbText
 10
133374.52392578125
 20
12347.82275390625
 30
0.0
 40
156.0
  1
15.3 m2
 72
1
 11
133374.52392578125
 21
12347.82275390625
 31
0.0
100
AcDbAttribute
  2
ALAN
 70
0
 74
2
  0
SEQEND
  5
974
330
973
100
AcDbEntity
  8
METIN
  0
INSERT
  5
978
330
17
100
AcDbEntity
  8
METIN
100
AcDbBlockReference
 66
1
  2
MAHAL_ETIKET
 10
129875.0
 20
7025.0
 30
0.0
 41
2.0
 42
2.0
  0
ATTRIB
  5
97A
330
17
100
AcDbEntity
  8
METIN
100
AcDbText
 10
129875.0
 20
7261.0
 30
0.0
 40
200.0
  1
ODA 2
 72
1
 11
129875.0
 21
7261.0
 31
0.0
100
AcDbAttribute
  2
MAHAL_ADI
 70
0
 74
2
  0
ATTRIB
  5
97B
330
17
100
AcDbEntity
  8
METIN
100
AcDbText
 10
129875.0
 20
7003.0
 30
0.0
 40
156.0
  1
K2-13
 72
1
 11
129875.0
 21
7003.0
 31
0.0
100
AcDbAttribute
  2
MAHAL_KOD
 70
0
 74
2
  0
ATTRIB
  5
97C
330
17
100
AcDbEntity
  8
METIN
100
AcDbText
 10
129875.0
 20
6767.0
 30
0.0
 40
156.0
  1
16.5 m2
 72
1
 11
129875.0
 21
6767.0
 31
0.0
100
AcDbAttribute
  2
ALAN
 70
0
 74
2
  0
SEQEND
  5
979
330
978
100
AcDbEntity
  8
METIN
  0
INSERT
  5
97D
330
17
100
AcDbEntity
  8
METIN
100
AcDbBlockReference
 66
1
  2
MAHAL_ETIKET
 10
128575.6591796875
 20
10874.5361328125
 30
0.0
 41
2.0
 42
2.0
  0
ATTRIB
  5
97F
330
17
100
AcDbEntity
  8
METIN
100
AcDbText
 10
128575.6591796875
 20
11110.5361328125
 30
0.0
 40
200.0
  1
GIYINME
 72
1
 11
128575.6591796875
 21
11110.5361328125
 31
0.0
100
AcDbAttribute
  2
MAHAL_ADI
 70
0
 74
2
  0
ATTRIB
  5
980
330
17
100
AcDbEntity
  8
METIN
100
AcDbText
 10
128575.6591796875
 20
10852.5361328125
 30
0.0
 40
156.0
  1
K2-14
 72
1
 11
128575.6591796875
 21
10852.5361328125
 31
0.0
100
AcDbAttribute
  2
MAHAL_KOD
 70
0
 74
2
  0
ATTRIB
  5
981
330
17
100
AcDbEntity
  8
METIN
100
AcDbText
 10
128575.6591796875
 20
10616.5361328125
 30
0.0
 40
156.0
  1
8.5 m2
 72
1
 11
128575.6591796875
 21
10616.5361328125
 31
0.0
100
AcDbAttribute
  2
ALAN
 70
0
 74
2
  0
SEQEND
  5
97E
330
97D
100
AcDbEntity
  8
METIN
  0
INSERT
  5
982
330
17
100
AcDbEntity
  8
METIN
100
AcDbBlockReference
 66
1
  2
MAHAL_ETIKET
 10
131400.0
 20
9500.0
 30
0.0
 41
2.0
 42
2.0
  0
ATTRIB
  5
984
330
17
100
AcDbEntity
  8
METIN
100
AcDbText
 10
131400.0
 20
9736.0
 30
0.0
 40
200.0
  1
WC
 72
1
 11
131400.0
 21
9736.0
 31
0.0
100
AcDbAttribute
  2
MAHAL_ADI
 70
0
 74
2
  0
ATTRIB
  5
985
330
17
100
AcDbEntity
  8
METIN
100
AcDbText
 10
131400.0
 20
9478.0
 30
0.0
 40
156.0
  1
K2-15
 72
1
 11
131400.0
 21
9478.0
 31
0.0
100
AcDbAttribute
  2
MAHAL_KOD
 70
0
 74
2
  0
ATTRIB
  5
986
330
17
100
AcDbEntity
  8
METIN
100
AcDbText
 10
131400.0
 20
9242.0
 30
0.0
 40
156.0
  1
2.3 m2
 72
1
 11
131400.0
 21
9242.0
 31
0.0
100
AcDbAttribute
  2
ALAN
 70
0
 74
2
  0
SEQEND
  5
983
330
982
100
AcDbEntity
  8
METIN
  0
INSERT
  5
987
330
17
100
AcDbEntity
  8
METIN
100
AcDbBlockReference
 66
1
  2
MAHAL_ETIKET
 10
131400.0
 20
11150.0
 30
0.0
 41
2.0
 42
2.0
  0
ATTRIB
  5
989
330
17
100
AcDbEntity
  8
METIN
100
AcDbText
 10
131400.0
 20
11386.0
 30
0.0
 40
200.0
  1
BANYO
 72
1
 11
131400.0
 21
11386.0
 31
0.0
100
AcDbAttribute
  2
MAHAL_ADI
 70
0
 74
2
  0
ATTRIB
  5
98A
330
17
100
AcDbEntity
  8
METIN
100
AcDbText
 10
131400.0
 20
11128.0
 30
0.0
 40
156.0
  1
K2-16
 72
1
 11
131400.0
 21
11128.0
 31
0.0
100
AcDbAttribute
  2
MAHAL_KOD
 70
0
 74
2
  0
ATTRIB
  5
98B
330
17
100
AcDbEntity
  8
METIN
100
AcDbText
 10
131400.0
 20
10892.0
 30
0.0
 40
156.0
  1
3.2 m2
 72
1
 11
131400.0
 21
10892.0
 31
0.0
100
AcDbAttribute
  2
ALAN
 70
0
 74
2
  0
SEQEND
  5
988
330
987
100
AcDbEntity
  8
METIN
  0
INSERT
  5
98C
330
17
100
AcDbEntity
  8
METIN
100
AcDbBlockReference
 66
1
  2
MAHAL_ETIKET
 10
130075.0
 20
10200.0
 30
0.0
 41
0.6640655579040258
 42
0.6640655579040258
  0
ATTRIB
  5
98E
330
17
100
AcDbEntity
  8
METIN
100
AcDbText
 10
130075.0
 20
10278.359735832675
 30
0.0
 40
66.40655579040258
  1
SAFT
 72
1
 11
130075.0
 21
10278.359735832675
 31
0.0
100
AcDbAttribute
  2
MAHAL_ADI
 70
0
 74
2
  0
ATTRIB
  5
98F
330
17
100
AcDbEntity
  8
METIN
100
AcDbText
 10
130075.0
 20
10192.695278863055
 30
0.0
 40
51.79711351651401
  1
K2-17
 72
1
 11
130075.0
 21
10192.695278863055
 31
0.0
100
AcDbAttribute
  2
MAHAL_KOD
 70
0
 74
2
  0
ATTRIB
  5
990
330
17
100
AcDbEntity
  8
METIN
100
AcDbText
 10
130075.0
 20
10114.33554303038
 30
0.0
 40
51.79711351651401
  1
0.2 m2
 72
1
 11
130075.0
 21
10114.33554303038
 31
0.0
100
AcDbAttribute
  2
ALAN
 70
0
 74
2
  0
SEQEND
  5
98D
330
98C
100
AcDbEntity
  8
METIN
  0
INSERT
  5
991
330
17
100
AcDbEntity
  8
METIN
100
AcDbBlockReference
 66
1
  2
MAHAL_ETIKET
 10
135350.0
 20
11800.0
 30
0.0
 41
1.7857142857142856
 42
1.7857142857142856
  0
ATTRIB
  5
993
330
17
100
AcDbEntity
  8
METIN
100
AcDbText
 10
135350.0
 20
12010.714285714286
 30
0.0
 40
178.57142857142856
  1
DEPO
 72
1
 11
135350.0
 21
12010.714285714286
 31
0.0
100
AcDbAttribute
  2
MAHAL_ADI
 70
0
 74
2
  0
ATTRIB
  5
994
330
17
100
AcDbEntity
  8
METIN
100
AcDbText
 10
135350.0
 20
11780.357142857143
 30
0.0
 40
139.28571428571428
  1
K2-18
 72
1
 11
135350.0
 21
11780.357142857143
 31
0.0
100
AcDbAttribute
  2
MAHAL_KOD
 70
0
 74
2
  0
ATTRIB
  5
995
330
17
100
AcDbEntity
  8
METIN
100
AcDbText
 10
135350.0
 20
11569.642857142857
 30
0.0
 40
139.28571428571428
  1
1.6 m2
 72
1
 11
135350.0
 21
11569.642857142857
 31
0.0
100
AcDbAttribute
  2
ALAN
 70
0
 74
2
  0
SEQEND
  5
992
330
991
100
AcDbEntity
  8
METIN
  0
INSERT
  5
996
330
17
100
AcDbEntity
  8
METIN
100
AcDbBlockReference
 66
1
  2
MAHAL_ETIKET
 10
129875.0
 20
14800.0
 30
0.0
 41
2.0
 42
2.0
  0
ATTRIB
  5
998
330
17
100
AcDbEntity
  8
METIN
100
AcDbText
 10
129875.0
 20
15036.0
 30
0.0
 40
200.0
  1
SALON
 72
1
 11
129875.0
 21
15036.0
 31
0.0
100
AcDbAttribute
  2
MAHAL_ADI
 70
0
 74
2
  0
ATTRIB
  5
999
330
17
100
AcDbEntity
  8
METIN
100
AcDbText
 10
129875.0
 20
14778.0
 30
0.0
 40
156.0
  1
K2-19
 72
1
 11
129875.0
 21
14778.0
 31
0.0
100
AcDbAttribute
  2
MAHAL_KOD
 70
0
 74
2
  0
ATTRIB
  5
99A
330
17
100
AcDbEntity
  8
METIN
100
AcDbText
 10
129875.0
 20
14542.0
 30
0.0
 40
156.0
  1
25.5 m2
 72
1
 11
129875.0
 21
14542.0
 31
0.0
100
AcDbAttribute
  2
ALAN
 70
0
 74
2
  0
SEQEND
  5
997
330
996
100
AcDbEntity
  8
METIN
  0
INSERT
  5
99B
330
17
100
AcDbEntity
  8
METIN
100
AcDbBlockReference
 66
1
  2
MAHAL_ETIKET
 10
133375.0
 20
15850.0
 30
0.0
 41
2.0
 42
2.0
  0
ATTRIB
  5
99D
330
17
100
AcDbEntity
  8
METIN
100
AcDbText
 10
133375.0
 20
16086.0
 30
0.0
 40
200.0
  1
MUTFAK
 72
1
 11
133375.0
 21
16086.0
 31
0.0
100
AcDbAttribute
  2
MAHAL_ADI
 70
0
 74
2
  0
ATTRIB
  5
99E
330
17
100
AcDbEntity
  8
METIN
100
AcDbText
 10
133375.0
 20
15828.0
 30
0.0
 40
156.0
  1
K2-20
 72
1
 11
133375.0
 21
15828.0
 31
0.0
100
AcDbAttribute
  2
MAHAL_KOD
 70
0
 74
2
  0
ATTRIB
  5
99F
330
17
100
AcDbEntity
  8
METIN
100
AcDbText
 10
133375.0
 20
15592.0
 30
0.0
 40
156.0
  1
5.9 m2
 72
1
 11
133375.0
 21
15592.0
 31
0.0
100
AcDbAttribute
  2
ALAN
 70
0
 74
2
  0
SEQEND
  5
99C
330
99B
100
AcDbEntity
  8
METIN
  0
INSERT
  5
9A0
330
17
100
AcDbEntity
  8
METIN
100
AcDbBlockReference
 66
1
  2
MAHAL_ETIKET
 10
137375.0
 20
14900.0
 30
0.0
 41
2.0
 42
2.0
  0
ATTRIB
  5
9A2
330
17
100
AcDbEntity
  8
METIN
100
AcDbText
 10
137375.0
 20
15136.0
 30
0.0
 40
200.0
  1
ODA 1
 72
1
 11
137375.0
 21
15136.0
 31
0.0
100
AcDbAttribute
  2
MAHAL_ADI
 70
0
 74
2
  0
ATTRIB
  5
9A3
330
17
100
AcDbEntity
  8
METIN
100
AcDbText
 10
137375.0
 20
14878.0
 30
0.0
 40
156.0
  1
K2-21
 72
1
 11
137375.0
 21
14878.0
 31
0.0
100
AcDbAttribute
  2
MAHAL_KOD
 70
0
 74
2
  0
ATTRIB
  5
9A4
330
17
100
AcDbEntity
  8
METIN
100
AcDbText
 10
137375.0
 20
14642.0
 30
0.0
 40
156.0
  1
29.4 m2
 72
1
 11
137375.0
 21
14642.0
 31
0.0
100
AcDbAttribute
  2
ALAN
 70
0
 74
2
  0
SEQEND
  5
9A1
330
9A0
100
AcDbEntity
  8
METIN
  0
INSERT
  5
9A5
330
17
100
AcDbEntity
  8
METIN
100
AcDbBlockReference
 66
1
  2
MAHAL_ETIKET
 10
137375.0
 20
4300.0
 30
0.0
 41
2.0
 42
2.0
  0
ATTRIB
  5
9A7
330
17
100
AcDbEntity
  8
METIN
100
AcDbText
 10
137375.0
 20
4536.0
 30
0.0
 40
200.0
  1
HOL
 72
1
 11
137375.0
 21
4536.0
 31
0.0
100
AcDbAttribute
  2
MAHAL_ADI
 70
0
 74
2
  0
ATTRIB
  5
9A8
330
17
100
AcDbEntity
  8
METIN
100
AcDbText
 10
137375.0
 20
4278.0
 30
0.0
 40
156.0
  1
K2-22
 72
1
 11
137375.0
 21
4278.0
 31
0.0
100
AcDbAttribute
  2
MAHAL_KOD
 70
0
 74
2
  0
ATTRIB
  5
9A9
330
17
100
AcDbEntity
  8
METIN
100
AcDbText
 10
137375.0
 20
4042.0
 30
0.0
 40
156.0
  1
10.1 m2
 72
1
 11
137375.0
 21
4042.0
 31
0.0
100
AcDbAttribute
  2
ALAN
 70
0
 74
2
  0
SEQEND
  5
9A6
330
9A5
100
AcDbEntity
  8
METIN
  0
INSERT
  5
9AA
330
17
100
AcDbEntity
  8
METIN
100
AcDbBlockReference
 66
1
  2
MAHAL_ETIKET
 10
132150.0
 20
2625.0
 30
0.0
 41
2.0
 42
2.0
  0
ATTRIB
  5
9AC
330
17
100
AcDbEntity
  8
METIN
100
AcDbText
 10
132150.0
 20
2861.0
 30
0.0
 40
200.0
  1
SALON
 72
1
 11
132150.0
 21
2861.0
 31
0.0
100
AcDbAttribute
  2
MAHAL_ADI
 70
0
 74
2
  0
ATTRIB
  5
9AD
330
17
100
AcDbEntity
  8
METIN
100
AcDbText
 10
132150.0
 20
2603.0
 30
0.0
 40
156.0
  1
K2-23
 72
1
 11
132150.0
 21
2603.0
 31
0.0
100
AcDbAttribute
  2
MAHAL_KOD
 70
0
 74
2
  0
ATTRIB
  5
9AE
330
17
100
AcDbEntity
  8
METIN
100
AcDbText
 10
132150.0
 20
2367.0
 30
0.0
 40
156.0
  1
21.8 m2
 72
1
 11
132150.0
 21
2367.0
 31
0.0
100
AcDbAttribute
  2
ALAN
 70
0
 74
2
  0
SEQEND
  5
9AB
330
9AA
100
AcDbEntity
  8
METIN
  0
INSERT
  5
9AF
330
17
100
AcDbEntity
  8
METIN
100
AcDbBlockReference
 66
1
  2
MAHAL_ETIKET
 10
128650.0
 20
2625.0
 30
0.0
 41
2.0
 42
2.0
  0
ATTRIB
  5
9B1
330
17
100
AcDbEntity
  8
METIN
100
AcDbText
 10
128650.0
 20
2861.0
 30
0.0
 40
200.0
  1
MUTFAK
 72
1
 11
128650.0
 21
2861.0
 31
0.0
100
AcDbAttribute
  2
MAHAL_ADI
 70
0
 74
2
  0
ATTRIB
  5
9B2
330
17
100
AcDbEntity
  8
METIN
100
AcDbText
 10
128650.0
 20
2603.0
 30
0.0
 40
156.0
  1
K2-24
 72
1
 11
128650.0
 21
2603.0
 31
0.0
100
AcDbAttribute
  2
MAHAL_KOD
 70
0
 74
2
  0
ATTRIB
  5
9B3
330
17
100
AcDbEntity
  8
METIN
100
AcDbText
 10
128650.0
 20
2367.0
 30
0.0
 40
156.0
  1
12.6 m2
 72
1
 11
128650.0
 21
2367.0
 31
0.0
100
AcDbAttribute
  2
ALAN
 70
0
 74
2
  0
SEQEND
  5
9B0
330
9AF
100
AcDbEntity
  8
METIN
  0
INSERT
  5
9B4
330
17
100
AcDbEntity
  8
METIN
100
AcDbBlockReference
 66
1
  2
MAHAL_ETIKET
 10
135900.0
 20
1675.0000000000002
 30
0.0
 41
2.0
 42
2.0
  0
ATTRIB
  5
9B6
330
17
100
AcDbEntity
  8
METIN
100
AcDbText
 10
135900.0
 20
1911.0000000000002
 30
0.0
 40
200.0
  1
ODA
 72
1
 11
135900.0
 21
1911.0000000000002
 31
0.0
100
AcDbAttribute
  2
MAHAL_ADI
 70
0
 74
2
  0
ATTRIB
  5
9B7
330
17
100
AcDbEntity
  8
METIN
100
AcDbText
 10
135900.0
 20
1653.0000000000002
 30
0.0
 40
156.0
  1
K2-25
 72
1
 11
135900.0
 21
1653.0000000000002
 31
0.0
100
AcDbAttribute
  2
MAHAL_KOD
 70
0
 74
2
  0
ATTRIB
  5
9B8
330
17
100
AcDbEntity
  8
METIN
100
AcDbText
 10
135900.0
 20
1417.0000000000002
 30
0.0
 40
156.0
  1
9.4 m2
 72
1
 11
135900.0
 21
1417.0000000000002
 31
0.0
100
AcDbAttribute
  2
ALAN
 70
0
 74
2
  0
SEQEND
  5
9B5
330
9B4
100
AcDbEntity
  8
METIN
  0
INSERT
  5
9B9
330
17
100
AcDbEntity
  8
METIN
100
AcDbBlockReference
 66
1
  2
MAHAL_ETIKET
 10
138460.82153320312
 20
1010.821533203125
 30
0.0
 41
2.0
 42
2.0
  0
ATTRIB
  5
9BB
330
17
100
AcDbEntity
  8
METIN
100
AcDbText
 10
138460.82153320312
 20
1246.821533203125
 30
0.0
 40
200.0
  1
BANYO
 72
1
 11
138460.82153320312
 21
1246.821533203125
 31
0.0
100
AcDbAttribute
  2
MAHAL_ADI
 70
0
 74
2
  0
ATTRIB
  5
9BC
330
17
100
AcDbEntity
  8
METIN
100
AcDbText
 10
138460.82153320312
 20
988.821533203125
 30
0.0
 40
156.0
  1
K2-26
 72
1
 11
138460.82153320312
 21
988.821533203125
 31
0.0
100
AcDbAttribute
  2
MAHAL_KOD
 70
0
 74
2
  0
ATTRIB
  5
9BD
330
17
100
AcDbEntity
  8
METIN
100
AcDbText
 10
138460.82153320312
 20
752.821533203125
 30
0.0
 40
156.0
  1
6.5 m2
 72
1
 11
138460.82153320312
 21
752.821533203125
 31
0.0
100
AcDbAttribute
  2
ALAN
 70
0
 74
2
  0
SEQEND
  5
9BA
330
9B9
100
AcDbEntity
  8
METIN
  0
INSERT
  5
9BE
330
17
100
AcDbEntity
  8
METIN
100
AcDbBlockReference
 66
1
  2
MAHAL_ETIKET
 10
139800.0
 20
2525.0
 30
0.0
 41
2.0
 42
2.0
  0
ATTRIB
  5
9C0
330
17
100
AcDbEntity
  8
METIN
100
AcDbText
 10
139800.0
 20
2761.0
 30
0.0
 40
200.0
  1
WC
 72
1
 11
139800.0
 21
2761.0
 31
0.0
100
AcDbAttribute
  2
MAHAL_ADI
 70
0
 74
2
  0
ATTRIB
  5
9C1
330
17
100
AcDbEntity
  8
METIN
100
AcDbText
 10
139800.0
 20
2503.0
 30
0.0
 40
156.0
  1
K2-27
 72
1
 11
139800.0
 21
2503.0
 31
0.0
100
AcDbAttribute
  2
MAHAL_KOD
 70
0
 74
2
  0
ATTRIB
  5
9C2
330
17
100
AcDbEntity
  8
METIN
100
AcDbText
 10
139800.0
 20
2267.0
 30
0.0
 40
156.0
  1
1.5 m2
 72
1
 11
139800.0
 21
2267.0
 31
0.0
100
AcDbAttribute
  2
ALAN
 70
0
 74
2
  0
SEQEND
  5
9BF
330
9BE
100
AcDbEntity
  8
METIN
  0
INSERT
  5
9C3
330
17
100
AcDbEntity
  8
METIN
100
AcDbBlockReference
 66
1
  2
MAHAL_ETIKET
 10
140075.0
 20
1375.0
 30
0.0
 41
0.6640655579040258
 42
0.6640655579040258
  0
ATTRIB
  5
9C5
330
17
100
AcDbEntity
  8
METIN
100
AcDbText
 10
140075.0
 20
1453.3597358326751
 30
0.0
 40
66.40655579040258
  1
SAFT
 72
1
 11
140075.0
 21
1453.3597358326751
 31
0.0
100
AcDbAttribute
  2
MAHAL_ADI
 70
0
 74
2
  0
ATTRIB
  5
9C6
330
17
100
AcDbEntity
  8
METIN
100
AcDbText
 10
140075.0
 20
1367.6952788630558
 30
0.0
 40
51.79711351651401
  1
K2-28
 72
1
 11
140075.0
 21
1367.6952788630558
 31
0.0
100
AcDbAttribute
  2
MAHAL_KOD
 70
0
 74
2
  0
ATTRIB
  5
9C7
330
17
100
AcDbEntity
  8
METIN
100
AcDbText
 10
140075.0
 20
1289.3355430303807
 30
0.0
 40
51.79711351651401
  1
0.2 m2
 72
1
 11
140075.0
 21
1289.3355430303807
 31
0.0
100
AcDbAttribute
  2
ALAN
 70
0
 74
2
  0
SEQEND
  5
9C4
330
9C3
100
AcDbEntity
  8
METIN
  0
LWPOLYLINE
  5
9C8
330
17
100
AcDbEntity
  8
MOBILYA
100
AcDbPolyline
 90
4
 70
1
 10
146650.0
 20
9800.0
 10
147250.0
 20
9800.0
 10
147250.0
 20
12800.0
 10
146650.0
 20
12800.0
  0
LWPOLYLINE
  5
9C9
330
17
100
AcDbEntity
  8
MOBILYA
100
AcDbPolyline
 90
4
 70
1
 10
132650.0
 20
16900.0
 10
134300.0
 20
16900.0
 10
134300.0
 20
17400.0
 10
132650.0
 20
17400.0
  0
LWPOLYLINE
  5
9CA
330
17
100
AcDbEntity
  8
MOBILYA
100
AcDbPolyline
 90
4
 70
1
 10
127450.0
 20
500.0
 10
128050.0
 20
500.0
 10
128050.0
 20
3500.0
 10
127450.0
 20
3500.0
  0
LINE
  5
9CB
330
17
100
AcDbEntity
  8
MERDIVEN
100
AcDbLine
 10
136400.0
 20
8570.0
 30
0.0
 11
137725.0
 21
8570.0
 31
0.0
  0
LINE
  5
9CC
330
17
100
AcDbEntity
  8
MERDIVEN
100
AcDbLine
 10
139075.0
 20
8570.0
 30
0.0
 11
140400.0
 21
8570.0
 31
0.0
  0
LINE
  5
9CD
330
17
100
AcDbEntity
  8
MERDIVEN
100
AcDbLine
 10
136400.0
 20
8840.0
 30
0.0
 11
137725.0
 21
8840.0
 31
0.0
  0
LINE
  5
9CE
330
17
100
AcDbEntity
  8
MERDIVEN
100
AcDbLine
 10
139075.0
 20
8840.0
 30
0.0
 11
140400.0
 21
8840.0
 31
0.0
  0
LINE
  5
9CF
330
17
100
AcDbEntity
  8
MERDIVEN
100
AcDbLine
 10
136400.0
 20
9110.0
 30
0.0
 11
137725.0
 21
9110.0
 31
0.0
  0
LINE
  5
9D0
330
17
100
AcDbEntity
  8
MERDIVEN
100
AcDbLine
 10
139075.0
 20
9110.0
 30
0.0
 11
140400.0
 21
9110.0
 31
0.0
  0
LINE
  5
9D1
330
17
100
AcDbEntity
  8
MERDIVEN
100
AcDbLine
 10
136400.0
 20
9380.0
 30
0.0
 11
137725.0
 21
9380.0
 31
0.0
  0
LINE
  5
9D2
330
17
100
AcDbEntity
  8
MERDIVEN
100
AcDbLine
 10
139075.0
 20
9380.0
 30
0.0
 11
140400.0
 21
9380.0
 31
0.0
  0
LINE
  5
9D3
330
17
100
AcDbEntity
  8
MERDIVEN
100
AcDbLine
 10
136400.0
 20
9650.0
 30
0.0
 11
137725.0
 21
9650.0
 31
0.0
  0
LINE
  5
9D4
330
17
100
AcDbEntity
  8
MERDIVEN
100
AcDbLine
 10
139075.0
 20
9650.0
 30
0.0
 11
140400.0
 21
9650.0
 31
0.0
  0
LINE
  5
9D5
330
17
100
AcDbEntity
  8
MERDIVEN
100
AcDbLine
 10
137995.0
 20
9650.0
 30
0.0
 11
137995.0
 21
12300.0
 31
0.0
  0
LINE
  5
9D6
330
17
100
AcDbEntity
  8
MERDIVEN
100
AcDbLine
 10
138265.0
 20
9650.0
 30
0.0
 11
138265.0
 21
12300.0
 31
0.0
  0
LINE
  5
9D7
330
17
100
AcDbEntity
  8
MERDIVEN
100
AcDbLine
 10
138535.0
 20
9650.0
 30
0.0
 11
138535.0
 21
12300.0
 31
0.0
  0
LINE
  5
9D8
330
17
100
AcDbEntity
  8
MERDIVEN
100
AcDbLine
 10
138805.0
 20
9650.0
 30
0.0
 11
138805.0
 21
12300.0
 31
0.0
  0
LINE
  5
9D9
330
17
100
AcDbEntity
  8
MERDIVEN
100
AcDbLine
 10
139075.0
 20
9650.0
 30
0.0
 11
139075.0
 21
12300.0
 31
0.0
  0
LWPOLYLINE
  5
9DA
330
17
100
AcDbEntity
  8
MERDIVEN
100
AcDbPolyline
 90
4
 70
1
 10
136400.0
 20
9650.0
 10
137725.0
 20
9650.0
 10
137725.0
 20
12300.0
 10
136400.0
 20
12300.0
  0
LWPOLYLINE
  5
9DB
330
17
100
AcDbEntity
  8
MERDIVEN
100
AcDbPolyline
 90
4
 70
1
 10
139075.0
 20
9650.0
 10
140400.0
 20
9650.0
 10
140400.0
 20
12300.0
 10
139075.0
 20
12300.0
  0
LINE
  5
9DC
330
17
100
AcDbEntity
  8
MERDIVEN
100
AcDbLine
 10
139075.0
 20
8300.0
 30
0.0
 11
139075.0
 21
9650.0
 31
0.0
  0
LINE
  5
9DD
330
17
100
AcDbEntity
  8
MERDIVEN
100
AcDbLine
 10
139075.0
 20
9650.0
 30
0.0
 11
137725.0
 21
9650.0
 31
0.0
  0
LINE
  5
9DE
330
17
100
AcDbEntity
  8
MERDIVEN
100
AcDbLine
 10
137725.0
 20
9650.0
 30
0.0
 11
137725.0
 21
8300.0
 31
0.0
  0
LINE
  5
9DF
330
17
100
AcDbEntity
  8
MERDIVEN
100
AcDbLine
 10
137062.5
 20
8300.0
 30
0.0
 11
137062.5
 21
10975.0
 31
0.0
  0
LINE
  5
9E0
330
17
100
AcDbEntity
  8
MERDIVEN
100
AcDbLine
 10
137062.5
 20
10975.0
 30
0.0
 11
139737.5
 21
10975.0
 31
0.0
  0
LINE
  5
9E1
330
17
100
AcDbEntity
  8
MERDIVEN
100
AcDbLine
 10
139737.5
 20
10975.0
 30
0.0
 11
139737.5
 21
8300.0
 31
0.0
  0
LWPOLYLINE
  5
9E2
330
17
100
AcDbEntity
  8
MERDIVEN
100
AcDbPolyline
 90
3
 70
1
 10
139737.5
 20
8300.0
 10
139797.5
 20
8420.0
 10
139677.5
 20
8420.0
  0
LINE
  5
9E3
330
17
100
AcDbEntity
  8
KESIT
  6
KESIT_HATTI
100
AcDbLine
 10
126950.0
 20
5833.333333333333
 30
0.0
 11
147750.0
 21
5833.333333333333
 31
0.0
  0
LWPOLYLINE
  5
9E4
330
17
100
AcDbEntity
  8
KESIT
100
AcDbPolyline
 90
3
 70
1
 10
126950.0
 20
6083.333333333333
 10
127050.0
 20
5833.333333333333
 10
126850.0
 20
5833.333333333333
  0
TEXT
  5
9E5
330
17
100
AcDbEntity
  8
KESIT
100
AcDbText
 10
126950.0
 20
5433.333333333333
 30
0.0
 40
150.0
  1
A
 72
1
 11
126950.0
 21
5433.333333333333
 31
0.0
100
AcDbText
 73
2
  0
LWPOLYLINE
  5
9E6
330
17
100
AcDbEntity
  8
KESIT
100
AcDbPolyline
 90
3
 70
1
 10
147750.0
 20
6083.333333333333
 10
147850.0
 20
5833.333333333333
 10
147650.0
 20
5833.333333333333
  0
TEXT
  5
9E7
330
17
100
AcDbEntity
  8
KESIT
100
AcDbText
 10
147750.0
 20
5433.333333333333
 30
0.0
 40
150.0
  1
A
 72
1
 11
147750.0
 21
5433.333333333333
 31
0.0
100
AcDbText
 73
2
  0
LINE
  5
9E8
330
17
100
AcDbEntity
  8
KESIT
  6
KESIT_HATTI
100
AcDbLine
 10
134016.66666666666
 20
-400.0
 30
0.0
 11
134016.66666666666
 21
17900.0
 31
0.0
  0
LWPOLYLINE
  5
9E9
330
17
100
AcDbEntity
  8
KESIT
100
AcDbPolyline
 90
3
 70
1
 10
134266.66666666666
 20
-400.0
 10
134016.66666666666
 20
-300.0
 10
134016.66666666666
 20
-500.0
  0
TEXT
  5
9EA
330
17
100
AcDbEntity
  8
KESIT
100
AcDbText
 10
133616.66666666666
 20
-400.0
 30
0.0
 40
150.0
  1
B
 72
1
 11
133616.66666666666
 21
-400.0
 31
0.0
100
AcDbText
 73
2
  0
LWPOLYLINE
  5
9EB
330
17
100
AcDbEntity
  8
KESIT
100
AcDbPolyline
 90
3
 70
1
 10
134266.66666666666
 20
17900.0
 10
134016.66666666666
 20
18000.0
 10
134016.66666666666
 20
17800.0
  0
TEXT
  5
9EC
330
17
100
AcDbEntity
  8
KESIT
100
AcDbText
 10
133616.66666666666
 20
17900.0
 30
0.0
 40
150.0
  1
B
 72
1
 11
133616.66666666666
 21
17900.0
 31
0.0
100
AcDbText
 73
2
  0
LWPOLYLINE
  5
9ED
330
17
100
AcDbEntity
  8
CERCEVE
100
AcDbPolyline
 90
4
 70
1
 10
123200.0
 20
-10150.0
 10
151500.0
 20
-10150.0
 10
151500.0
 20
24950.0
 10
123200.0
 20
24950.0
  0
LWPOLYLINE
  5
9EE
330
17
100
AcDbEntity
  8
CERCEVE
100
AcDbPolyline
 90
4
 70
1
 10
123350.0
 20
-10000.0
 10
151350.0
 20
-10000.0
 10
151350.0
 20
24800.0
 10
123350.0
 20
24800.0
  0
LWPOLYLINE
  5
9EF
330
17
100
AcDbEntity
  8
CERCEVE
100
AcDbPolyline
 90
4
 70
1
 10
143350.0
 20
-10000.0
 10
151350.0
 20
-10000.0
 10
151350.0
 20
-8800.0
 10
143350.0
 20
-8800.0
  0
LINE
  5
9F0
330
17
100
AcDbEntity
  8
CERCEVE
100
AcDbLine
 10
143350.0
 20
-9400.0
 30
0.0
 11
151350.0
 21
-9400.0
 31
0.0
  0
TEXT
  5
9F1
330
17
100
AcDbEntity
  8
METIN
100
AcDbText
 10
143450.0
 20
-8900.0
 30
0.0
 40
175.0
  1
OLCEK 1:50
 11
143450.0
 21
-8900.0
 31
0.0
100
AcDbText
 73
3
  0
TEXT
  5
9F2
330
17
100
AcDbEntity
  8
METIN
100
AcDbText
 10
143450.0
 20
-9500.0
 30
0.0
 40
175.0
  1
2. NORMAL KAT
 11
143450.0
 21
-9500.0
 31
0.0
100
AcDbText
 73
3
  0
LINE
  5
9F3
330
17
100
AcDbEntity
  8
AKS
  6
DASHED
100
AcDbLine
 10
155650.0
 20
-750.0
 30
0.0
 11
155650.0
 21
18250.0
 31
0.0
  0
CIRCLE
  5
9F4
330
17
100
AcDbEntity
  8
AKS
100
AcDbCircle
 10
155650.0
 20
-1200.0
 30
0.0
 40
450.0
  0
TEXT
  5
9F5
330
17
100
AcDbEntity
  8
AKS
100
AcDbText
 10
155650.0
 20
-1200.0
 30
0.0
 40
350.0
  1
1
 72
1
 11
155650.0
 21
-1200.0
 31
0.0
100
AcDbText
 73
2
  0
CIRCLE
  5
9F6
330
17
100
AcDbEntity
  8
AKS
100
AcDbCircle
 10
155650.0
 20
18700.0
 30
0.0
 40
450.0
  0
TEXT
  5
9F7
330
17
100
AcDbEntity
  8
AKS
100
AcDbText
 10
155650.0
 20
18700.0
 30
0.0
 40
350.0
  1
1
 72
1
 11
155650.0
 21
18700.0
 31
0.0
100
AcDbText
 73
2
  0
LINE
  5
9F8
330
17
100
AcDbEntity
  8
AKS
  6
DASHED
100
AcDbLine
 10
162600.0
 20
-750.0
 30
0.0
 11
162600.0
 21
18250.0
 31
0.0
  0
CIRCLE
  5
9F9
330
17
100
AcDbEntity
  8
AKS
100
AcDbCircle
 10
162600.0
 20
-1200.0
 30
0.0
 40
450.0
  0
TEXT
  5
9FA
330
17
100
AcDbEntity
  8
AKS
100
AcDbText
 10
162600.0
 20
-1200.0
 30
0.0
 40
350.0
  1
2
 72
1
 11
162600.0
 21
-1200.0
 31
0.0
100
AcDbText
 73
2
  0
CIRCLE
  5
9FB
330
17
100
AcDbEntity
  8
AKS
100
AcDbCircle
 10
162600.0
 20
18700.0
 30
0.0
 40
450.0
  0
TEXT
  5
9FC
330
17
100
AcDbEntity
  8
AKS
100
AcDbText
 10
162600.0
 20
18700.0
 30
0.0
 40
350.0
  1
2
 72
1
 11
162600.0
 21
18700.0
 31
0.0
100
AcDbText
 73
2
  0
LINE
  5
9FD
330
17
100
AcDbEntity
  8
AKS
  6
DASHED
100
AcDbLine
 10
168700.0
 20
-750.0
 30
0.0
 11
168700.0
 21
18250.0
 31
0.0
  0
CIRCLE
  5
9FE
330
17
100
AcDbEntity
  8
AKS
100
AcDbCircle
 10
168700.0
 20
-1200.0
 30
0.0
 40
450.0
  0
TEXT
  5
9FF
330
17
100
AcDbEntity
  8
AKS
100
AcDbText
 10
168700.0
 20
-1200.0
 30
0.0
 40
350.0
  1
3
 72
1
 11
168700.0
 21
-1200.0
 31
0.0
100
AcDbText
 73
2
  0
CIRCLE
  5
A00
330
17
100
AcDbEntity
  8
AKS
100
AcDbCircle
 10
168700.0
 20
18700.0
 30
0.0
 40
450.0
  0
TEXT
  5
A01
330
17
100
AcDbEntity
  8
AKS
100
AcDbText
 10
168700.0
 20
18700.0
 30
0.0
 40
350.0
  1
3
 72
1
 11
168700.0
 21
18700.0
 31
0.0
100
AcDbText
 73
2
  0
LINE
  5
A02
330
17
100
AcDbEntity
  8
AKS
  6
DASHED
100
AcDbLine
 10
175650.0
 20
-750.0
 30
0.0
 11
175650.0
 21
18250.0
 31
0.0
  0
CIRCLE
  5
A03
330
17
100
AcDbEntity
  8
AKS
100
AcDbCircle
 10
175650.0
 20
-1200.0
 30
0.0
 40
450.0
  0
TEXT
  5
A04
330
17
100
AcDbEntity
  8
AKS
100
AcDbText
 10
175650.0
 20
-1200.0
 30
0.0
 40
350.0
  1
4
 72
1
 11
175650.0
 21
-1200.0
 31
0.0
100
AcDbText
 73
2
  0
CIRCLE
  5
A05
330
17
100
AcDbEntity
  8
AKS
100
AcDbCircle
 10
175650.0
 20
18700.0
 30
0.0
 40
450.0
  0
TEXT
  5
A06
330
17
100
AcDbEntity
  8
AKS
100
AcDbText
 10
175650.0
 20
18700.0
 30
0.0
 40
350.0
  1
4
 72
1
 11
175650.0
 21
18700.0
 31
0.0
100
AcDbText
 73
2
  0
LINE
  5
A07
330
17
100
AcDbEntity
  8
AKS
  6
DASHED
100
AcDbLine
 10
154900.0
 20
0.0
 30
0.0
 11
176400.0
 21
0.0
 31
0.0
  0
CIRCLE
  5
A08
330
17
100
AcDbEntity
  8
AKS
100
AcDbCircle
 10
154450.0
 20
0.0
 30
0.0
 40
450.0
  0
TEXT
  5
A09
330
17
100
AcDbEntity
  8
AKS
100
AcDbText
 10
154450.0
 20
0.0
 30
0.0
 40
350.0
  1
A
 72
1
 11
154450.0
 21
0.0
 31
0.0
100
AcDbText
 73
2
  0
CIRCLE
  5
A0A
330
17
100
AcDbEntity
  8
AKS
100
AcDbCircle
 10
176850.0
 20
0.0
 30
0.0
 40
450.0
  0
TEXT
  5
A0B
330
17
100
AcDbEntity
  8
AKS
100
AcDbText
 10
176850.0
 20
0.0
 30
0.0
 40
350.0
  1
A
 72
1
 11
176850.0
 21
0.0
 31
0.0
100
AcDbText
 73
2
  0
LINE
  5
A0C
330
17
100
AcDbEntity
  8
AKS
  6
DASHED
100
AcDbLine
 10
154900.0
 20
5250.0
 30
0.0
 11
176400.0
 21
5250.0
 31
0.0
  0
CIRCLE
  5
A0D
330
17
100
AcDbEntity
  8
AKS
100
AcDbCircle
 10
154450.0
 20
5250.0
 30
0.0
 40
450.0
  0
TEXT
  5
A0E
330
17
100
AcDbEntity
  8
AKS
100
AcDbText
 10
154450.0
 20
5250.0
 30
0.0
 40
350.0
  1
B
 72
1
 11
154450.0
 21
5250.0
 31
0.0
100
AcDbText
 73
2
  0
CIRCLE
  5
A0F
330
17
100
AcDbEntity
  8
AKS
100
AcDbCircle
 10
176850.0
 20
5250.0
 30
0.0
 40
450.0
  0
TEXT
  5
A10
330
17
100
AcDbEntity
  8
AKS
100
AcDbText
 10
176850.0
 20
5250.0
 30
0.0
 40
350.0
  1
B
 72
1
 11
176850.0
 21
5250.0
 31
0.0
100
AcDbText
 73
2
  0
LINE
  5
A11
330
17
100
AcDbEntity
  8
AKS
  6
DASHED
100
AcDbLine
 10
154900.0
 20
9300.0
 30
0.0
 11
176400.0
 21
9300.0
 31
0.0
  0
CIRCLE
  5
A12
330
17
100
AcDbEntity
  8
AKS
100
AcDbCircle
 10
154450.0
 20
9300.0
 30
0.0
 40
450.0
  0
TEXT
  5
A13
330
17
100
AcDbEntity
  8
AKS
100
AcDbText
 10
154450.0
 20
9300.0
 30
0.0
 40
350.0
  1
C
 72
1
 11
154450.0
 21
9300.0
 31
0.0
100
AcDbText
 73
2
  0
CIRCLE
  5
A14
330
17
100
AcDbEntity
  8
AKS
100
AcDbCircle
 10
176850.0
 20
9300.0
 30
0.0
 40
450.0
  0
TEXT
  5
A15
330
17
100
AcDbEntity
  8
AKS
100
AcDbText
 10
176850.0
 20
9300.0
 30
0.0
 40
350.0
  1
C
 72
1
 11
176850.0
 21
9300.0
 31
0.0
100
AcDbText
 73
2
  0
LINE
  5
A16
330
17
100
AcDbEntity
  8
AKS
  6
DASHED
100
AcDbLine
 10
154900.0
 20
12300.0
 30
0.0
 11
176400.0
 21
12300.0
 31
0.0
  0
CIRCLE
  5
A17
330
17
100
AcDbEntity
  8
AKS
100
AcDbCircle
 10
154450.0
 20
12300.0
 30
0.0
 40
450.0
  0
TEXT
  5
A18
330
17
100
AcDbEntity
  8
AKS
100
AcDbText
 10
154450.0
 20
12300.0
 30
0.0
 40
350.0
  1
D
 72
1
 11
154450.0
 21
12300.0
 31
0.0
100
AcDbText
 73
2
  0
CIRCLE
  5
A19
330
17
100
AcDbEntity
  8
AKS
100
AcDbCircle
 10
176850.0
 20
12300.0
 30
0.0
 40
450.0
  0
TEXT
  5
A1A
330
17
100
AcDbEntity
  8
AKS
100
AcDbText
 10
176850.0
 20
12300.0
 30
0.0
 40
350.0
  1
D
 72
1
 11
176850.0
 21
12300.0
 31
0.0
100
AcDbText
 73
2
  0
LINE
  5
A1B
330
17
100
AcDbEntity
  8
AKS
  6
DASHED
100
AcDbLine
 10
154900.0
 20
17500.0
 30
0.0
 11
176400.0
 21
17500.0
 31
0.0
  0
CIRCLE
  5
A1C
330
17
100
AcDbEntity
  8
AKS
100
AcDbCircle
 10
154450.0
 20
17500.0
 30
0.0
 40
450.0
  0
TEXT
  5
A1D
330
17
100
AcDbEntity
  8
AKS
100
AcDbText
 10
154450.0
 20
17500.0
 30
0.0
 40
350.0
  1
E
 72
1
 11
154450.0
 21
17500.0
 31
0.0
100
AcDbText
 73
2
  0
CIRCLE
  5
A1E
330
17
100
AcDbEntity
  8
AKS
100
AcDbCircle
 10
176850.0
 20
17500.0
 30
0.0
 40
450.0
  0
TEXT
  5
A1F
330
17
100
AcDbEntity
  8
AKS
100
AcDbText
 10
176850.0
 20
17500.0
 30
0.0
 40
350.0
  1
E
 72
1
 11
176850.0
 21
17500.0
 31
0.0
100
AcDbText
 73
2
  0
DIMENSION
  5
A20
330
17
100
AcDbEntity
  8
AKS
100
AcDbDimension
280
0
  2
*D46
  3
Standard
 10
155650.0
 20
-400.0
 30
0.0
 11
159125.0
 21
-400.0
 31
0.0
 70
32
 71
5
  1
695
100
AcDbAlignedDimension
 13
155650.0
 23
0.0
 33
0.0
 14
162600.0
 24
0.0
 34
0.0
 50
0.0
100
AcDbRotatedDimension
1001
ACAD
1000
DSTYLE
1002
{
1070
140
1040
120.0
1070
41
1040
84.0
1070
42
1040
150.0
1070
44
1040
150.0
1070
147
1040
80.0
1002
}
  0
DIMENSION
  5
A30
330
17
100
AcDbEntity
  8
AKS
100
AcDbDimension
280
0
  2
*D47
  3
Standard
 10
162600.0
 20
-400.0
 30
0.0
 11
165650.0
 21
-400.0
 31
0.0
 70
32
 71
5
  1
610
100
AcDbAlignedDimension
 13
162600.0
 23
0.0
 33
0.0
 14
168700.0
 24
0.0
 34
0.0
 50
0.0
100
AcDbRotatedDimension
1001
ACAD
1000
DSTYLE
1002
{
1070
140
1040
120.0
1070
41
1040
84.0
1070
42
1040
150.0
1070
44
1040
150.0
1070
147
1040
80.0
1002
}
  0
DIMENSION
  5
A40
330
17
100
AcDbEntity
  8
AKS
100
AcDbDimension
280
0
  2
*D48
  3
Standard
 10
168700.0
 20
-400.0
 30
0.0
 11
172175.0
 21
-400.0
 31
0.0
 70
32
 71
5
  1
695
100
AcDbAlignedDimension
 13
168700.0
 23
0.0
 33
0.0
 14
175650.0
 24
0.0
 34
0.0
 50
0.0
100
AcDbRotatedDimension
1001
ACAD
1000
DSTYLE
1002
{
1070
140
1040
120.0
1070
41
1040
84.0
1070
42
1040
150.0
1070
44
1040
150.0
1070
147
1040
80.0
1002
}
  0
DIMENSION
  5
A50
330
17
100
AcDbEntity
  8
AKS
100
AcDbDimension
280
0
  2
*D49
  3
Standard
 10
155650.0
 20
-1950.0
 30
0.0
 11
165650.0
 21
-1950.0
 31
0.0
 70
32
 71
5
  1
2000
100
AcDbAlignedDimension
 13
155650.0
 23
0.0
 33
0.0
 14
175650.0
 24
0.0
 34
0.0
 50
0.0
100
AcDbRotatedDimension
1001
ACAD
1000
DSTYLE
1002
{
1070
140
1040
120.0
1070
41
1040
84.0
1070
42
1040
150.0
1070
44
1040
150.0
1070
147
1040
80.0
1002
}
  0
DIMENSION
  5
A60
330
17
100
AcDbEntity
  8
AKS
100
AcDbDimension
280
0
  2
*D50
  3
Standard
 10
155250.0
 20
0.0
 30
0.0
 11
155250.0
 21
2625.0
 31
0.0
 70
32
 71
5
  1
525
100
AcDbAlignedDimension
 13
155650.0
 23
0.0
 33
0.0
 14
155650.0
 24
5250.0
 34
0.0
 50
90.0
100
AcDbRotatedDimension
1001
ACAD
1000
DSTYLE
1002
{
1070
140
1040
120.0
1070
41
1040
84.0
1070
42
1040
150.0
1070
44
1040
150.0
1070
147
1040
80.0
1002
}
  0
DIMENSION
  5
A70
330
17
100
AcDbEntity
  8
AKS
100
AcDbDimension
280
0
  2
*D51
  3
Standard
 10
155250.0
 20
5250.0
 30
0.0
 11
155250.0
 21
7275.0
 31
0.0
 70
32
 71
5
  1
405
100
AcDbAlignedDimension
 13
155650.0
 23
5250.0
 33
0.0
 14
155650.0
 24
9300.0
 34
0.0
 50
90.0
100
AcDbRotatedDimension
1001
ACAD
1000
DSTYLE
1002
{
1070
140
1040
120.0
1070
41
1040
84.0
1070
42
1040
150.0
1070
44
1040
150.0
1070
147
1040
80.0
1002
}
  0
DIMENSION
  5
A80
330
17
100
AcDbEntity
  8
AKS
100
AcDbDimension
280
0
  2
*D52
  3
Standard
 10
155250.0
 20
9300.0
 30
0.0
 11
155250.0
 21
10800.0
 31
0.0
 70
32
 71
5
  1
300
100
AcDbAlignedDimension
 13
155650.0
 23
9300.0
 33
0.0
 14
155650.0
 24
12300.0
 34
0.0
 50
90.0
100
AcDbRotatedDimension
1001
ACAD
1000
DSTYLE
1002
{
1070
140
1040
120.0
1070
41
1040
84.0
1070
42
1040
150.0
1070
44
1040
150.0
1070
147
1040
80.0
1002
}
  0
DIMENSION
  5
A90
330
17
100
AcDbEntity
  8
AKS
100
AcDbDimension
280
0
  2
*D53
  3
Standard
 10
155250.0
 20
12300.0
 30
0.0
 11
155250.0
 21
14900.0
 31
0.0
 70
32
 71
5
  1
520
100
AcDbAlignedDimension
 13
155650.0
 23
12300.0
 33
0.0
 14
155650.0
 24
17500.0
 34
0.0
 50
90.0
100
AcDbRotatedDimension
1001
ACAD
1000
DSTYLE
1002
{
1070
140
1040
120.0
1070
41
1040
84.0
1070
42
1040
150.0
1070
44
1040
150.0
1070
147
1040
80.0
1002
}
  0
DIMENSION
  5
AA0
330
17
100
AcDbEntity
  8
AKS
100
AcDbDimension
280
0
  2
*D54
  3
Standard
 10
153700.0
 20
0.0
 30
0.0
 11
153700.0
 21
8750.0
 31
0.0
 70
32
 71
5
  1
1750
100
AcDbAlignedDimension
 13
155650.0
 23
0.0
 33
0.0
 14
155650.0
 24
17500.0
 34
0.0
 50
90.0
100
AcDbRotatedDimension
1001
ACAD
1000
DSTYLE
1002
{
1070
140
1040
120.0
1070
41
1040
84.0
1070
42
1040
150.0
1070
44
1040
150.0
1070
147
1040
80.0
1002
}
  0
LINE
  5
AB0
330
17
100
AcDbEntity
  8
DUVARLAR
100
AcDbLine
 10
155750.0
 20
100.0
 30
0.0
 11
159550.0
 21
100.0
 31
0.0
  0
LINE
  5
AB1
330
17
100
AcDbEntity
  8
DUVARLAR
100
AcDbLine
 10
161350.0
 20
100.0
 30
0.0
 11
163500.0
 21
100.0
 31
0.0
  0
LINE
  5
AB2
330
17
100
AcDbEntity
  8
DUVARLAR
100
AcDbLine
 10
164900.0
 20
100.0
 30
0.0
 11
171250.0
 21
100.0
 31
0.0
  0
LINE
  5
AB3
330
17
100
AcDbEntity
  8
DUVARLAR
100
AcDbLine
 10
173050.0
 20
100.0
 30
0.0
 11
175550.0
 21
100.0
 31
0.0
  0
LINE
  5
AB4
330
17
100
AcDbEntity
  8
DUVARLAR
100
AcDbLine
 10
155550.0
 20
-100.0
 30
0.0
 11
159550.0
 21
-100.0
 31
0.0
  0
LINE
  5
AB5
330
17
100
AcDbEntity
  8
DUVARLAR
100
AcDbLine
 10
161350.0
 20
-100.0
 30
0.0
 11
163500.0
 21
-100.0
 31
0.0
  0
LINE
  5
AB6
330
17
100
AcDbEntity
  8
DUVARLAR
100
AcDbLine
 10
164900.0
 20
-100.0
 30
0.0
 11
171250.0
 21
-100.0
 31
0.0
  0
LINE
  5
AB7
330
17
100
AcDbEntity
  8
DUVARLAR
100
AcDbLine
 10
173050.0
 20
-100.0
 30
0.0
 11
175750.0
 21
-100.0
 31
0.0
  0
LINE
  5
AB8
330
17
100
AcDbEntity
  8
DUVARLAR
100
AcDbLine
 10
159550.0
 20
100.0
 30
0.0
 11
159550.0
 21
-100.0
 31
0.0
  0
LINE
  5
AB9
330
17
100
AcDbEntity
  8
DUVARLAR
100
AcDbLine
 10
161350.0
 20
100.0
 30
0.0
 11
161350.0
 21
-100.0
 31
0.0
  0
LINE
  5
ABA
330
17
100
AcDbEntity
  8
KAPI-PENCERE
100
AcDbLine
 10
159550.0
 20
-50.0
 30
0.0
 11
161350.0
 21
-50.0
 31
0.0
  0
LINE
  5
ABB
330
17
100
AcDbEntity
  8
KAPI-PENCERE
100
AcDbLine
 10
159550.0
 20
50.0
 30
0.0
 11
161350.0
 21
50.0
 31
0.0
  0
LINE
  5
ABC
330
17
100
AcDbEntity
  8
DUVARLAR
100
AcDbLine
 10
163500.0
 20
100.0
 30
0.0
 11
163500.0
 21
-100.0
 31
0.0
  0
LINE
  5
ABD
330
17
100
AcDbEntity
  8
DUVARLAR
100
AcDbLine
 10
164900.0
 20
100.0
 30
0.0
 11
164900.0
 21
-100.0
 31
0.0
  0
LINE
  5
ABE
330
17
100
AcDbEntity
  8
KAPI-PENCERE
100
AcDbLine
 10
163500.0
 20
-50.0
 30
0.0
 11
164900.0
 21
-50.0
 31
0.0
  0
LINE
  5
ABF
330
17
100
AcDbEntity
  8
KAPI-PENCERE
100
AcDbLine
 10
163500.0
 20
50.0
 30
0.0
 11
164900.0
 21
50.0
 31
0.0
  0
LINE
  5
AC0
330
17
100
AcDbEntity
  8
DUVARLAR
100
AcDbLine
 10
171250.0
 20
100.0
 30
0.0
 11
171250.0
 21
-100.0
 31
0.0
  0
LINE
  5
AC1
330
17
100
AcDbEntity
  8
DUVARLAR
100
AcDbLine
 10
173050.0
 20
100.0
 30
0.0
 11
173050.0
 21
-100.0
 31
0.0
  0
LINE
  5
AC2
330
17
100
AcDbEntity
  8
KAPI-PENCERE
100
AcDbLine
 10
171250.0
 20
-50.0
 30
0.0
 11
173050.0
 21
-50.0
 31
0.0
  0
LINE
  5
AC3
330
17
100
AcDbEntity
  8
KAPI-PENCERE
100
AcDbLine
 10
171250.0
 20
50.0
 30
0.0
 11
173050.0
 21
50.0
 31
0.0
  0
LINE
  5
AC4
330
17
100
AcDbEntity
  8
DUVARLAR
100
AcDbLine
 10
167975.0
 20
1125.0
 30
0.0
 11
168600.0
 21
1125.0
 31
0.0
  0
LINE
  5
AC5
330
17
100
AcDbEntity
  8
DUVARLAR
100
AcDbLine
 10
168125.0
 20
975.0
 30
0.0
 11
168600.0
 21
975.0
 31
0.0
  0
LINE
  5
AC6
330
17
100
AcDbEntity
  8
DUVARLAR
100
AcDbLine
 10
167425.0
 20
1775.0
 30
0.0
 11
168600.0
 21
1775.0
 31
0.0
  0
LINE
  5
AC7
330
17
100
AcDbEntity
  8
DUVARLAR
100
AcDbLine
 10
167575.0
 20
1625.0
 30
0.0
 11
168600.0
 21
1625.0
 31
0.0
  0
LINE
  5
AC8
330
17
100
AcDbEntity
  8
DUVARLAR
100
AcDbLine
 10
162725.0
 20
3425.0
 30
0.0
 11
163800.0
 21
3425.0
 31
0.0
  0
LINE
  5
AC9
330
17
100
AcDbEntity
  8
DUVARLAR
100
AcDbLine
 10
164600.0
 20
3425.0
 30
0.0
 11
166275.0
 21
3425.0
 31
0.0
  0
LINE
  5
ACA
330
17
100
AcDbEntity
  8
DUVARLAR
100
AcDbLine
 10
166975.0
 20
3425.0
 30
0.0
 11
167750.0
 21
3425.0
 31
0.0
  0
LINE
  5
ACB
330
17
100
AcDbEntity
  8
DUVARLAR
100
AcDbLine
 10
168450.0
 20
3425.0
 30
0.0
 11
168600.0
 21
3425.0
 31
0.0
  0
LINE
  5
ACC
330
17
100
AcDbEntity
  8
DUVARLAR
100
AcDbLine
 10
162725.0
 20
3275.0
 30
0.0
 11
163800.0
 21
3275.0
 31
0.0
  0
LINE
  5
ACD
330
17
100
AcDbEntity
  8
DUVARLAR
100
AcDbLine
 10
164600.0
 20
3275.0
 30
0.0
 11
166275.0
 21
3275.0
 31
0.0
  0
LINE
  5
ACE
330
17
100
AcDbEntity
  8
DUVARLAR
100
AcDbLine
 10
166975.0
 20
3275.0
 30
0.0
 11
167750.0
 21
3275.0
 31
0.0
  0
LINE
  5
ACF
330
17
100
AcDbEntity
  8
DUVARLAR
100
AcDbLine
 10
168450.0
 20
3275.0
 30
0.0
 11
168600.0
 21
3275.0
 31
0.0
  0
LINE
  5
AD0
330
17
100
AcDbEntity
  8
DUVARLAR
100
AcDbLine
 10
163800.0
 20
3425.0
 30
0.0
 11
163800.0
 21
3275.0
 31
0.0
  0
LINE
  5
AD1
330
17
100
AcDbEntity
  8
DUVARLAR
100
AcDbLine
 10
164600.0
 20
3425.0
 30
0.0
 11
164600.0
 21
3275.0
 31
0.0
  0
LINE
  5
AD2
330
17
100
AcDbEntity
  8
KAPI-PENCERE
100
AcDbLine
 10
163800.0
 20
3350.0
 30
0.0
 11
163800.0
 21
2550.0
 31
0.0
  0
ARC
  5
AD3
330
17
100
AcDbEntity
  8
KAPI-PENCERE
100
AcDbCircle
 10
163800.0
 20
3350.0
 30
0.0
 40
800.0
100
AcDbArc
 50
-90.0
 51
0.0
  0
LINE
  5
AD4
330
17
100
AcDbEntity
  8
DUVARLAR
100
AcDbLine
 10
166275.0
 20
3425.0
 30
0.0
 11
166275.0
 21
3275.0
 31
0.0
  0
LINE
  5
AD5
330
17
100
AcDbEntity
  8
DUVARLAR
100
AcDbLine
 10
166975.0
 20
3425.0
 30
0.0
 11
166975.0
 21
3275.0
 31
0.0
  0
LINE
  5
AD6
330
17
100
AcDbEntity
  8
KAPI-PENCERE
100
AcDbLine
 10
166275.0
 20
3350.0
 30
0.0
 11
166275.0
 21
2650.0
 31
0.0
  0
ARC
  5
AD7
330
17
100
AcDbEntity
  8
KAPI-PENCERE
100
AcDbCircle
 10
166275.0
 20
3350.0
 30
0.0
 40
700.0
100
AcDbArc
 50
-90.0
 51
0.0
  0
LINE
  5
AD8
330
17
100
AcDbEntity
  8
DUVARLAR
100
AcDbLine
 10
167750.0
 20
3425.0
 30
0.0
 11
167750.0
 21
3275.0
 31
0.0
  0
LINE
  5
AD9
330
17
100
AcDbEntity
  8
DUVARLAR
100
AcDbLine
 10
168450.0
 20
3425.0
 30
0.0
 11
168450.0
 21
3275.0
 31
0.0
  0
LINE
  5
ADA
330
17
100
AcDbEntity
  8
KAPI-PENCERE
100
AcDbLine
 10
167750.0
 20
3350.0
 30
0.0
 11
167750.0
 21
2650.0
 31
0.0
  0
ARC
  5
ADB
330
17
100
AcDbEntity
  8
KAPI-PENCERE
100
AcDbCircle
 10
167750.0
 20
3350.0
 30
0.0
 40
700.0
100
AcDbArc
 50
-90.0
 51
0.0
  0
LINE
  5
ADC
330
17
100
AcDbEntity
  8
DUVARLAR
100
AcDbLine
 10
168800.0
 20
4375.0
 30
0.0
 11
169150.0
 21
4375.0
 31
0.0
  0
LINE
  5
ADD
330
17
100
AcDbEntity
  8
DUVARLAR
100
AcDbLine
 10
169950.0
 20
4375.0
 30
0.0
 11
175550.0
 21
4375.0
 31
0.0
  0
LINE
  5
ADE
330
17
100
AcDbEntity
  8
DUVARLAR
100
AcDbLine
 10
168800.0
 20
4225.0
 30
0.0
 11
169150.0
 21
4225.0
 31
0.0
  0
LINE
  5
ADF
330
17
100
AcDbEntity
  8
DUVARLAR
100
AcDbLine
 10
169950.0
 20
4225.0
 30
0.0
 11
175550.0
 21
4225.0
 31
0.0
  0
LINE
  5
AE0
330
17
100
AcDbEntity
  8
DUVARLAR
100
AcDbLine
 10
169150.0
 20
4375.0
 30
0.0
 11
169150.0
 21
4225.0
 31
0.0
  0
LINE
  5
AE1
330
17
100
AcDbEntity
  8
DUVARLAR
100
AcDbLine
 10
169950.0
 20
4375.0
 30
0.0
 11
169950.0
 21
4225.0
 31
0.0
  0
LINE
  5
AE2
330
17
100
AcDbEntity
  8
KAPI-PENCERE
100
AcDbLine
 10
169150.0
 20
4300.0
 30
0.0
 11
169150.0
 21
3500.0
 31
0.0
  0
ARC
  5
AE3
330
17
100
AcDbEntity
  8
KAPI-PENCERE
100
AcDbCircle
 10
169150.0
 20
4300.0
 30
0.0
 40
800.0
100
AcDbArc
 50
-90.0
 51
0.0
  0
LINE
  5
AE4
330
17
100
AcDbEntity
  8
DUVARLAR
100
AcDbLine
 10
155750.0
 20
5350.0
 30
0.0
 11
163200.0
 21
5350.0
 31
0.0
  0
LINE
  5
AE5
330
17
100
AcDbEntity
  8
DUVARLAR
100
AcDbLine
 10
164100.0
 20
5350.0
 30
0.0
 11
168600.0
 21
5350.0
 31
0.0
  0
LINE
  5
AE6
330
17
100
AcDbEntity
  8
DUVARLAR
100
AcDbLine
 10
155750.0
 20
5150.0
 30
0.0
 11
163200.0
 21
5150.0
 31
0.0
  0
LINE
  5
AE7
330
17
100
AcDbEntity
  8
DUVARLAR
100
AcDbLine
 10
164100.0
 20
5150.0
 30
0.0
 11
168600.0
 21
5150.0
 31
0.0
  0
LINE
  5
AE8
330
17
100
AcDbEntity
  8
DUVARLAR
100
AcDbLine
 10
163200.0
 20
5350.0
 30
0.0
 11
163200.0
 21
5150.0
 31
0.0
  0
LINE
  5
AE9
330
17
100
AcDbEntity
  8
DUVARLAR
100
AcDbLine
 10
164100.0
 20
5350.0
 30
0.0
 11
164100.0
 21
5150.0
 31
0.0
  0
LINE
  5
AEA
330
17
100
AcDbEntity
  8
KAPI-PENCERE
100
AcDbLine
 10
163200.0
 20
5250.0
 30
0.0
 11
163200.0
 21
4350.0
 31
0.0
  0
ARC
  5
AEB
330
17
100
AcDbEntity
  8
KAPI-PENCERE
100
AcDbCircle
 10
163200.0
 20
5250.0
 30
0.0
 40
900.0
100
AcDbArc
 50
-90.0
 51
0.0
  0
LINE
  5
AEC
330
17
100
AcDbEntity
  8
DUVARLAR
100
AcDbLine
 10
162700.0
 20
8400.0
 30
0.0
 11
162850.0
 21
8400.0
 31
0.0
  0
LINE
  5
AED
330
17
100
AcDbEntity
  8
DUVARLAR
100
AcDbLine
 10
164450.0
 20
8400.0
 30
0.0
 11
164700.0
 21
8400.0
 31
0.0
  0
LINE
  5
AEE
330
17
100
AcDbEntity
  8
DUVARLAR
100
AcDbLine
 10
162700.0
 20
8200.0
 30
0.0
 11
162850.0
 21
8200.0
 31
0.0
  0
LINE
  5
AEF
330
17
100
AcDbEntity
  8
DUVARLAR
100
AcDbLine
 10
164450.0
 20
8200.0
 30
0.0
 11
164700.0
 21
8200.0
 31
0.0
  0
LINE
  5
AF0
330
17
100
AcDbEntity
  8
DUVARLAR
100
AcDbLine
 10
162850.0
 20
8400.0
 30
0.0
 11
162850.0
 21
8200.0
 31
0.0
  0
LINE
  5
AF1
330
17
100
AcDbEntity
  8
DUVARLAR
100
AcDbLine
 10
164450.0
 20
8400.0
 30
0.0
 11
164450.0
 21
8200.0
 31
0.0
  0
LINE
  5
AF2
330
17
100
AcDbEntity
  8
KAPI-PENCERE
100
AcDbLine
 10
162850.0
 20
8233.333333333334
 30
0.0
 11
164450.0
 21
8233.333333333334
 31
0.0
  0
LINE
  5
AF3
330
17
100
AcDbEntity
  8
KAPI-PENCERE
100
AcDbLine
 10
164450.0
 20
8233.333333333334
 30
0.0
 11
164450.0
 21
8200.0
 31
0.0
  0
LINE
  5
AF4
330
17
100
AcDbEntity
  8
DUVARLAR
100
AcDbLine
 10
164700.0
 20
8400.0
 30
0.0
 11
164700.0
 21
8200.0
 31
0.0
  0
LINE
  5
AF5
330
17
100
AcDbEntity
  8
DUVARLAR
100
AcDbLine
 10
168700.0
 20
8400.0
 30
0.0
 11
168700.0
 21
8200.0
 31
0.0
  0
LINE
  5
AF6
330
17
100
AcDbEntity
  8
DUVARLAR
100
AcDbLine
 10
155750.0
 20
8875.0
 30
0.0
 11
156750.0
 21
8875.0
 31
0.0
  0
LINE
  5
AF7
330
17
100
AcDbEntity
  8
DUVARLAR
100
AcDbLine
 10
157550.0
 20
8875.0
 30
0.0
 11
160625.0
 21
8875.0
 31
0.0
  0
LINE
  5
AF8
330
17
100
AcDbEntity
  8
DUVARLAR
100
AcDbLine
 10
155750.0
 20
8725.0
 30
0.0
 11
156750.0
 21
8725.0
 31
0.0
  0
LINE
  5
AF9
330
17
100
AcDbEntity
  8
DUVARLAR
100
AcDbLine
 10
157550.0
 20
8725.0
 30
0.0
 11
160625.0
 21
8725.0
 31
0.0
  0
LINE
  5
AFA
330
17
100
AcDbEntity
  8
DUVARLAR
100
AcDbLine
 10
156750.0
 20
8875.0
 30
0.0
 11
156750.0
 21
8725.0
 31
0.0
  0
LINE
  5
AFB
330
17
100
AcDbEntity
  8
DUVARLAR
100
AcDbLine
 10
157550.0
 20
8875.0
 30
0.0
 11
157550.0
 21
8725.0
 31
0.0
  0
LINE
  5
AFC
330
17
100
AcDbEntity
  8
KAPI-PENCERE
100
AcDbLine
 10
156750.0
 20
8800.0
 30
0.0
 11
156750.0
 21
9600.0
 31
0.0
  0
ARC
  5
AFD
330
17
100
AcDbEntity
  8
KAPI-PENCERE
100
AcDbCircle
 10
156750.0
 20
8800.0
 30
0.0
 40
800.0
100
AcDbArc
 50
0.0
 51
90.0
  0
LINE
  5
AFE
330
17
100
AcDbEntity
  8
DUVARLAR
100
AcDbLine
 10
170675.0
 20
9575.0
 30
0.0
 11
173225.0
 21
9575.0
 31
0.0
  0
LINE
  5
AFF
330
17
100
AcDbEntity
  8
DUVARLAR
100
AcDbLine
 10
170675.0
 20
9425.0
 30
0.0
 11
173375.0
 21
9425.0
 31
0.0
  0
LINE
  5
B00
330
17
100
AcDbEntity
  8
DUVARLAR
100
AcDbLine
 10
157975.0
 20
9950.0
 30
0.0
 11
158625.0
 21
9950.0
 31
0.0
  0
LINE
  5
B01
330
17
100
AcDbEntity
  8
DUVARLAR
100
AcDbLine
 10
158125.0
 20
9800.0
 30
0.0
 11
158625.0
 21
9800.0
 31
0.0
  0
LINE
  5
B02
330
17
100
AcDbEntity
  8
DUVARLAR
100
AcDbLine
 10
158775.0
 20
10275.0
 30
0.0
 11
160625.0
 21
10275.0
 31
0.0
  0
LINE
  5
B03
330
17
100
AcDbEntity
  8
DUVARLAR
100
AcDbLine
 10
158775.0
 20
10125.0
 30
0.0
 11
160625.0
 21
10125.0
 31
0.0
  0
LINE
  5
B04
330
17
100
AcDbEntity
  8
DUVARLAR
100
AcDbLine
 10
157975.0
 20
10600.0
 30
0.0
 11
158625.0
 21
10600.0
 31
0.0
  0
LINE
  5
B05
330
17
100
AcDbEntity
  8
DUVARLAR
100
AcDbLine
 10
158125.0
 20
10450.0
 30
0.0
 11
158625.0
 21
10450.0
 31
0.0
  0
LINE
  5
B06
330
17
100
AcDbEntity
  8
DUVARLAR
100
AcDbLine
 10
172575.0
 20
10650.0
 30
0.0
 11
173225.0
 21
10650.0
 31
0.0
  0
LINE
  5
B07
330
17
100
AcDbEntity
  8
DUVARLAR
100
AcDbLine
 10
172725.0
 20
10500.0
 30
0.0
 11
173225.0
 21
10500.0
 31
0.0
  0
LINE
  5
B08
330
17
100
AcDbEntity
  8
DUVARLAR
100
AcDbLine
 10
170675.0
 20
10975.0
 30
0.0
 11
172575.0
 21
10975.0
 31
0.0
  0
LINE
  5
B09
330
17
100
AcDbEntity
  8
DUVARLAR
100
AcDbLine
 10
170675.0
 20
10825.0
 30
0.0
 11
172575.0
 21
10825.0
 31
0.0
  0
LINE
  5
B0A
330
17
100
AcDbEntity
  8
DUVARLAR
100
AcDbLine
 10
172575.0
 20
11300.0
 30
0.0
 11
173225.0
 21
11300.0
 31
0.0
  0
LINE
  5
B0B
330
17
100
AcDbEntity
  8
DUVARLAR
100
AcDbLine
 10
172725.0
 20
11150.0
 30
0.0
 11
173225.0
 21
11150.0
 31
0.0
  0
LINE
  5
B0C
330
17
100
AcDbEntity
  8
DUVARLAR
100
AcDbLine
 10
162525.0
 20
11400.0
 30
0.0
 11
164600.0
 21
11400.0
 31
0.0
  0
LINE
  5
B0D
330
17
100
AcDbEntity
  8
DUVARLAR
100
AcDbLine
 10
162675.0
 20
11200.0
 30
0.0
 11
164600.0
 21
11200.0
 31
0.0
  0
LINE
  5
B0E
330
17
100
AcDbEntity
  8
DUVARLAR
100
AcDbLine
 10
155750.0
 20
12175.0
 30
0.0
 11
160625.0
 21
12175.0
 31
0.0
  0
LINE
  5
B0F
330
17
100
AcDbEntity
  8
DUVARLAR
100
AcDbLine
 10
155750.0
 20
12025.0
 30
0.0
 11
160625.0
 21
12025.0
 31
0.0
  0
LINE
  5
B10
330
17
100
AcDbEntity
  8
DUVARLAR
100
AcDbLine
 10
162525.0
 20
12375.0
 30
0.0
 11
164600.0
 21
12375.0
 31
0.0
  0
LINE
  5
B11
330
17
100
AcDbEntity
  8
DUVARLAR
100
AcDbLine
 10
162675.0
 20
12225.0
 30
0.0
 11
164800.0
 21
12225.0
 31
0.0
  0
LINE
  5
B12
330
17
100
AcDbEntity
  8
DUVARLAR
100
AcDbLine
 10
164600.0
 20
12400.0
 30
0.0
 11
168600.0
 21
12400.0
 31
0.0
  0
LINE
  5
B13
330
17
100
AcDbEntity
  8
DUVARLAR
100
AcDbLine
 10
164800.0
 20
12200.0
 30
0.0
 11
168600.0
 21
12200.0
 31
0.0
  0
LINE
  5
B14
330
17
100
AcDbEntity
  8
DUVARLAR
100
AcDbLine
 10
168800.0
 20
13375.0
 30
0.0
 11
168950.0
 21
13375.0
 31
0.0
  0
LINE
  5
B15
330
17
100
AcDbEntity
  8
DUVARLAR
100
AcDbLine
 10
169750.0
 20
13375.0
 30
0.0
 11
175550.0
 21
13375.0
 31
0.0
  0
LINE
  5
B16
330
17
100
AcDbEntity
  8
DUVARLAR
100
AcDbLine
 10
168800.0
 20
13225.0
 30
0.0
 11
168950.0
 21
13225.0
 31
0.0
  0
LINE
  5
B17
330
17
100
AcDbEntity
  8
DUVARLAR
100
AcDbLine
 10
169750.0
 20
13225.0
 30
0.0
 11
175550.0
 21
13225.0
 31
0.0
  0
LINE
  5
B18
330
17
100
AcDbEntity
  8
DUVARLAR
100
AcDbLine
 10
168950.0
 20
13375.0
 30
0.0
 11
168950.0
 21
13225.0
 31
0.0
  0
LINE
  5
B19
330
17
100
AcDbEntity
  8
DUVARLAR
100
AcDbLine
 10
169750.0
 20
13375.0
 30
0.0
 11
169750.0
 21
13225.0
 31
0.0
  0
LINE
  5
B1A
330
17
100
AcDbEntity
  8
KAPI-PENCERE
100
AcDbLine
 10
168950.0
 20
13300.0
 30
0.0
 11
168950.0
 21
14100.0
 31
0.0
  0
ARC
  5
B1B
330
17
100
AcDbEntity
  8
KAPI-PENCERE
100
AcDbCircle
 10
168950.0
 20
13300.0
 30
0.0
 40
800.0
100
AcDbArc
 50
0.0
 51
90.0
  0
LINE
  5
B1C
330
17
100
AcDbEntity
  8
DUVARLAR
100
AcDbLine
 10
160625.0
 20
14275.0
 30
0.0
 11
161300.0
 21
14275.0
 31
0.0
  0
LINE
  5
B1D
330
17
100
AcDbEntity
  8
DUVARLAR
100
AcDbLine
 10
162100.0
 20
14275.0
 30
0.0
 11
162575.0
 21
14275.0
 31
0.0
  0
LINE
  5
B1E
330
17
100
AcDbEntity
  8
DUVARLAR
100
AcDbLine
 10
160775.0
 20
14125.0
 30
0.0
 11
161300.0
 21
14125.0
 31
0.0
  0
LINE
  5
B1F
330
17
100
AcDbEntity
  8
DUVARLAR
100
AcDbLine
 10
162100.0
 20
14125.0
 30
0.0
 11
162575.0
 21
14125.0
 31
0.0
  0
LINE
  5
B20
330
17
100
AcDbEntity
  8
DUVARLAR
100
AcDbLine
 10
161300.0
 20
14275.0
 30
0.0
 11
161300.0
 21
14125.0
 31
0.0
  0
LINE
  5
B21
330
17
100
AcDbEntity
  8
DUVARLAR
100
AcDbLine
 10
162100.0
 20
14275.0
 30
0.0
 11
162100.0
 21
14125.0
 31
0.0
  0
LINE
  5
B22
330
17
100
AcDbEntity
  8
KAPI-PENCERE
100
AcDbLine
 10
161300.0
 20
14200.0
 30
0.0
 11
161300.0
 21
15000.0
 31
0.0
  0
ARC
  5
B23
330
17
100
AcDbEntity
  8
KAPI-PENCERE
100
AcDbCircle
 10
161300.0
 20
14200.0
 30
0.0
 40
800.0
100
AcDbArc
 50
0.0
 51
90.0
  0
LINE
  5
B24
330
17
100
AcDbEntity
  8
DUVARLAR
100
AcDbLine
 10
175550.0
 20
17400.0
 30
0.0
 11
173050.0
 21
17400.0
 31
0.0
  0
LINE
  5
B25
330
17
100
AcDbEntity
  8
DUVARLAR
100
AcDbLine
 10
171250.0
 20
17400.0
 30
0.0
 11
166850.0
 21
17400.0
 31
0.0
  0
LINE
  5
B26
330
17
100
AcDbEntity
  8
DUVARLAR
100
AcDbLine
 10
165050.0
 20
17400.0
 30
0.0
 11
161750.0
 21
17400.0
 31
0.0
  0
LINE
  5
B27
330
17
100
AcDbEntity
  8
DUVARLAR
100
AcDbLine
 10
160550.0
 20
17400.0
 30
0.0
 11
158550.0
 21
17400.0
 31
0.0
  0
LINE
  5
B28
330
17
100
AcDbEntity
  8
DUVARLAR
100
AcDbLine
 10
156750.0
 20
17400.0
 30
0.0
 11
155750.0
 21
17400.0
 31
0.0
  0
LINE
  5
B29
330
17
100
AcDbEntity
  8
DUVARLAR
100
AcDbLine
 10
175750.0
 20
17600.0
 30
0.0
 11
173050.0
 21
17600.0
 31
0.0
  0
LINE
  5
B2A
330
17
100
AcDbEntity
  8
DUVARLAR
100
AcDbLine
 10
171250.0
 20
17600.0
 30
0.0
 11
166850.0
 21
17600.0
 31
0.0
  0
LINE
  5
B2B
330
17
100
AcDbEntity
  8
DUVARLAR
100
AcDbLine
 10
165050.0
 20
17600.0
 30
0.0
 11
161750.0
 21
17600.0
 31
0.0
  0
LINE
  5
B2C
330
17
100
AcDbEntity
  8
DUVARLAR
100
AcDbLine
 10
160550.0
 20
17600.0
 30
0.0
 11
158550.0
 21
17600.0
 31
0.0
  0
LINE
  5
B2D
330
17
100
AcDbEntity
  8
DUVARLAR
100
AcDbLine
 10
156750.0
 20
17600.0
 30
0.0
 11
155550.0
 21
17600.0
 31
0.0
  0
LINE
  5
B2E
330
17
100
AcDbEntity
  8
DUVARLAR
100
AcDbLine
 10
173050.0
 20
17400.0
 30
0.0
 11
173050.0
 21
17600.0
 31
0.0
  0
LINE
  5
B2F
330
17
100
AcDbEntity
  8
DUVARLAR
100
AcDbLine
 10
171250.0
 20
17400.0
 30
0.0
 11
171250.0
 21
17600.0
 31
0.0
  0
LINE
  5
B30
330
17
100
AcDbEntity
  8
KAPI-PENCERE
100
AcDbLine
 10
173050.0
 20
17550.0
 30
0.0
 11
171250.0
 21
17550.0
 31
0.0
  0
LINE
  5
B31
330
17
100
AcDbEntity
  8
KAPI-PENCERE
100
AcDbLine
 10
173050.0
 20
17450.0
 30
0.0
 11
171250.0
 21
17450.0
 31
0.0
  0
LINE
  5
B32
330
17
100
AcDbEntity
  8
DUVARLAR
100
AcDbLine
 10
166850.0
 20
17400.0
 30
0.0
 11
166850.0
 21
17600.0
 31
0.0
  0
LINE
  5
B33
330
17
100
AcDbEntity
  8
DUVARLAR
100
AcDbLine
 10
165050.0
 20
17400.0
 30
0.0
 11
165050.0
 21
17600.0
 31
0.0
  0
LINE
  5
B34
330
17
100
AcDbEntity
  8
KAPI-PENCERE
100
AcDbLine
 10
166850.0
 20
17550.0
 30
0.0
 11
165050.0
 21
17550.0
 31
0.0
  0
LINE
  5
B35
330
17
100
AcDbEntity
  8
KAPI-PENCERE
100
AcDbLine
 10
166850.0
 20
17450.0
 30
0.0
 11
165050.0
 21
17450.0
 31
0.0
  0
LINE
  5
B36
330
17
100
AcDbEntity
  8
DUVARLAR
100
AcDbLine
 10
161750.0
 20
17400.0
 30
0.0
 11
161750.0
 21
17600.0
 31
0.0
  0
LINE
  5
B37
330
17
100
AcDbEntity
  8
DUVARLAR
100
AcDbLine
 10
160550.0
 20
17400.0
 30
0.0
 11
160550.0
 21
17600.0
 31
0.0
  0
LINE
  5
B38
330
17
100
AcDbEntity
  8
KAPI-PENCERE
100
AcDbLine
 10
161750.0
 20
17550.0
 30
0.0
 11
160550.0
 21
17550.0
 31
0.0
  0
LINE
  5
B39
330
17
100
AcDbEntity
  8
KAPI-PENCERE
100
AcDbLine
 10
161750.0
 20
17450.0
 30
0.0
 11
160550.0
 21
17450.0
 31
0.0
  0
LINE
  5
B3A
330
17
100
AcDbEntity
  8
DUVARLAR
100
AcDbLine
 10
158550.0
 20
17400.0
 30
0.0
 11
158550.0
 21
17600.0
 31
0.0
  0
LINE
  5
B3B
330
17
100
AcDbEntity
  8
DUVARLAR
100
AcDbLine
 10
156750.0
 20
17400.0
 30
0.0
 11
156750.0
 21
17600.0
 31
0.0
  0
LINE
  5
B3C
330
17
100
AcDbEntity
  8
KAPI-PENCERE
100
AcDbLine
 10
158550.0
 20
17550.0
 30
0.0
 11
156750.0
 21
17550.0
 31
0.0
  0
LINE
  5
B3D
330
17
100
AcDbEntity
  8
KAPI-PENCERE
100
AcDbLine
 10
158550.0
 20
17450.0
 30
0.0
 11
156750.0
 21
17450.0
 31
0.0
  0
LINE
  5
B3E
330
17
100
AcDbEntity
  8
DUVARLAR
100
AcDbLine
 10
155750.0
 20
17400.0
 30
0.0
 11
155750.0
 21
15700.0
 31
0.0
  0
LINE
  5
B3F
330
17
100
AcDbEntity
  8
DUVARLAR
100
AcDbLine
 10
155750.0
 20
13900.0
 30
0.0
 11
155750.0
 21
7700.0
 31
0.0
  0
LINE
  5
B40
330
17
100
AcDbEntity
  8
DUVARLAR
100
AcDbLine
 10
155750.0
 20
6300.0
 30
0.0
 11
155750.0
 21
3200.0
 31
0.0
  0
LINE
  5
B41
330
17
100
AcDbEntity
  8
DUVARLAR
100
AcDbLine
 10
155750.0
 20
2000.0
 30
0.0
 11
155750.0
 21
100.0
 31
0.0
  0
LINE
  5
B42
330
17
100
AcDbEntity
  8
DUVARLAR
100
AcDbLine
 10
155550.0
 20
17600.0
 30
0.0
 11
155550.0
 21
15700.0
 31
0.0
  0
LINE
  5
B43
330
17
100
AcDbEntity
  8
DUVARLAR
100
AcDbLine
 10
155550.0
 20
13900.0
 30
0.0
 11
155550.0
 21
7700.0
 31
0.0
  0
LINE
  5
B44
330
17
100
AcDbEntity
  8
DUVARLAR
100
AcDbLine
 10
155550.0
 20
6300.0
 30
0.0
 11
155550.0
 21
3200.0
 31
0.0
  0
LINE
  5
B45
330
17
100
AcDbEntity
  8
DUVARLAR
100
AcDbLine
 10
155550.0
 20
2000.0
 30
0.0
 11
155550.0
 21
-100.0
 31
0.0
  0
LINE
  5
B46
330
17
100
AcDbEntity
  8
DUVARLAR
100
AcDbLine
 10
155750.0
 20
15700.0
 30
0.0
 11
155550.0
 21
15700.0
 31
0.0
  0
LINE
  5
B47
330
17
100
AcDbEntity
  8
DUVARLAR
100
AcDbLine
 10
155750.0
 20
13900.0
 30
0.0
 11
155550.0
 21
13900.0
 31
0.0
  0
LINE
  5
B48
330
17
100
AcDbEntity
  8
KAPI-PENCERE
100
AcDbLine
 10
155600.0
 20
15700.0
 30
0.0
 11
155600.0
 21
13900.0
 31
0.0
  0
LINE
  5
B49
330
17
100
AcDbEntity
  8
KAPI-PENCERE
100
AcDbLine
 10
155700.0
 20
15700.0
 30
0.0
 11
155700.0
 21
13900.0
 31
0.0
  0
LINE
  5
B4A
330
17
100
AcDbEntity
  8
DUVARLAR
100
AcDbLine
 10
155750.0
 20
7700.0
 30
0.0
 11
155550.0
 21
7700.0
 31
0.0
  0
LINE
  5
B4B
330
17
100
AcDbEntity
  8
DUVARLAR
100
AcDbLine
 10
155750.0
 20
6300.0
 30
0.0
 11
155550.0
 21
6300.0
 31
0.0
  0
LINE
  5
B4C
330
17
100
AcDbEntity
  8
KAPI-PENCERE
100
AcDbLine
 10
155600.0
 20
7700.0
 30
0.0
 11
155600.0
 21
6300.0
 31
0.0
  0
LINE
  5
B4D
330
17
100
AcDbEntity
  8
KAPI-PENCERE
100
AcDbLine
 10
155700.0
 20
7700.0
 30
0.0
 11
155700.0
 21
6300.0
 31
0.0
  0
LINE
  5
B4E
330
17
100
AcDbEntity
  8
DUVARLAR
100
AcDbLine
 10
155750.0
 20
3200.0
 30
0.0
 11
155550.0
 21
3200.0
 31
0.0
  0
LINE
  5
B4F
330
17
100
AcDbEntity
  8
DUVARLAR
100
AcDbLine
 10
155750.0
 20
2000.0
 30
0.0
 11
155550.0
 21
2000.0
 31
0.0
  0
LINE
  5
B50
330
17
100
AcDbEntity
  8
KAPI-PENCERE
100
AcDbLine
 10
155600.0
 20
3200.0
 30
0.0
 11
155600.0
 21
2000.0
 31
0.0
  0
LINE
  5
B51
330
17
100
AcDbEntity
  8
KAPI-PENCERE
100
AcDbLine
 10
155700.0
 20
3200.0
 30
0.0
 11
155700.0
 21
2000.0
 31
0.0
  0
LINE
  5
B52
330
17
100
AcDbEntity
  8
DUVARLAR
100
AcDbLine
 10
157975.0
 20
9950.0
 30
0.0
 11
157975.0
 21
10600.0
 31
0.0
  0
LINE
  5
B53
330
17
100
AcDbEntity
  8
DUVARLAR
100
AcDbLine
 10
158125.0
 20
9800.0
 30
0.0
 11
158125.0
 21
10450.0
 31
0.0
  0
LINE
  5
B54
330
17
100
AcDbEntity
  8
DUVARLAR
100
AcDbLine
 10
158625.0
 20
8875.0
 30
0.0
 11
158625.0
 21
12025.0
 31
0.0
  0
LINE
  5
B55
330
17
100
AcDbEntity
  8
DUVARLAR
100
AcDbLine
 10
158775.0
 20
8875.0
 30
0.0
 11
158775.0
 21
12025.0
 31
0.0
  0
LINE
  5
B56
330
17
100
AcDbEntity
  8
DUVARLAR
100
AcDbLine
 10
160625.0
 20
5350.0
 30
0.0
 11
160625.0
 21
6600.0
 31
0.0
  0
LINE
  5
B57
330
17
100
AcDbEntity
  8
DUVARLAR
100
AcDbLine
 10
160625.0
 20
7400.0
 30
0.0
 11
160625.0
 21
9150.0
 31
0.0
  0
LINE
  5
B58
330
17
100
AcDbEntity
  8
DUVARLAR
100
AcDbLine
 10
160625.0
 20
9850.0
 30
0.0
 11
160625.0
 21
10800.0
 31
0.0
  0
LINE
  5
B59
330
17
100
AcDbEntity
  8
DUVARLAR
100
AcDbLine
 10
160625.0
 20
11500.0
 30
0.0
 11
160625.0
 21
12900.0
 31
0.0
  0
LINE
  5
B5A
330
17
100
AcDbEntity
  8
DUVARLAR
100
AcDbLine
 10
160625.0
 20
13700.0
 30
0.0
 11
160625.0
 21
14275.0
 31
0.0
  0
LINE
  5
B5B
330
17
100
AcDbEntity
  8
DUVARLAR
100
AcDbLine
 10
160775.0
 20
5350.0
 30
0.0
 11
160775.0
 21
6600.0
 31
0.0
  0
LINE
  5
B5C
330
17
100
AcDbEntity
  8
DUVARLAR
100
AcDbLine
 10
160775.0
 20
7400.0
 30
0.0
 11
160775.0
 21
9150.0
 31
0.0
  0
LINE
  5
B5D
330
17
100
AcDbEntity
  8
DUVARLAR
100
AcDbLine
 10
160775.0
 20
9850.0
 30
0.0
 11
160775.0
 21
10800.0
 31
0.0
  0
LINE
  5
B5E
330
17
100
AcDbEntity
  8
DUVARLAR
100
AcDbLine
 10
160775.0
 20
11500.0
 30
0.0
 11
160775.0
 21
12900.0
 31
0.0
  0
LINE
  5
B5F
330
17
100
AcDbEntity
  8
DUVARLAR
100
AcDbLine
 10
160775.0
 20
13700.0
 30
0.0
 11
160775.0
 21
14125.0
 31
0.0
  0
LINE
  5
B60
330
17
100
AcDbEntity
  8
DUVARLAR
100
AcDbLine
 10
160625.0
 20
6600.0
 30
0.0
 11
160775.0
 21
6600.0
 31
0.0
  0
LINE
  5
B61
330
17
100
AcDbEntity
  8
DUVARLAR
100
AcDbLine
 10
160625.0
 20
7400.0
 30
0.0
 11
160775.0
 21
7400.0
 31
0.0
  0
LINE
  5
B62
330
17
100
AcDbEntity
  8
KAPI-PENCERE
100
AcDbLine
 10
160700.0
 20
6600.0
 30
0.0
 11
159900.0
 21
6600.0
 31
0.0
  0
ARC
  5
B63
330
17
100
AcDbEntity
  8
KAPI-PENCERE
100
AcDbCircle
 10
160700.0
 20
6600.0
 30
0.0
 40
800.0
100
AcDbArc
 50
90.0
 51
180.0
  0
LINE
  5
B64
330
17
100
AcDbEntity
  8
DUVARLAR
100
AcDbLine
 10
160625.0
 20
9150.0
 30
0.0
 11
160775.0
 21
9150.0
 31
0.0
  0
LINE
  5
B65
330
17
100
AcDbEntity
  8
DUVARLAR
100
AcDbLine
 10
160625.0
 20
9850.0
 30
0.0
 11
160775.0
 21
9850.0
 31
0.0
  0
LINE
  5
B66
330
17
100
AcDbEntity
  8
KAPI-PENCERE
100
AcDbLine
 10
160700.0
 20
9150.0
 30
0.0
 11
160000.0
 21
9150.0
 31
0.0
  0
ARC
  5
B67
330
17
100
AcDbEntity
  8
KAPI-PENCERE
100
AcDbCircle
 10
160700.0
 20
9150.0
 30
0.0
 40
700.0
100
AcDbArc
 50
90.0
 51
180.0
  0
LINE
  5
B68
330
17
100
AcDbEntity
  8
DUVARLAR
100
AcDbLine
 10
160625.0
 20
10800.0
 30
0.0
 11
160775.0
 21
10800.0
 31
0.0
  0
LINE
  5
B69
330
17
100
AcDbEntity
  8
DUVARLAR
100
AcDbLine
 10
160625.0
 20
11500.0
 30
0.0
 11
160775.0
 21
11500.0
 31
0.0
  0
LINE
  5
B6A
330
17
100
AcDbEntity
  8
KAPI-PENCERE
100
AcDbLine
 10
160700.0
 20
10800.0
 30
0.0
 11
160000.0
 21
10800.0
 31
0.0
  0
ARC
  5
B6B
330
17
100
AcDbEntity
  8
KAPI-PENCERE
100
AcDbCircle
 10
160700.0
 20
10800.0
 30
0.0
 40
700.0
100
AcDbArc
 50
90.0
 51
180.0
  0
LINE
  5
B6C
330
17
100
AcDbEntity
  8
DUVARLAR
100
AcDbLine
 10
160625.0
 20
12900.0
 30
0.0
 11
160775.0
 21
12900.0
 31
0.0
  0
LINE
  5
B6D
330
17
100
AcDbEntity
  8
DUVARLAR
100
AcDbLine
 10
160625.0
 20
13700.0
 30
0.0
 11
160775.0
 21
13700.0
 31
0.0
  0
LINE
  5
B6E
330
17
100
AcDbEntity
  8
KAPI-PENCERE
100
AcDbLine
 10
160700.0
 20
12900.0
 30
0.0
 11
159900.0
 21
12900.0
 31
0.0
  0
ARC
  5
B6F
330
17
100
AcDbEntity
  8
KAPI-PENCERE
100
AcDbCircle
 10
160700.0
 20
12900.0
 30
0.0
 40
800.0
100
AcDbArc
 50
90.0
 51
180.0
  0
LINE
  5
B70
330
17
100
AcDbEntity
  8
DUVARLAR
100
AcDbLine
 10
162500.0
 20
5350.0
 30
0.0
 11
162500.0
 21
5850.0
 31
0.0
  0
LINE
  5
B71
330
17
100
AcDbEntity
  8
DUVARLAR
100
AcDbLine
 10
162500.0
 20
6750.0
 30
0.0
 11
162500.0
 21
11400.0
 31
0.0
  0
LINE
  5
B72
330
17
100
AcDbEntity
  8
DUVARLAR
100
AcDbLine
 10
162700.0
 20
5350.0
 30
0.0
 11
162700.0
 21
5850.0
 31
0.0
  0
LINE
  5
B73
330
17
100
AcDbEntity
  8
DUVARLAR
100
AcDbLine
 10
162700.0
 20
6750.0
 30
0.0
 11
162700.0
 21
11200.0
 31
0.0
  0
LINE
  5
B74
330
17
100
AcDbEntity
  8
DUVARLAR
100
AcDbLine
 10
162500.0
 20
5850.0
 30
0.0
 11
162700.0
 21
5850.0
 31
0.0
  0
LINE
  5
B75
330
17
100
AcDbEntity
  8
DUVARLAR
100
AcDbLine
 10
162500.0
 20
6750.0
 30
0.0
 11
162700.0
 21
6750.0
 31
0.0
  0
LINE
  5
B76
330
17
100
AcDbEntity
  8
KAPI-PENCERE
100
AcDbLine
 10
162600.0
 20
5850.0
 30
0.0
 11
161700.0
 21
5850.0
 31
0.0
  0
ARC
  5
B77
330
17
100
AcDbEntity
  8
KAPI-PENCERE
100
AcDbCircle
 10
162600.0
 20
5850.0
 30
0.0
 40
900.0
100
AcDbArc
 50
90.0
 51
180.0
  0
LINE
  5
B78
330
17
100
AcDbEntity
  8
DUVARLAR
100
AcDbLine
 10
162525.0
 20
11400.0
 30
0.0
 11
162525.0
 21
11500.0
 31
0.0
  0
LINE
  5
B79
330
17
100
AcDbEntity
  8
DUVARLAR
100
AcDbLine
 10
162525.0
 20
12100.0
 30
0.0
 11
162525.0
 21
12375.0
 31
0.0
  0
LINE
  5
B7A
330
17
100
AcDbEntity
  8
DUVARLAR
100
AcDbLine
 10
162675.0
 20
11200.0
 30
0.0
 11
162675.0
 21
11500.0
 31
0.0
  0
LINE
  5
B7B
330
17
100
AcDbEntity
  8
DUVARLAR
100
AcDbLine
 10
162675.0
 20
12100.0
 30
0.0
 11
162675.0
 21
12225.0
 31
0.0
  0
LINE
  5
B7C
330
17
100
AcDbEntity
  8
DUVARLAR
100
AcDbLine
 10
162525.0
 20
11500.0
 30
0.0
 11
162675.0
 21
11500.0
 31
0.0
  0
LINE
  5
B7D
330
17
100
AcDbEntity
  8
DUVARLAR
100
AcDbLine
 10
162525.0
 20
12100.0
 30
0.0
 11
162675.0
 21
12100.0
 31
0.0
  0
LINE
  5
B7E
330
17
100
AcDbEntity
  8
KAPI-PENCERE
100
AcDbLine
 10
162600.0
 20
11500.0
 30
0.0
 11
163200.0
 21
11500.0
 31
0.0
  0
ARC
  5
B7F
330
17
100
AcDbEntity
  8
KAPI-PENCERE
100
AcDbCircle
 10
162600.0
 20
11500.0
 30
0.0
 40
600.0
100
AcDbArc
 50
-0.0
 51
90.0
  0
LINE
  5
B80
330
17
100
AcDbEntity
  8
DUVARLAR
100
AcDbLine
 10
162575.0
 20
100.0
 30
0.0
 11
162575.0
 21
3900.0
 31
0.0
  0
LINE
  5
B81
330
17
100
AcDbEntity
  8
DUVARLAR
100
AcDbLine
 10
162575.0
 20
4700.0
 30
0.0
 11
162575.0
 21
5150.0
 31
0.0
  0
LINE
  5
B82
330
17
100
AcDbEntity
  8
DUVARLAR
100
AcDbLine
 10
162725.0
 20
100.0
 30
0.0
 11
162725.0
 21
3900.0
 31
0.0
  0
LINE
  5
B83
330
17
100
AcDbEntity
  8
DUVARLAR
100
AcDbLine
 10
162725.0
 20
4700.0
 30
0.0
 11
162725.0
 21
5150.0
 31
0.0
  0
LINE
  5
B84
330
17
100
AcDbEntity
  8
DUVARLAR
100
AcDbLine
 10
162575.0
 20
3900.0
 30
0.0
 11
162725.0
 21
3900.0
 31
0.0
  0
LINE
  5
B85
330
17
100
AcDbEntity
  8
DUVARLAR
100
AcDbLine
 10
162575.0
 20
4700.0
 30
0.0
 11
162725.0
 21
4700.0
 31
0.0
  0
LINE
  5
B86
330
17
100
AcDbEntity
  8
KAPI-PENCERE
100
AcDbLine
 10
162650.0
 20
3900.0
 30
0.0
 11
161850.0
 21
3900.0
 31
0.0
  0
ARC
  5
B87
330
17
100
AcDbEntity
  8
KAPI-PENCERE
100
AcDbCircle
 10
162650.0
 20
3900.0
 30
0.0
 40
800.0
100
AcDbArc
 50
90.0
 51
180.0
  0
LINE
  5
B88
330
17
100
AcDbEntity
  8
DUVARLAR
100
AcDbLine
 10
162575.0
 20
12375.0
 30
0.0
 11
162575.0
 21
12800.0
 31
0.0
  0
LINE
  5
B89
330
17
100
AcDbEntity
  8
DUVARLAR
100
AcDbLine
 10
162575.0
 20
13600.0
 30
0.0
 11
162575.0
 21
17400.0
 31
0.0
  0
LINE
  5
B8A
330
17
100
AcDbEntity
  8
DUVARLAR
100
AcDbLine
 10
162725.0
 20
12375.0
 30
0.0
 11
162725.0
 21
12800.0
 31
0.0
  0
LINE
  5
B8B
330
17
100
AcDbEntity
  8
DUVARLAR
100
AcDbLine
 10
162725.0
 20
13600.0
 30
0.0
 11
162725.0
 21
17400.0
 31
0.0
  0
LINE
  5
B8C
330
17
100
AcDbEntity
  8
DUVARLAR
100
AcDbLine
 10
162575.0
 20
12800.0
 30
0.0
 11
162725.0
 21
12800.0
 31
0.0
  0
LINE
  5
B8D
330
17
100
AcDbEntity
  8
DUVARLAR
100
AcDbLine
 10
162575.0
 20
13600.0
 30
0.0
 11
162725.0
 21
13600.0
 31
0.0
  0
LINE
  5
B8E
330
17
100
AcDbEntity
  8
KAPI-PENCERE
100
AcDbLine
 10
162650.0
 20
12800.0
 30
0.0
 11
163450.0
 21
12800.0
 31
0.0
  0
ARC
  5
B8F
330
17
100
AcDbEntity
  8
KAPI-PENCERE
100
AcDbCircle
 10
162650.0
 20
12800.0
 30
0.0
 40
800.0
100
AcDbArc
 50
-0.0
 51
90.0
  0
LINE
  5
B90
330
17
100
AcDbEntity
  8
DUVARLAR
100
AcDbLine
 10
164600.0
 20
8400.0
 30
0.0
 11
164600.0
 21
12400.0
 31
0.0
  0
LINE
  5
B91
330
17
100
AcDbEntity
  8
DUVARLAR
100
AcDbLine
 10
164800.0
 20
8400.0
 30
0.0
 11
164800.0
 21
12200.0
 31
0.0
  0
LINE
  5
B92
330
17
100
AcDbEntity
  8
DUVARLAR
100
AcDbLine
 10
165675.0
 20
100.0
 30
0.0
 11
165675.0
 21
3275.0
 31
0.0
  0
LINE
  5
B93
330
17
100
AcDbEntity
  8
DUVARLAR
100
AcDbLine
 10
165825.0
 20
100.0
 30
0.0
 11
165825.0
 21
3275.0
 31
0.0
  0
LINE
  5
B94
330
17
100
AcDbEntity
  8
DUVARLAR
100
AcDbLine
 10
167425.0
 20
1775.0
 30
0.0
 11
167425.0
 21
3275.0
 31
0.0
  0
LINE
  5
B95
330
17
100
AcDbEntity
  8
DUVARLAR
100
AcDbLine
 10
167575.0
 20
1625.0
 30
0.0
 11
167575.0
 21
3275.0
 31
0.0
  0
LINE
  5
B96
330
17
100
AcDbEntity
  8
DUVARLAR
100
AcDbLine
 10
167975.0
 20
1125.0
 30
0.0
 11
167975.0
 21
1625.0
 31
0.0
  0
LINE
  5
B97
330
17
100
AcDbEntity
  8
DUVARLAR
100
AcDbLine
 10
168125.0
 20
975.0
 30
0.0
 11
168125.0
 21
1625.0
 31
0.0
  0
LINE
  5
B98
330
17
100
AcDbEntity
  8
DUVARLAR
100
AcDbLine
 10
168600.0
 20
100.0
 30
0.0
 11
168600.0
 21
5300.0
 31
0.0
  0
LINE
  5
B99
330
17
100
AcDbEntity
  8
DUVARLAR
100
AcDbLine
 10
168600.0
 20
6200.0
 30
0.0
 11
168600.0
 21
17400.0
 31
0.0
  0
LINE
  5
B9A
330
17
100
AcDbEntity
  8
DUVARLAR
100
AcDbLine
 10
168800.0
 20
100.0
 30
0.0
 11
168800.0
 21
5300.0
 31
0.0
  0
LINE
  5
B9B
330
17
100
AcDbEntity
  8
DUVARLAR
100
AcDbLine
 10
168800.0
 20
6200.0
 30
0.0
 11
168800.0
 21
17400.0
 31
0.0
  0
LINE
  5
B9C
330
17
100
AcDbEntity
  8
DUVARLAR
100
AcDbLine
 10
168600.0
 20
5300.0
 30
0.0
 11
168800.0
 21
5300.0
 31
0.0
  0
LINE
  5
B9D
330
17
100
AcDbEntity
  8
DUVARLAR
100
AcDbLine
 10
168600.0
 20
6200.0
 30
0.0
 11
168800.0
 21
6200.0
 31
0.0
  0
LINE
  5
B9E
330
17
100
AcDbEntity
  8
KAPI-PENCERE
100
AcDbLine
 10
168700.0
 20
5300.0
 30
0.0
 11
169600.0
 21
5300.0
 31
0.0
  0
ARC
  5
B9F
330
17
100
AcDbEntity
  8
KAPI-PENCERE
100
AcDbCircle
 10
168700.0
 20
5300.0
 30
0.0
 40
900.0
100
AcDbArc
 50
-0.0
 51
90.0
  0
LINE
  5
BA0
330
17
100
AcDbEntity
  8
DUVARLAR
100
AcDbLine
 10
170525.0
 20
4375.0
 30
0.0
 11
170525.0
 21
6400.0
 31
0.0
  0
LINE
  5
BA1
330
17
100
AcDbEntity
  8
DUVARLAR
100
AcDbLine
 10
170525.0
 20
7200.0
 30
0.0
 11
170525.0
 21
9850.0
 31
0.0
  0
LINE
  5
BA2
330
17
100
AcDbEntity
  8
DUVARLAR
100
AcDbLine
 10
170525.0
 20
10550.0
 30
0.0
 11
170525.0
 21
11350.0
 31
0.0
  0
LINE
  5
BA3
330
17
100
AcDbEntity
  8
DUVARLAR
100
AcDbLine
 10
170525.0
 20
12050.0
 30
0.0
 11
170525.0
 21
13225.0
 31
0.0
  0
LINE
  5
BA4
330
17
100
AcDbEntity
  8
DUVARLAR
100
AcDbLine
 10
170675.0
 20
4375.0
 30
0.0
 11
170675.0
 21
6400.0
 31
0.0
  0
LINE
  5
BA5
330
17
100
AcDbEntity
  8
DUVARLAR
100
AcDbLine
 10
170675.0
 20
7200.0
 30
0.0
 11
170675.0
 21
9850.0
 31
0.0
  0
LINE
  5
BA6
330
17
100
AcDbEntity
  8
DUVARLAR
100
AcDbLine
 10
170675.0
 20
10550.0
 30
0.0
 11
170675.0
 21
11350.0
 31
0.0
  0
LINE
  5
BA7
330
17
100
AcDbEntity
  8
DUVARLAR
100
AcDbLine
 10
170675.0
 20
12050.0
 30
0.0
 11
170675.0
 21
13225.0
 31
0.0
  0
LINE
  5
BA8
330
17
100
AcDbEntity
  8
DUVARLAR
100
AcDbLine
 10
170525.0
 20
6400.0
 30
0.0
 11
170675.0
 21
6400.0
 31
0.0
  0
LINE
  5
BA9
330
17
100
AcDbEntity
  8
DUVARLAR
100
AcDbLine
 10
170525.0
 20
7200.0
 30
0.0
 11
170675.0
 21
7200.0
 31
0.0
  0
LINE
  5
BAA
330
17
100
AcDbEntity
  8
KAPI-PENCERE
100
AcDbLine
 10
170600.0
 20
6400.0
 30
0.0
 11
171400.0
 21
6400.0
 31
0.0
  0
ARC
  5
BAB
330
17
100
AcDbEntity
  8
KAPI-PENCERE
100
AcDbCircle
 10
170600.0
 20
6400.0
 30
0.0
 40
800.0
100
AcDbArc
 50
-0.0
 51
90.0
  0
LINE
  5
BAC
330
17
100
AcDbEntity
  8
DUVARLAR
100
AcDbLine
 10
170525.0
 20
9850.0
 30
0.0
 11
170675.0
 21
9850.0
 31
0.0
  0
LINE
  5
BAD
330
17
100
AcDbEntity
  8
DUVARLAR
100
AcDbLine
 10
170525.0
 20
10550.0
 30
0.0
 11
170675.0
 21
10550.0
 31
0.0
  0
LINE
  5
BAE
330
17
100
AcDbEntity
  8
KAPI-PENCERE
100
AcDbLine
 10
170600.0
 20
9850.0
 30
0.0
 11
171300.0
 21
9850.0
 31
0.0
  0
ARC
  5
BAF
330
17
100
AcDbEntity
  8
KAPI-PENCERE
100
AcDbCircle
 10
170600.0
 20
9850.0
 30
0.0
 40
700.0
100
AcDbArc
 50
-0.0
 51
90.0
  0
LINE
  5
BB0
330
17
100
AcDbEntity
  8
DUVARLAR
100
AcDbLine
 10
170525.0
 20
11350.0
 30
0.0
 11
170675.0
 21
11350.0
 31
0.0
  0
LINE
  5
BB1
330
17
100
AcDbEntity
  8
DUVARLAR
100
AcDbLine
 10
170525.0
 20
12050.0
 30
0.0
 11
170675.0
 21
12050.0
 31
0.0
  0
LINE
  5
BB2
330
17
100
AcDbEntity
  8
KAPI-PENCERE
100
AcDbLine
 10
170600.0
 20
11350.0
 30
0.0
 11
171300.0
 21
11350.0
 31
0.0
  0
ARC
  5
BB3
330
17
100
AcDbEntity
  8
KAPI-PENCERE
100
AcDbCircle
 10
170600.0
 20
11350.0
 30
0.0
 40
700.0
100
AcDbArc
 50
-0.0
 51
90.0
  0
LINE
  5
BB4
330
17
100
AcDbEntity
  8
DUVARLAR
100
AcDbLine
 10
172575.0
 20
10650.0
 30
0.0
 11
172575.0
 21
11300.0
 31
0.0
  0
LINE
  5
BB5
330
17
100
AcDbEntity
  8
DUVARLAR
100
AcDbLine
 10
172725.0
 20
10500.0
 30
0.0
 11
172725.0
 21
11150.0
 31
0.0
  0
LINE
  5
BB6
330
17
100
AcDbEntity
  8
DUVARLAR
100
AcDbLine
 10
173225.0
 20
9575.0
 30
0.0
 11
173225.0
 21
13225.0
 31
0.0
  0
LINE
  5
BB7
330
17
100
AcDbEntity
  8
DUVARLAR
100
AcDbLine
 10
173375.0
 20
9425.0
 30
0.0
 11
173375.0
 21
13225.0
 31
0.0
  0
LINE
  5
BB8
330
17
100
AcDbEntity
  8
DUVARLAR
100
AcDbLine
 10
175550.0
 20
100.0
 30
0.0
 11
175550.0
 21
1450.0
 31
0.0
  0
LINE
  5
BB9
330
17
100
AcDbEntity
  8
DUVARLAR
100
AcDbLine
 10
175550.0
 20
2850.0
 30
0.0
 11
175550.0
 21
6000.0
 31
0.0
  0
LINE
  5
BBA
330
17
100
AcDbEntity
  8
DUVARLAR
100
AcDbLine
 10
175550.0
 20
7800.0
 30
0.0
 11
175550.0
 21
10800.0
 31
0.0
  0
LINE
  5
BBB
330
17
100
AcDbEntity
  8
DUVARLAR
100
AcDbLine
 10
175550.0
 20
12000.0
 30
0.0
 11
175550.0
 21
14700.0
 31
0.0
  0
LINE
  5
BBC
330
17
100
AcDbEntity
  8
DUVARLAR
100
AcDbLine
 10
175550.0
 20
16100.0
 30
0.0
 11
175550.0
 21
17400.0
 31
0.0
  0
LINE
  5
BBD
330
17
100
AcDbEntity
  8
DUVARLAR
100
AcDbLine
 10
175750.0
 20
-100.0
 30
0.0
 11
175750.0
 21
1450.0
 31
0.0
  0
LINE
  5
BBE
330
17
100
AcDbEntity
  8
DUVARLAR
100
AcDbLine
 10
175750.0
 20
2850.0
 30
0.0
 11
175750.0
 21
6000.0
 31
0.0
  0
LINE
  5
BBF
330
17
100
AcDbEntity
  8
DUVARLAR
100
AcDbLine
 10
175750.0
 20
7800.0
 30
0.0
 11
175750.0
 21
10800.0
 31
0.0
  0
LINE
  5
BC0
330
17
100
AcDbEntity
  8
DUVARLAR
100
AcDbLine
 10
175750.0
 20
12000.0
 30
0.0
 11
175750.0
 21
14700.0
 31
0.0
  0
LINE
  5
BC1
330
17
100
AcDbEntity
  8
DUVARLAR
100
AcDbLine
 10
175750.0
 20
16100.0
 30
0.0
 11
175750.0
 21
17600.0
 31
0.0
  0
LINE
  5
BC2
330
17
100
AcDbEntity
  8
DUVARLAR
100
AcDbLine
 10
175550.0
 20
1450.0
 30
0.0
 11
175750.0
 21
1450.0
 31
0.0
  0
LINE
  5
BC3
330
17
100
AcDbEntity
  8
DUVARLAR
100
AcDbLine
 10
175550.0
 20
2850.0
 30
0.0
 11
175750.0
 21
2850.0
 31
0.0
  0
LINE
  5
BC4
330
17
100
AcDbEntity
  8
KAPI-PENCERE
100
AcDbLine
 10
175700.0
 20
1450.0
 30
0.0
 11
175700.0
 21
2850.0
 31
0.0
  0
LINE
  5
BC5
330
17
100
AcDbEntity
  8
KAPI-PENCERE
100
AcDbLine
 10
175600.0
 20
1450.0
 30
0.0
 11
175600.0
 21
2850.0
 31
0.0
  0
LINE
  5
BC6
330
17
100
AcDbEntity
  8
DUVARLAR
100
AcDbLine
 10
175550.0
 20
6000.0
 30
0.0
 11
175750.0
 21
6000.0
 31
0.0
  0
LINE
  5
BC7
330
17
100
AcDbEntity
  8
DUVARLAR
100
AcDbLine
 10
175550.0
 20
7800.0
 30
0.0
 11
175750.0
 21
7800.0
 31
0.0
  0
LINE
  5
BC8
330
17
100
AcDbEntity
  8
KAPI-PENCERE
100
AcDbLine
 10
175700.0
 20
6000.0
 30
0.0
 11
175700.0
 21
7800.0
 31
0.0
  0
LINE
  5
BC9
330
17
100
AcDbEntity
  8
KAPI-PENCERE
100
AcDbLine
 10
175600.0
 20
6000.0
 30
0.0
 11
175600.0
 21
7800.0
 31
0.0
  0
LINE
  5
BCA
330
17
100
AcDbEntity
  8
DUVARLAR
100
AcDbLine
 10
175550.0
 20
10800.0
 30
0.0
 11
175750.0
 21
10800.0
 31
0.0
  0
LINE
  5
BCB
330
17
100
AcDbEntity
  8
DUVARLAR
100
AcDbLine
 10
175550.0
 20
12000.0
 30
0.0
 11
175750.0
 21
12000.0
 31
0.0
  0
LINE
  5
BCC
330
17
100
AcDbEntity
  8
KAPI-PENCERE
100
AcDbLine
 10
175700.0
 20
10800.0
 30
0.0
 11
175700.0
 21
12000.0
 31
0.0
  0
LINE
  5
BCD
330
17
100
AcDbEntity
  8
KAPI-PENCERE
100
AcDbLine
 10
175600.0
 20
10800.0
 30
0.0
 11
175600.0
 21
12000.0
 31
0.0
  0
LINE
  5
BCE
330
17
100
AcDbEntity
  8
DUVARLAR
100
AcDbLine
 10
175550.0
 20
14700.0
 30
0.0
 11
175750.0
 21
14700.0
 31
0.0
  0
LINE
  5
BCF
330
17
100
AcDbEntity
  8
DUVARLAR
100
AcDbLine
 10
175550.0
 20
16100.0
 30
0.0
 11
175750.0
 21
16100.0
 31
0.0
  0
LINE
  5
BD0
330
17
100
AcDbEntity
  8
KAPI-PENCERE
100
AcDbLine
 10
175700.0
 20
14700.0
 30
0.0
 11
175700.0
 21
16100.0
 31
0.0
  0
LINE
  5
BD1
330
17
100
AcDbEntity
  8
KAPI-PENCERE
100
AcDbLine
 10
175600.0
 20
14700.0
 30
0.0
 11
175600.0
 21
16100.0
 31
0.0
  0
INSERT
  5
BD2
330
17
100
AcDbEntity
  8
METIN
100
AcDbBlockReference
 66
1
  2
MAHAL_ETIKET
 10
163650.0
 20
9800.0
 30
0.0
 41
2.0
 42
2.0
  0
ATTRIB
  5
BD4
330
17
100
AcDbEntity
  8
METIN
100
AcDbText
 10
163650.0
 20
10036.0
 30
0.0
 40
200.0
  1
ASANSOR
 72
1
 11
163650.0
 21
10036.0
 31
0.0
100
AcDbAttribute
  2
MAHAL_ADI
 70
0
 74
2
  0
ATTRIB
  5
BD5
330
17
100
AcDbEntity
  8
METIN
100
AcDbText
 10
163650.0
 20
9778.0
 30
0.0
 40
156.0
  1
K3-01
 72
1
 11
163650.0
 21
9778.0
 31
0.0
100
AcDbAttribute
  2
MAHAL_KOD
 70
0
 74
2
  0
ATTRIB
  5
BD6
330
17
100
AcDbEntity
  8
METIN
100
AcDbText
 10
163650.0
 20
9542.0
 30
0.0
 40
156.0
  1
5.3 m2
 72
1
 11
163650.0
 21
9542.0
 31
0.0
100
AcDbAttribute
  2
ALAN
 70
0
 74
2
  0
SEQEND
  5
BD3
330
BD2
100
AcDbEntity
  8
METIN
  0
INSERT
  5
BD7
330
17
100
AcDbEntity
  8
METIN
100
AcDbBlockReference
 66
1
  2
MAHAL_ETIKET
 10
166700.0
 20
10300.0
 30
0.0
 41
2.0
 42
2.0
  0
ATTRIB
  5
BD9
330
17
100
AcDbEntity
  8
METIN
100
AcDbText
 10
166700.0
 20
10536.0
 30
0.0
 40
200.0
  1
MERDIVEN
 72
1
 11
166700.0
 21
10536.0
 31
0.0
100
AcDbAttribute
  2
MAHAL_ADI
 70
0
 74
2
  0
ATTRIB
  5
BDA
330
17
100
AcDbEntity
  8
METIN
100
AcDbText
 10
166700.0
 20
10278.0
 30
0.0
 40
156.0
  1
K3-02
 72
1
 11
166700.0
 21
10278.0
 31
0.0
100
AcDbAttribute
  2
MAHAL_KOD
 70
0
 74
2
  0
ATTRIB
  5
BDB
330
17
100
AcDbEntity
  8
METIN
100
AcDbText
 10
166700.0
 20
10042.0
 30
0.0
 40
156.0
  1
14.4 m2
 72
1
 11
166700.0
 21
10042.0
 31
0.0
100
AcDbAttribute
  2
ALAN
 70
0
 74
2
  0
SEQEND
  5
BD8
330
BD7
100
AcDbEntity
  8
METIN
  0
INSERT
  5
BDC
330
17
100
AcDbEntity
  8
METIN
100
AcDbBlockReference
 66
1
  2
MAHAL_ETIKET
 10
165650.0
 20
6775.0
 30
0.0
 41
2.0
 42
2.0
  0
ATTRIB
  5
BDE
330
17
100
AcDbEntity
  8
METIN
100
AcDbText
 10
165650.0
 20
7011.0
 30
0.0
 40
200.0
  1
KAT HOLU
 72
1
 11
165650.0
 21
7011.0
 31
0.0
100
AcDbAttribute
  2
MAHAL_ADI
 70
0
 74
2
  0
ATTRIB
  5
BDF
330
17
100
AcDbEntity
  8
METIN
100
AcDbText
 10
165650.0
 20
6753.0
 30
0.0
 40
156.0
  1
K3-03
 72
1
 11
165650.0
 21
6753.0
 31
0.0
100
AcDbAttribute
  2
MAHAL_KOD
 70
0
 74
2
  0
ATTRIB
  5
BE0
330
17
100
AcDbEntity
  8
METIN
100
AcDbText
 10
165650.0
 20
6517.0
 30
0.0
 40
156.0
  1
16.8 m2
 72
1
 11
165650.0
 21
6517.0
 31
0.0
100
AcDbAttribute
  2
ALAN
 70
0
 74
2
  0
SEQEND
  5
BDD
330
BDC
100
AcDbEntity
  8
METIN
  0
INSERT
  5
BE1
330
17
100
AcDbEntity
  8
METIN
100
AcDbBlockReference
 66
1
  2
MAHAL_ETIKET
 10
169650.0
 20
8800.0
 30
0.0
 41
2.0
 42
2.0
  0
ATTRIB
  5
BE3
330
17
100
AcDbEntity
  8
METIN
100
AcDbText
 10
169650.0
 20
9036.0
 30
0.0
 40
200.0
  1
HOL
 72
1
 11
169650.0
 21
9036.0
 31
0.0
100
AcDbAttribute
  2
MAHAL_ADI
 70
0
 74
2
  0
ATTRIB
  5
BE4
330
17
100
AcDbEntity
  8
METIN
100
AcDbText
 10
169650.0
 20
8778.0
 30
0.0
 40
156.0
  1
K3-04
 72
1
 11
169650.0
 21
8778.0
 31
0.0
100
AcDbAttribute
  2
MAHAL_KOD
 70
0
 74
2
  0
ATTRIB
  5
BE5
330
17
100
AcDbEntity
  8
METIN
100
AcDbText
 10
169650.0
 20
8542.0
 30
0.0
 40
156.0
  1
15.3 m2
 72
1
 11
169650.0
 21
8542.0
 31
0.0
100
AcDbAttribute
  2
ALAN
 70
0
 74
2
  0
SEQEND
  5
BE2
330
BE1
100
AcDbEntity
  8
METIN
  0
INSERT
  5
BE6
330
17
100
AcDbEntity
  8
METIN
100
AcDbBlockReference
 66
1
  2
MAHAL_ETIKET
 10
172175.0
 20
2150.0
 30
0.0
 41
2.0
 42
2.0
  0
ATTRIB
  5
BE8
330
17
100
AcDbEntity
  8
METIN
100
AcDbText
 10
172175.0
 20
2386.0
 30
0.0
 40
200.0
  1
ODA 2
 72
1
 11
172175.0
 21
2386.0
 31
0.0
100
AcDbAttribute
  2
MAHAL_ADI
 70
0
 74
2
  0
ATTRIB
  5
BE9
330
17
100
AcDbEntity
  8
METIN
100
AcDbText
 10
172175.0
 20
2128.0
 30
0.0
 40
156.0
  1
K3-05
 72
1
 11
172175.0
 21
2128.0
 31
0.0
100
AcDbAttribute
  2
MAHAL_KOD
 70
0
 74
2
  0
ATTRIB
  5
BEA
330
17
100
AcDbEntity
  8
METIN
100
AcDbText
 10
172175.0
 20
1892.0
 30
0.0
 40
156.0
  1
27.8 m2
 72
1
 11
172175.0
 21
1892.0
 31
0.0
100
AcDbAttribute
  2
ALAN
 70
0
 74
2
  0
SEQEND
  5
BE7
330
BE6
100
AcDbEntity
  8
METIN
  0
INSERT
  5
BEB
330
17
100
AcDbEntity
  8
METIN
100
AcDbBlockReference
 66
1
  2
MAHAL_ETIKET
 10
173125.0
 20
6900.0
 30
0.0
 41
2.0
 42
2.0
  0
ATTRIB
  5
BED
330
17
100
AcDbEntity
  8
METIN
100
AcDbText
 10
173125.0
 20
7136.0
 30
0.0
 40
200.0
  1
SALON
 72
1
 11
173125.0
 21
7136.0
 31
0.0
100
AcDbAttribute
  2
MAHAL_ADI
 70
0
 74
2
  0
ATTRIB
  5
BEE
330
17
100
AcDbEntity
  8
METIN
100
AcDbText
 10
173125.0
 20
6878.0
 30
0.0
 40
156.0
  1
K3-06
 72
1
 11
173125.0
 21
6878.0
 31
0.0
100
AcDbAttribute
  2
MAHAL_KOD
 70
0
 74
2
  0
ATTRIB
  5
BEF
330
17
100
AcDbEntity
  8
METIN
100
AcDbText
 10
173125.0
 20
6642.0
 30
0.0
 40
156.0
  1
24.6 m2
 72
1
 11
173125.0
 21
6642.0
 31
0.0
100
AcDbAttribute
  2
ALAN
 70
0
 74
2
  0
SEQEND
  5
BEC
330
BEB
100
AcDbEntity
  8
METIN
  0
INSERT
  5
BF0
330
17
100
AcDbEntity
  8
METIN
100
AcDbBlockReference
 66
1
  2
MAHAL_ETIKET
 10
171950.0
 20
10200.0
 30
0.0
 41
2.0
 42
2.0
  0
ATTRIB
  5
BF2
330
17
100
AcDbEntity
  8
METIN
100
AcDbText
 10
171950.0
 20
10436.0
 30
0.0
 40
200.0
  1
WC
 72
1
 11
171950.0
 21
10436.0
 31
0.0
100
AcDbAttribute
  2
MAHAL_ADI
 70
0
 74
2
  0
ATTRIB
  5
BF3
330
17
100
AcDbEntity
  8
METIN
100
AcDbText
 10
171950.0
 20
10178.0
 30
0.0
 40
156.0
  1
K3-07
 72
1
 11
171950.0
 21
10178.0
 31
0.0
100
AcDbAttribute
  2
MAHAL_KOD
 70
0
 74
2
  0
ATTRIB
  5
BF4
330
17
100
AcDbEntity
  8
METIN
100
AcDbText
 10
171950.0
 20
9942.0
 30
0.0
 40
156.0
  1
3.0 m2
 72
1
 11
171950.0
 21
9942.0
 31
0.0
100
AcDbAttribute
  2
ALAN
 70
0
 74
2
  0
SEQEND
  5
BF1
330
BF0
100
AcDbEntity
  8
METIN
  0
INSERT
  5
BF5
330
17
100
AcDbEntity
  8
METIN
100
AcDbBlockReference
 66
1
  2
MAHAL_ETIKET
 10
171800.0
 20
12100.0
 30
0.0
 41
2.0
 42
2.0
  0
ATTRIB
  5
BF7
330
17
100
AcDbEntity
  8
METIN
100
AcDbText
 10
171800.0
 20
12336.0
 30
0.0
 40
200.0
  1
BANYO
 72
1
 11
171800.0
 21
12336.0
 31
0.0
100
AcDbAttribute
  2
MAHAL_ADI
 70
0
 74
2
  0
ATTRIB
  5
BF8
330
17
100
AcDbEntity
  8
METIN
100
AcDbText
 10
171800.0
 20
12078.0
 30
0.0
 40
156.0
  1
K3-08
 72
1
 11
171800.0
 21
12078.0
 31
0.0
100
AcDbAttribute
  2
MAHAL_KOD
 70
0
 74
2
  0
ATTRIB
  5
BF9
330
17
100
AcDbEntity
  8
METIN
100
AcDbText
 10
171800.0
 20
11842.0
 30
0.0
 40
156.0
  1
5.5 m2
 72
1
 11
171800.0
 21
11842.0
 31
0.0
100
AcDbAttribute
  2
ALAN
 70
0
 74
2
  0
SEQEND
  5
BF6
330
BF5
100
AcDbEntity
  8
METIN
  0
INSERT
  5
BFA
330
17
100
AcDbEntity
  8
METIN
100
AcDbBlockReference
 66
1
  2
MAHAL_ETIKET
 10
172975.0
 20
10900.0
 30
0.0
 41
0.6640655579040258
 42
0.6640655579040258
  0
ATTRIB
  5
BFC
330
17
100
AcDbEntity
  8
METIN
100
AcDbText
 10
172975.0
 20
10978.359735832675
 30
0.0
 40
66.40655579040258
  1
SAFT
 72
1
 11
172975.0
 21
10978.359735832675
 31
0.0
100
AcDbAttribute
  2
MAHAL_ADI
 70
0
 74
2
  0
ATTRIB
  5
BFD
330
17
100
AcDbEntity
  8
METIN
100
AcDbText
 10
172975.0
 20
10892.695278863055
 30
0.0
 40
51.79711351651401
  1
K3-09
 72
1
 11
172975.0
 21
10892.695278863055
 31
0.0
100
AcDbAttribute
  2
MAHAL_KOD
 70
0
 74
2
  0
ATTRIB
  5
BFE
330
17
100
AcDbEntity
  8
METIN
100
AcDbText
 10
172975.0
 20
10814.33554303038
 30
0.0
 40
51.79711351651401
  1
0.2 m2
 72
1
 11
172975.0
 21
10814.33554303038
 31
0.0
100
AcDbAttribute
  2
ALAN
 70
0
 74
2
  0
SEQEND
  5
BFB
330
BFA
100
AcDbEntity
  8
METIN
  0
INSERT
  5
BFF
330
17
100
AcDbEntity
  8
METIN
100
AcDbBlockReference
 66
1
  2
MAHAL_ETIKET
 10
174475.0
 20
11400.0
 30
0.0
 41
2.0
 42
2.0
  0
ATTRIB
  5
C01
330
17
100
AcDbEntity
  8
METIN
100
AcDbText
 10
174475.0
 20
11636.0
 30
0.0
 40
200.0
  1
MUTFAK
 72
1
 11
174475.0
 21
11636.0
 31
0.0
100
AcDbAttribute
  2
MAHAL_ADI
 70
0
 74
2
  0
ATTRIB
  5
C02
330
17
100
AcDbEntity
  8
METIN
100
AcDbText
 10
174475.0
 20
11378.0
 30
0.0
 40
156.0
  1
K3-10
 72
1
 11
174475.0
 21
11378.0
 31
0.0
100
AcDbAttribute
  2
MAHAL_KOD
 70
0
 74
2
  0
ATTRIB
  5
C03
330
17
100
AcDbEntity
  8
METIN
100
AcDbText
 10
174475.0
 20
11142.0
 30
0.0
 40
156.0
  1
8.1 m2
 72
1
 11
174475.0
 21
11142.0
 31
0.0
100
AcDbAttribute
  2
ALAN
 70
0
 74
2
  0
SEQEND
  5
C00
330
BFF
100
AcDbEntity
  8
METIN
  0
INSERT
  5
C04
330
17
100
AcDbEntity
  8
METIN
100
AcDbBlockReference
 66
1
  2
MAHAL_ETIKET
 10
172175.0
 20
15400.0
 30
0.0
 41
2.0
 42
2.0
  0
ATTRIB
  5
C06
330
17
100
AcDbEntity
  8
METIN
100
AcDbText
 10
172175.0
 20
15636.0
 30
0.0
 40
200.0
  1
ODA 1
 72
1
 11
172175.0
 21
15636.0
 31
0.0
100
AcDbAttribute
  2
MAHAL_ADI
 70
0
 74
2
  0
ATTRIB
  5
C07
330
17
100
AcDbEntity
  8
METIN
100
AcDbText
 10
172175.0
 20
15378.0
 30
0.0
 40
156.0
  1
K3-11
 72
1
 11
172175.0
 21
15378.0
 31
0.0
100
AcDbAttribute
  2
MAHAL_KOD
 70
0
 74
2
  0
ATTRIB
  5
C08
330
17
100
AcDbEntity
  8
METIN
100
AcDbText
 10
172175.0
 20
15142.0
 30
0.0
 40
156.0
  1
27.2 m2
 72
1
 11
172175.0
 21
15142.0
 31
0.0
100
AcDbAttribute
  2
ALAN
 70
0
 74
2
  0
SEQEND
  5
C05
330
C04
100
AcDbEntity
  8
METIN
  0
INSERT
  5
C09
330
17
100
AcDbEntity
  8
METIN
100
AcDbBlockReference
 66
1
  2
MAHAL_ETIKET
 10
161674.52392578125
 20
12605.82275390625
 30
0.0
 41
2.0
 42
2.0
  0
ATTRIB
  5
C0B
330
17
100
AcDbEntity
  8
METIN
100
AcDbText
 10
161674.52392578125
 20
12841.82275390625
 30
0.0
 40
200.0
  1
HOL
 72
1
 11
161674.52392578125
 21
12841.82275390625
 31
0.0
100
AcDbAttribute
  2
MAHAL_ADI
 70
0
 74
2
  0
ATTRIB
  5
C0C
330
17
100
AcDbEntity
  8
METIN
100
AcDbText
 10
161674.52392578125
 20
12583.82275390625
 30
0.0
 40
156.0
  1
K3-12
 72
1
 11
161674.52392578125
 21
12583.82275390625
 31
0.0
100
AcDbAttribute
  2
MAHAL_KOD
 70
0
 74
2
  0
ATTRIB
  5
C0D
330
17
100
AcDbEntity
  8
METIN
100
AcDbText
 10
161674.52392578125
 20
12347.82275390625
 30
0.0
 40
156.0
  1
15.3 m2
 72
1
 11
161674.52392578125
 21
12347.82275390625
 31
0.0
100
AcDbAttribute
  2
ALAN
 70
0
 74
2
  0
SEQEND
  5
C0A
330
C09
100
AcDbEntity
  8
METIN
  0
INSERT
  5
C0E
330
17
100
AcDbEntity
  8
METIN
100
AcDbBlockReference
 66
1
  2
MAHAL_ETIKET
 10
158175.0
 20
7025.0
 30
0.0
 41
2.0
 42
2.0
  0
ATTRIB
  5
C10
330
17
100
AcDbEntity
  8
METIN
100
AcDbText
 10
158175.0
 20
7261.0
 30
0.0
 40
200.0
  1
ODA 2
 72
1
 11
158175.0
 21
7261.0
 31
0.0
100
AcDbAttribute
  2
MAHAL_ADI
 70
0
 74
2
  0
ATTRIB
  5
C11
330
17
100
AcDbEntity
  8
METIN
100
AcDbText
 10
158175.0
 20
7003.0
 30
0.0
 40
156.0
  1
K3-13
 72
1
 11
158175.0
 21
7003.0
 31
0.0
100
AcDbAttribute
  2
MAHAL_KOD
 70
0
 74
2
  0
ATTRIB
  5
C12
330
17
100
AcDbEntity
  8
METIN
100
AcDbText
 10
158175.0
 20
6767.0
 30
0.0
 40
156.0
  1
16.5 m2
 72
1
 11
158175.0
 21
6767.0
 31
0.0
100
AcDbAttribute
  2
ALAN
 70
0
 74
2
  0
SEQEND
  5
C0F
330
C0E
100
AcDbEntity
  8
METIN
  0
INSERT
  5
C13
330
17
100
AcDbEntity
  8
METIN
100
AcDbBlockReference
 66
1
  2
MAHAL_ETIKET
 10
156875.6591796875
 20
10874.5361328125
 30
0.0
 41
2.0
 42
2.0
  0
ATTRIB
  5
C15
330
17
100
AcDbEntity
  8
METIN
100
AcDbText
 10
156875.6591796875
 20
11110.5361328125
 30
0.0
 40
200.0
  1
GIYINME
 72
1
 11
156875.6591796875
 21
11110.5361328125
 31
0.0
100
AcDbAttribute
  2
MAHAL_ADI
 70
0
 74
2
  0
ATTRIB
  5
C16
330
17
100
AcDbEntity
  8
METIN
100
AcDbText
 10
156875.6591796875
 20
10852.5361328125
 30
0.0
 40
156.0
  1
K3-14
 72
1
 11
156875.6591796875
 21
10852.5361328125
 31
0.0
100
AcDbAttribute
  2
MAHAL_KOD
 70
0
 74
2
  0
ATTRIB
  5
C17
330
17
100
AcDbEntity
  8
METIN
100
AcDbText
 10
156875.6591796875
 20
10616.5361328125
 30
0.0
 40
156.0
  1
8.5 m2
 72
1
 11
156875.6591796875
 21
10616.5361328125
 31
0.0
100
AcDbAttribute
  2
ALAN
 70
0
 74
2
  0
SEQEND
  5
C14
330
C13
100
AcDbEntity
  8
METIN
  0
INSERT
  5
C18
330
17
100
AcDbEntity
  8
METIN
100
AcDbBlockReference
 66
1
  2
MAHAL_ETIKET
 10
159700.0
 20
9500.0
 30
0.0
 41
2.0
 42
2.0
  0
ATTRIB
  5
C1A
330
17
100
AcDbEntity
  8
METIN
100
AcDbText
 10
159700.0
 20
9736.0
 30
0.0
 40
200.0
  1
WC
 72
1
 11
159700.0
 21
9736.0
 31
0.0
100
AcDbAttribute
  2
MAHAL_ADI
 70
0
 74
2
  0
ATTRIB
  5
C1B
330
17
100
AcDbEntity
  8
METIN
100
AcDbText
 10
159700.0
 20
9478.0
 30
0.0
 40
156.0
  1
K3-15
 72
1
 11
159700.0
 21
9478.0
 31
0.0
100
AcDbAttribute
  2
MAHAL_KOD
 70
0
 74
2
  0
ATTRIB
  5
C1C
330
17
100
AcDbEntity
  8
METIN
100
AcDbText
 10
159700.0
 20
9242.0
 30
0.0
 40
156.0
  1
2.3 m2
 72
1
 11
159700.0
 21
9242.0
 31
0.0
100
AcDbAttribute
  2
ALAN
 70
0
 74
2
  0
SEQEND
  5
C19
330
C18
100
AcDbEntity
  8
METIN
  0
INSERT
  5
C1D
330
17
100
AcDbEntity
  8
METIN
100
AcDbBlockReference
 66
1
  2
MAHAL_ETIKET
 10
159700.0
 20
11150.0
 30
0.0
 41
2.0
 42
2.0
  0
ATTRIB
  5
C1F
330
17
100
AcDbEntity
  8
METIN
100
AcDbText
 10
159700.0
 20
11386.0
 30
0.0
 40
200.0
  1
BANYO
 72
1
 11
159700.0
 21
11386.0
 31
0.0
100
AcDbAttribute
  2
MAHAL_ADI
 70
0
 74
2
  0
ATTRIB
  5
C20
330
17
100
AcDbEntity
  8
METIN
100
AcDbText
 10
159700.0
 20
11128.0
 30
0.0
 40
156.0
  1
K3-16
 72
1
 11
159700.0
 21
11128.0
 31
0.0
100
AcDbAttribute
  2
MAHAL_KOD
 70
0
 74
2
  0
ATTRIB
  5
C21
330
17
100
AcDbEntity
  8
METIN
100
AcDbText
 10
159700.0
 20
10892.0
 30
0.0
 40
156.0
  1
3.2 m2
 72
1
 11
159700.0
 21
10892.0
 31
0.0
100
AcDbAttribute
  2
ALAN
 70
0
 74
2
  0
SEQEND
  5
C1E
330
C1D
100
AcDbEntity
  8
METIN
  0
INSERT
  5
C22
330
17
100
AcDbEntity
  8
METIN
100
AcDbBlockReference
 66
1
  2
MAHAL_ETIKET
 10
158375.0
 20
10200.0
 30
0.0
 41
0.6640655579040258
 42
0.6640655579040258
  0
ATTRIB
  5
C24
330
17
100
AcDbEntity
  8
METIN
100
AcDbText
 10
158375.0
 20
10278.359735832675
 30
0.0
 40
66.40655579040258
  1
SAFT
 72
1
 11
158375.0
 21
10278.359735832675
 31
0.0
100
AcDbAttribute
  2
MAHAL_ADI
 70
0
 74
2
  0
ATTRIB
  5
C25
330
17
100
AcDbEntity
  8
METIN
100
AcDbText
 10
158375.0
 20
10192.695278863055
 30
0.0
 40
51.79711351651401
  1
K3-17
 72
1
 11
158375.0
 21
10192.695278863055
 31
0.0
100
AcDbAttribute
  2
MAHAL_KOD
 70
0
 74
2
  0
ATTRIB
  5
C26
330
17
100
AcDbEntity
  8
METIN
100
AcDbText
 10
158375.0
 20
10114.33554303038
 30
0.0
 40
51.79711351651401
  1
0.2 m2
 72
1
 11
158375.0
 21
10114.33554303038
 31
0.0
100
AcDbAttribute
  2
ALAN
 70
0
 74
2
  0
SEQEND
  5
C23
330
C22
100
AcDbEntity
  8
METIN
  0
INSERT
  5
C27
330
17
100
AcDbEntity
  8
METIN
100
AcDbBlockReference
 66
1
  2
MAHAL_ETIKET
 10
163650.0
 20
11800.0
 30
0.0
 41
1.7857142857142856
 42
1.7857142857142856
  0
ATTRIB
  5
C29
330
17
100
AcDbEntity
  8
METIN
100
AcDbText
 10
163650.0
 20
12010.714285714286
 30
0.0
 40
178.57142857142856
  1
DEPO
 72
1
 11
163650.0
 21
12010.714285714286
 31
0.0
100
AcDbAttribute
  2
MAHAL_ADI
 70
0
 74
2
  0
ATTRIB
  5
C2A
330
17
100
AcDbEntity
  8
METIN
100
AcDbText
 10
163650.0
 20
11780.357142857143
 30
0.0
 40
139.28571428571428
  1
K3-18
 72
1
 11
163650.0
 21
11780.357142857143
 31
0.0
100
AcDbAttribute
  2
MAHAL_KOD
 70
0
 74
2
  0
ATTRIB
  5
C2B
330
17
100
AcDbEntity
  8
METIN
100
AcDbText
 10
163650.0
 20
11569.642857142857
 30
0.0
 40
139.28571428571428
  1
1.6 m2
 72
1
 11
163650.0
 21
11569.642857142857
 31
0.0
100
AcDbAttribute
  2
ALAN
 70
0
 74
2
  0
SEQEND
  5
C28
330
C27
100
AcDbEntity
  8
METIN
  0
INSERT
  5
C2C
330
17
100
AcDbEntity
  8
METIN
100
AcDbBlockReference
 66
1
  2
MAHAL_ETIKET
 10
158175.0
 20
14799.999999999998
 30
0.0
 41
2.0
 42
2.0
  0
ATTRIB
  5
C2E
330
17
100
AcDbEntity
  8
METIN
100
AcDbText
 10
158175.0
 20
15035.999999999998
 30
0.0
 40
200.0
  1
SALON
 72
1
 11
158175.0
 21
15035.999999999998
 31
0.0
100
AcDbAttribute
  2
MAHAL_ADI
 70
0
 74
2
  0
ATTRIB
  5
C2F
330
17
100
AcDbEntity
  8
METIN
100
AcDbText
 10
158175.0
 20
14777.999999999998
 30
0.0
 40
156.0
  1
K3-19
 72
1
 11
158175.0
 21
14777.999999999998
 31
0.0
100
AcDbAttribute
  2
MAHAL_KOD
 70
0
 74
2
  0
ATTRIB
  5
C30
330
17
100
AcDbEntity
  8
METIN
100
AcDbText
 10
158175.0
 20
14541.999999999998
 30
0.0
 40
156.0
  1
25.5 m2
 72
1
 11
158175.0
 21
14541.999999999998
 31
0.0
100
AcDbAttribute
  2
ALAN
 70
0
 74
2
  0
SEQEND
  5
C2D
330
C2C
100
AcDbEntity
  8
METIN
  0
INSERT
  5
C31
330
17
100
AcDbEntity
  8
METIN
100
AcDbBlockReference
 66
1
  2
MAHAL_ETIKET
 10
161675.0
 20
15850.0
 30
0.0
 41
2.0
 42
2.0
  0
ATTRIB
  5
C33
330
17
100
AcDbEntity
  8
METIN
100
AcDbText
 10
161675.0
 20
16086.0
 30
0.0
 40
200.0
  1
MUTFAK
 72
1
 11
161675.0
 21
16086.0
 31
0.0
100
AcDbAttribute
  2
MAHAL_ADI
 70
0
 74
2
  0
ATTRIB
  5
C34
330
17
100
AcDbEntity
  8
METIN
100
AcDbText
 10
161675.0
 20
15828.0
 30
0.0
 40
156.0
  1
K3-20
 72
1
 11
161675.0
 21
15828.0
 31
0.0
100
AcDbAttribute
  2
MAHAL_KOD
 70
0
 74
2
  0
ATTRIB
  5
C35
330
17
100
AcDbEntity
  8
METIN
100
AcDbText
 10
161675.0
 20
15592.0
 30
0.0
 40
156.0
  1
5.9 m2
 72
1
 11
161675.0
 21
15592.0
 31
0.0
100
AcDbAttribute
  2
ALAN
 70
0
 74
2
  0
SEQEND
  5
C32
330
C31
100
AcDbEntity
  8
METIN
  0
INSERT
  5
C36
330
17
100
AcDbEntity
  8
METIN
100
AcDbBlockReference
 66
1
  2
MAHAL_ETIKET
 10
165675.0
 20
14900.0
 30
0.0
 41
2.0
 42
2.0
  0
ATTRIB
  5
C38
330
17
100
AcDbEntity
  8
METIN
100
AcDbText
 10
165675.0
 20
15136.0
 30
0.0
 40
200.0
  1
ODA 1
 72
1
 11
165675.0
 21
15136.0
 31
0.0
100
AcDbAttribute
  2
MAHAL_ADI
 70
0
 74
2
  0
ATTRIB
  5
C39
330
17
100
AcDbEntity
  8
METIN
100
AcDbText
 10
165675.0
 20
14878.0
 30
0.0
 40
156.0
  1
K3-21
 72
1
 11
165675.0
 21
14878.0
 31
0.0
100
AcDbAttribute
  2
MAHAL_KOD
 70
0
 74
2
  0
ATTRIB
  5
C3A
330
17
100
AcDbEntity
  8
METIN
100
AcDbText
 10
165675.0
 20
14642.0
 30
0.0
 40
156.0
  1
29.4 m2
 72
1
 11
165675.0
 21
14642.0
 31
0.0
100
AcDbAttribute
  2
ALAN
 70
0
 74
2
  0
SEQEND
  5
C37
330
C36
100
AcDbEntity
  8
METIN
  0
INSERT
  5
C3B
330
17
100
AcDbEntity
  8
METIN
100
AcDbBlockReference
 66
1
  2
MAHAL_ETIKET
 10
165675.0
 20
4300.0
 30
0.0
 41
2.0
 42
2.0
  0
ATTRIB
  5
C3D
330
17
100
AcDbEntity
  8
METIN
100
AcDbText
 10
165675.0
 20
4536.0
 30
0.0
 40
200.0
  1
HOL
 72
1
 11
165675.0
 21
4536.0
 31
0.0
100
AcDbAttribute
  2
MAHAL_ADI
 70
0
 74
2
  0
ATTRIB
  5
C3E
330
17
100
AcDbEntity
  8
METIN
100
AcDbText
 10
165675.0
 20
4278.0
 30
0.0
 40
156.0
  1
K3-22
 72
1
 11
165675.0
 21
4278.0
 31
0.0
100
AcDbAttribute
  2
MAHAL_KOD
 70
0
 74
2
  0
ATTRIB
  5
C3F
330
17
100
AcDbEntity
  8
METIN
100
AcDbText
 10
165675.0
 20
4042.0
 30
0.0
 40
156.0
  1
10.1 m2
 72
1
 11
165675.0
 21
4042.0
 31
0.0
100
AcDbAttribute
  2
ALAN
 70
0
 74
2
  0
SEQEND
  5
C3C
330
C3B
100
AcDbEntity
  8
METIN
  0
INSERT
  5
C40
330
17
100
AcDbEntity
  8
METIN
100
AcDbBlockReference
 66
1
  2
MAHAL_ETIKET
 10
160450.0
 20
2625.0
 30
0.0
 41
2.0
 42
2.0
  0
ATTRIB
  5
C42
330
17
100
AcDbEntity
  8
METIN
100
AcDbText
 10
160450.0
 20
2861.0
 30
0.0
 40
200.0
  1
SALON
 72
1
 11
160450.0
 21
2861.0
 31
0.0
100
AcDbAttribute
  2
MAHAL_ADI
 70
0
 74
2
  0
ATTRIB
  5
C43
330
17
100
AcDbEntity
  8
METIN
100
AcDbText
 10
160450.0
 20
2603.0
 30
0.0
 40
156.0
  1
K3-23
 72
1
 11
160450.0
 21
2603.0
 31
0.0
100
AcDbAttribute
  2
MAHAL_KOD
 70
0
 74
2
  0
ATTRIB
  5
C44
330
17
100
AcDbEntity
  8
METIN
100
AcDbText
 10
160450.0
 20
2367.0
 30
0.0
 40
156.0
  1
21.8 m2
 72
1
 11
160450.0
 21
2367.0
 31
0.0
100
AcDbAttribute
  2
ALAN
 70
0
 74
2
  0
SEQEND
  5
C41
330
C40
100
AcDbEntity
  8
METIN
  0
INSERT
  5
C45
330
17
100
AcDbEntity
  8
METIN
100
AcDbBlockReference
 66
1
  2
MAHAL_ETIKET
 10
156950.0
 20
2625.0
 30
0.0
 41
2.0
 42
2.0
  0
ATTRIB
  5
C47
330
17
100
AcDbEntity
  8
METIN
100
AcDbText
 10
156950.0
 20
2861.0
 30
0.0
 40
200.0
  1
MUTFAK
 72
1
 11
156950.0
 21
2861.0
 31
0.0
100
AcDbAttribute
  2
MAHAL_ADI
 70
0
 74
2
  0
ATTRIB
  5
C48
330
17
100
AcDbEntity
  8
METIN
100
AcDbText
 10
156950.0
 20
2603.0
 30
0.0
 40
156.0
  1
K3-24
 72
1
 11
156950.0
 21
2603.0
 31
0.0
100
AcDbAttribute
  2
MAHAL_KOD
 70
0
 74
2
  0
ATTRIB
  5
C49
330
17
100
AcDbEntity
  8
METIN
100
AcDbText
 10
156950.0
 20
2367.0
 30
0.0
 40
156.0
  1
12.6 m2
 72
1
 11
156950.0
 21
2367.0
 31
0.0
100
AcDbAttribute
  2
ALAN
 70
0
 74
2
  0
SEQEND
  5
C46
330
C45
100
AcDbEntity
  8
METIN
  0
INSERT
  5
C4A
330
17
100
AcDbEntity
  8
METIN
100
AcDbBlockReference
 66
1
  2
MAHAL_ETIKET
 10
164200.0
 20
1675.0
 30
0.0
 41
2.0
 42
2.0
  0
ATTRIB
  5
C4C
330
17
100
AcDbEntity
  8
METIN
100
AcDbText
 10
164200.0
 20
1911.0
 30
0.0
 40
200.0
  1
ODA
 72
1
 11
164200.0
 21
1911.0
 31
0.0
100
AcDbAttribute
  2
MAHAL_ADI
 70
0
 74
2
  0
ATTRIB
  5
C4D
330
17
100
AcDbEntity
  8
METIN
100
AcDbText
 10
164200.0
 20
1653.0
 30
0.0
 40
156.0
  1
K3-25
 72
1
 11
164200.0
 21
1653.0
 31
0.0
100
AcDbAttribute
  2
MAHAL_KOD
 70
0
 74
2
  0
ATTRIB
  5
C4E
330
17
100
AcDbEntity
  8
METIN
100
AcDbText
 10
164200.0
 20
1417.0
 30
0.0
 40
156.0
  1
9.4 m2
 72
1
 11
164200.0
 21
1417.0
 31
0.0
100
AcDbAttribute
  2
ALAN
 70
0
 74
2
  0
SEQEND
  5
C4B
330
C4A
100
AcDbEntity
  8
METIN
  0
INSERT
  5
C4F
330
17
100
AcDbEntity
  8
METIN
100
AcDbBlockReference
 66
1
  2
MAHAL_ETIKET
 10
166760.82153320312
 20
1010.821533203125
 30
0.0
 41
2.0
 42
2.0
  0
ATTRIB
  5
C51
330
17
100
AcDbEntity
  8
METIN
100
AcDbText
 10
166760.82153320312
 20
1246.821533203125
 30
0.0
 40
200.0
  1
BANYO
 72
1
 11
166760.82153320312
 21
1246.821533203125
 31
0.0
100
AcDbAttribute
  2
MAHAL_ADI
 70
0
 74
2
  0
ATTRIB
  5
C52
330
17
100
AcDbEntity
  8
METIN
100
AcDbText
 10
166760.82153320312
 20
988.821533203125
 30
0.0
 40
156.0
  1
K3-26
 72
1
 11
166760.82153320312
 21
988.821533203125
 31
0.0
100
AcDbAttribute
  2
MAHAL_KOD
 70
0
 74
2
  0
ATTRIB
  5
C53
330
17
100
AcDbEntity
  8
METIN
100
AcDbText
 10
166760.82153320312
 20
752.821533203125
 30
0.0
 40
156.0
  1
6.5 m2
 72
1
 11
166760.82153320312
 21
752.821533203125
 31
0.0
100
AcDbAttribute
  2
ALAN
 70
0
 74
2
  0
SEQEND
  5
C50
330
C4F
100
AcDbEntity
  8
METIN
  0
INSERT
  5
C54
330
17
100
AcDbEntity
  8
METIN
100
AcDbBlockReference
 66
1
  2
MAHAL_ETIKET
 10
168100.0
 20
2525.0
 30
0.0
 41
2.0
 42
2.0
  0
ATTRIB
  5
C56
330
17
100
AcDbEntity
  8
METIN
100
AcDbText
 10
168100.0
 20
2761.0
 30
0.0
 40
200.0
  1
WC
 72
1
 11
168100.0
 21
2761.0
 31
0.0
100
AcDbAttribute
  2
MAHAL_ADI
 70
0
 74
2
  0
ATTRIB
  5
C57
330
17
100
AcDbEntity
  8
METIN
100
AcDbText
 10
168100.0
 20
2503.0
 30
0.0
 40
156.0
  1
K3-27
 72
1
 11
168100.0
 21
2503.0
 31
0.0
100
AcDbAttribute
  2
MAHAL_KOD
 70
0
 74
2
  0
ATTRIB
  5
C58
330
17
100
AcDbEntity
  8
METIN
100
AcDbText
 10
168100.0
 20
2267.0
 30
0.0
 40
156.0
  1
1.5 m2
 72
1
 11
168100.0
 21
2267.0
 31
0.0
100
AcDbAttribute
  2
ALAN
 70
0
 74
2
  0
SEQEND
  5
C55
330
C54
100
AcDbEntity
  8
METIN
  0
INSERT
  5
C59
330
17
100
AcDbEntity
  8
METIN
100
AcDbBlockReference
 66
1
  2
MAHAL_ETIKET
 10
168375.0
 20
1375.0
 30
0.0
 41
0.6640655579040258
 42
0.6640655579040258
  0
ATTRIB
  5
C5B
330
17
100
AcDbEntity
  8
METIN
100
AcDbText
 10
168375.0
 20
1453.3597358326751
 30
0.0
 40
66.40655579040258
  1
SAFT
 72
1
 11
168375.0
 21
1453.3597358326751
 31
0.0
100
AcDbAttribute
  2
MAHAL_ADI
 70
0
 74
2
  0
ATTRIB
  5
C5C
330
17
100
AcDbEntity
  8
METIN
100
AcDbText
 10
168375.0
 20
1367.6952788630558
 30
0.0
 40
51.79711351651401
  1
K3-28
 72
1
 11
168375.0
 21
1367.6952788630558
 31
0.0
100
AcDbAttribute
  2
MAHAL_KOD
 70
0
 74
2
  0
ATTRIB
  5
C5D
330
17
100
AcDbEntity
  8
METIN
100
AcDbText
 10
168375.0
 20
1289.3355430303807
 30
0.0
 40
51.79711351651401
  1
0.2 m2
 72
1
 11
168375.0
 21
1289.3355430303807
 31
0.0
100
AcDbAttribute
  2
ALAN
 70
0
 74
2
  0
SEQEND
  5
C5A
330
C59
100
AcDbEntity
  8
METIN
  0
LWPOLYLINE
  5
C5E
330
17
100
AcDbEntity
  8
MOBILYA
100
AcDbPolyline
 90
4
 70
1
 10
174950.0
 20
9800.0
 10
175550.0
 20
9800.0
 10
175550.0
 20
12800.0
 10
174950.0
 20
12800.0
  0
LWPOLYLINE
  5
C5F
330
17
100
AcDbEntity
  8
MOBILYA
100
AcDbPolyline
 90
4
 70
1
 10
160950.0
 20
16900.0
 10
162600.0
 20
16900.0
 10
162600.0
 20
17400.0
 10
160950.0
 20
17400.0
  0
LWPOLYLINE
  5
C60
330
17
100
AcDbEntity
  8
MOBILYA
100
AcDbPolyline
 90
4
 70
1
 10
155750.0
 20
500.0
 10
156350.0
 20
500.0
 10
156350.0
 20
3500.0
 10
155750.0
 20
3500.0
  0
LINE
  5
C61
330
17
100
AcDbEntity
  8
MERDIVEN
100
AcDbLine
 10
164700.0
 20
8570.0
 30
0.0
 11
166025.0
 21
8570.0
 31
0.0
  0
LINE
  5
C62
330
17
100
AcDbEntity
  8
MERDIVEN
100
AcDbLine
 10
167375.0
 20
8570.0
 30
0.0
 11
168700.0
 21
8570.0
 31
0.0
  0
LINE
  5
C63
330
17
100
AcDbEntity
  8
MERDIVEN
100
AcDbLine
 10
164700.0
 20
8840.0
 30
0.0
 11
166025.0
 21
8840.0
 31
0.0
  0
LINE
  5
C64
330
17
100
AcDbEntity
  8
MERDIVEN
100
AcDbLine
 10
167375.0
 20
8840.0
 30
0.0
 11
168700.0
 21
8840.0
 31
0.0
  0
LINE
  5
C65
330
17
100
AcDbEntity
  8
MERDIVEN
100
AcDbLine
 10
164700.0
 20
9110.0
 30
0.0
 11
166025.0
 21
9110.0
 31
0.0
  0
LINE
  5
C66
330
17
100
AcDbEntity
  8
MERDIVEN
100
AcDbLine
 10
167375.0
 20
9110.0
 30
0.0
 11
168700.0
 21
9110.0
 31
0.0
  0
LINE
  5
C67
330
17
100
AcDbEntity
  8
MERDIVEN
100
AcDbLine
 10
164700.0
 20
9380.0
 30
0.0
 11
166025.0
 21
9380.0
 31
0.0
  0
LINE
  5
C68
330
17
100
AcDbEntity
  8
MERDIVEN
100
AcDbLine
 10
167375.0
 20
9380.0
 30
0.0
 11
168700.0
 21
9380.0
 31
0.0
  0
LINE
  5
C69
330
17
100
AcDbEntity
  8
MERDIVEN
100
AcDbLine
 10
164700.0
 20
9650.0
 30
0.0
 11
166025.0
 21
9650.0
 31
0.0
  0
LINE
  5
C6A
330
17
100
AcDbEntity
  8
MERDIVEN
100
AcDbLine
 10
167375.0
 20
9650.0
 30
0.0
 11
168700.0
 21
9650.0
 31
0.0
  0
LINE
  5
C6B
330
17
100
AcDbEntity
  8
MERDIVEN
100
AcDbLine
 10
166295.0
 20
9650.0
 30
0.0
 11
166295.0
 21
12300.0
 31
0.0
  0
LINE
  5
C6C
330
17
100
AcDbEntity
  8
MERDIVEN
100
AcDbLine
 10
166565.0
 20
9650.0
 30
0.0
 11
166565.0
 21
12300.0
 31
0.0
  0
LINE
  5
C6D
330
17
100
AcDbEntity
  8
MERDIVEN
100
AcDbLine
 10
166835.0
 20
9650.0
 30
0.0
 11
166835.0
 21
12300.0
 31
0.0
  0
LINE
  5
C6E
330
17
100
AcDbEntity
  8
MERDIVEN
100
AcDbLine
 10
167105.0
 20
9650.0
 30
0.0
 11
167105.0
 21
12300.0
 31
0.0
  0
LINE
  5
C6F
330
17
100
AcDbEntity
  8
MERDIVEN
100
AcDbLine
 10
167375.0
 20
9650.0
 30
0.0
 11
167375.0
 21
12300.0
 31
0.0
  0
LWPOLYLINE
  5
C70
330
17
100
AcDbEntity
  8
MERDIVEN
100
AcDbPolyline
 90
4
 70
1
 10
164700.0
 20
9650.0
 10
166025.0
 20
9650.0
 10
166025.0
 20
12300.0
 10
164700.0
 20
12300.0
  0
LWPOLYLINE
  5
C71
330
17
100
AcDbEntity
  8
MERDIVEN
100
AcDbPolyline
 90
4
 70
1
 10
167375.0
 20
9650.0
 10
168700.0
 20
9650.0
 10
168700.0
 20
12300.0
 10
167375.0
 20
12300.0
  0
LINE
  5
C72
330
17
100
AcDbEntity
  8
MERDIVEN
100
AcDbLine
 10
167375.0
 20
8300.0
 30
0.0
 11
167375.0
 21
9650.0
 31
0.0
  0
LINE
  5
C73
330
17
100
AcDbEntity
  8
MERDIVEN
100
AcDbLine
 10
167375.0
 20
9650.0
 30
0.0
 11
166025.0
 21
9650.0
 31
0.0
  0
LINE
  5
C74
330
17
100
AcDbEntity
  8
MERDIVEN
100
AcDbLine
 10
166025.0
 20
9650.0
 30
0.0
 11
166025.0
 21
8300.0
 31
0.0
  0
LINE
  5
C75
330
17
100
AcDbEntity
  8
MERDIVEN
100
AcDbLine
 10
165362.5
 20
8300.0
 30
0.0
 11
165362.5
 21
10975.0
 31
0.0
  0
LINE
  5
C76
330
17
100
AcDbEntity
  8
MERDIVEN
100
AcDbLine
 10
165362.5
 20
10975.0
 30
0.0
 11
168037.5
 21
10975.0
 31
0.0
  0
LINE
  5
C77
330
17
100
AcDbEntity
  8
MERDIVEN
100
AcDbLine
 10
168037.5
 20
10975.0
 30
0.0
 11
168037.5
 21
8300.0
 31
0.0
  0
LWPOLYLINE
  5
C78
330
17
100
AcDbEntity
  8
MERDIVEN
100
AcDbPolyline
 90
3
 70
1
 10
168037.5
 20
8300.0
 10
168097.5
 20
8420.0
 10
167977.5
 20
8420.0
  0
LINE
  5
C79
330
17
100
AcDbEntity
  8
KESIT
  6
KESIT_HATTI
100
AcDbLine
 10
155250.0
 20
5833.333333333333
 30
0.0
 11
176050.0
 21
5833.333333333333
 31
0.0
  0
LWPOLYLINE
  5
C7A
330
17
100
AcDbEntity
  8
KESIT
100
AcDbPolyline
 90
3
 70
1
 10
155250.0
 20
6083.333333333333
 10
155350.0
 20
5833.333333333333
 10
155150.0
 20
5833.333333333333
  0
TEXT
  5
C7B
330
17
100
AcDbEntity
  8
KESIT
100
AcDbText
 10
155250.0
 20
5433.333333333333
 30
0.0
 40
150.0
  1
A
 72
1
 11
155250.0
 21
5433.333333333333
 31
0.0
100
AcDbText
 73
2
  0
LWPOLYLINE
  5
C7C
330
17
100
AcDbEntity
  8
KESIT
100
AcDbPolyline
 90
3
 70
1
 10
176050.0
 20
6083.333333333333
 10
176150.0
 20
5833.333333333333
 10
175950.0
 20
5833.333333333333
  0
TEXT
  5
C7D
330
17
100
AcDbEntity
  8
KESIT
100
AcDbText
 10
176050.0
 20
5433.333333333333
 30
0.0
 40
150.0
  1
A
 72
1
 11
176050.0
 21
5433.333333333333
 31
0.0
100
AcDbText
 73
2
  0
LINE
  5
C7E
330
17
100
AcDbEntity
  8
KESIT
  6
KESIT_HATTI
100
AcDbLine
 10
162316.66666666666
 20
-400.0
 30
0.0
 11
162316.66666666666
 21
17900.0
 31
0.0
  0
LWPOLYLINE
  5
C7F
330
17
100
AcDbEntity
  8
KESIT
100
AcDbPolyline
 90
3
 70
1
 10
162566.66666666666
 20
-400.0
 10
162316.66666666666
 20
-300.0
 10
162316.66666666666
 20
-500.0
  0
TEXT
  5
C80
330
17
100
AcDbEntity
  8
KESIT
100
AcDbText
 10
161916.66666666666
 20
-400.0
 30
0.0
 40
150.0
  1
B
 72
1
 11
161916.66666666666
 21
-400.0
 31
0.0
100
AcDbText
 73
2
  0
LWPOLYLINE
  5
C81
330
17
100
AcDbEntity
  8
KESIT
100
AcDbPolyline
 90
3
 70
1
 10
162566.66666666666
 20
17900.0
 10
162316.66666666666
 20
18000.0
 10
162316.66666666666
 20
17800.0
  0
TEXT
  5
C82
330
17
100
AcDbEntity
  8
KESIT
100
AcDbText
 10
161916.66666666666
 20
17900.0
 30
0.0
 40
150.0
  1
B
 72
1
 11
161916.66666666666
 21
17900.0
 31
0.0
100
AcDbText
 73
2
  0
LWPOLYLINE
  5
C83
330
17
100
AcDbEntity
  8
CERCEVE
100
AcDbPolyline
 90
4
 70
1
 10
151500.0
 20
-10150.0
 10
179800.0
 20
-10150.0
 10
179800.0
 20
24950.0
 10
151500.0
 20
24950.0
  0
LWPOLYLINE
  5
C84
330
17
100
AcDbEntity
  8
CERCEVE
100
AcDbPolyline
 90
4
 70
1
 10
151650.0
 20
-10000.0
 10
179650.0
 20
-10000.0
 10
179650.0
 20
24800.0
 10
151650.0
 20
24800.0
  0
LWPOLYLINE
  5
C85
330
17
100
AcDbEntity
  8
CERCEVE
100
AcDbPolyline
 90
4
 70
1
 10
171650.0
 20
-10000.0
 10
179650.0
 20
-10000.0
 10
179650.0
 20
-8800.0
 10
171650.0
 20
-8800.0
  0
LINE
  5
C86
330
17
100
AcDbEntity
  8
CERCEVE
100
AcDbLine
 10
171650.0
 20
-9400.0
 30
0.0
 11
179650.0
 21
-9400.0
 31
0.0
  0
TEXT
  5
C87
330
17
100
AcDbEntity
  8
METIN
100
AcDbText
 10
171750.0
 20
-8900.0
 30
0.0
 40
175.0
  1
OLCEK 1:50
 11
171750.0
 21
-8900.0
 31
0.0
100
AcDbText
 73
3
  0
TEXT
  5
C88
330
17
100
AcDbEntity
  8
METIN
100
AcDbText
 10
171750.0
 20
-9500.0
 30
0.0
 40
175.0
  1
3. NORMAL KAT
 11
171750.0
 21
-9500.0
 31
0.0
100
AcDbText
 73
3
  0
LINE
  5
C89
330
17
100
AcDbEntity
  8
AKS
  6
DASHED
100
AcDbLine
 10
183950.0
 20
-750.0
 30
0.0
 11
183950.0
 21
18250.0
 31
0.0
  0
CIRCLE
  5
C8A
330
17
100
AcDbEntity
  8
AKS
100
AcDbCircle
 10
183950.0
 20
-1200.0
 30
0.0
 40
450.0
  0
TEXT
  5
C8B
330
17
100
AcDbEntity
  8
AKS
100
AcDbText
 10
183950.0
 20
-1200.0
 30
0.0
 40
350.0
  1
1
 72
1
 11
183950.0
 21
-1200.0
 31
0.0
100
AcDbText
 73
2
  0
CIRCLE
  5
C8C
330
17
100
AcDbEntity
  8
AKS
100
AcDbCircle
 10
183950.0
 20
18700.0
 30
0.0
 40
450.0
  0
TEXT
  5
C8D
330
17
100
AcDbEntity
  8
AKS
100
AcDbText
 10
183950.0
 20
18700.0
 30
0.0
 40
350.0
  1
1
 72
1
 11
183950.0
 21
18700.0
 31
0.0
100
AcDbText
 73
2
  0
LINE
  5
C8E
330
17
100
AcDbEntity
  8
AKS
  6
DASHED
100
AcDbLine
 10
190900.0
 20
-750.0
 30
0.0
 11
190900.0
 21
18250.0
 31
0.0
  0
CIRCLE
  5
C8F
330
17
100
AcDbEntity
  8
AKS
100
AcDbCircle
 10
190900.0
 20
-1200.0
 30
0.0
 40
450.0
  0
TEXT
  5
C90
330
17
100
AcDbEntity
  8
AKS
100
AcDbText
 10
190900.0
 20
-1200.0
 30
0.0
 40
350.0
  1
2
 72
1
 11
190900.0
 21
-1200.0
 31
0.0
100
AcDbText
 73
2
  0
CIRCLE
  5
C91
330
17
100
AcDbEntity
  8
AKS
100
AcDbCircle
 10
190900.0
 20
18700.0
 30
0.0
 40
450.0
  0
TEXT
  5
C92
330
17
100
AcDbEntity
  8
AKS
100
AcDbText
 10
190900.0
 20
18700.0
 30
0.0
 40
350.0
  1
2
 72
1
 11
190900.0
 21
18700.0
 31
0.0
100
AcDbText
 73
2
  0
LINE
  5
C93
330
17
100
AcDbEntity
  8
AKS
  6
DASHED
100
AcDbLine
 10
197000.0
 20
-750.0
 30
0.0
 11
197000.0
 21
18250.0
 31
0.0
  0
CIRCLE
  5
C94
330
17
100
AcDbEntity
  8
AKS
100
AcDbCircle
 10
197000.0
 20
-1200.0
 30
0.0
 40
450.0
  0
TEXT
  5
C95
330
17
100
AcDbEntity
  8
AKS
100
AcDbText
 10
197000.0
 20
-1200.0
 30
0.0
 40
350.0
  1
3
 72
1
 11
197000.0
 21
-1200.0
 31
0.0
100
AcDbText
 73
2
  0
CIRCLE
  5
C96
330
17
100
AcDbEntity
  8
AKS
100
AcDbCircle
 10
197000.0
 20
18700.0
 30
0.0
 40
450.0
  0
TEXT
  5
C97
330
17
100
AcDbEntity
  8
AKS
100
AcDbText
 10
197000.0
 20
18700.0
 30
0.0
 40
350.0
  1
3
 72
1
 11
197000.0
 21
18700.0
 31
0.0
100
AcDbText
 73
2
  0
LINE
  5
C98
330
17
100
AcDbEntity
  8
AKS
  6
DASHED
100
AcDbLine
 10
203950.0
 20
-750.0
 30
0.0
 11
203950.0
 21
18250.0
 31
0.0
  0
CIRCLE
  5
C99
330
17
100
AcDbEntity
  8
AKS
100
AcDbCircle
 10
203950.0
 20
-1200.0
 30
0.0
 40
450.0
  0
TEXT
  5
C9A
330
17
100
AcDbEntity
  8
AKS
100
AcDbText
 10
203950.0
 20
-1200.0
 30
0.0
 40
350.0
  1
4
 72
1
 11
203950.0
 21
-1200.0
 31
0.0
100
AcDbText
 73
2
  0
CIRCLE
  5
C9B
330
17
100
AcDbEntity
  8
AKS
100
AcDbCircle
 10
203950.0
 20
18700.0
 30
0.0
 40
450.0
  0
TEXT
  5
C9C
330
17
100
AcDbEntity
  8
AKS
100
AcDbText
 10
203950.0
 20
18700.0
 30
0.0
 40
350.0
  1
4
 72
1
 11
203950.0
 21
18700.0
 31
0.0
100
AcDbText
 73
2
  0
LINE
  5
C9D
330
17
100
AcDbEntity
  8
AKS
  6
DASHED
100
AcDbLine
 10
183200.0
 20
0.0
 30
0.0
 11
204700.0
 21
0.0
 31
0.0
  0
CIRCLE
  5
C9E
330
17
100
AcDbEntity
  8
AKS
100
AcDbCircle
 10
182750.0
 20
0.0
 30
0.0
 40
450.0
  0
TEXT
  5
C9F
330
17
100
AcDbEntity
  8
AKS
100
AcDbText
 10
182750.0
 20
0.0
 30
0.0
 40
350.0
  1
A
 72
1
 11
182750.0
 21
0.0
 31
0.0
100
AcDbText
 73
2
  0
CIRCLE
  5
CA0
330
17
100
AcDbEntity
  8
AKS
100
AcDbCircle
 10
205150.0
 20
0.0
 30
0.0
 40
450.0
  0
TEXT
  5
CA1
330
17
100
AcDbEntity
  8
AKS
100
AcDbText
 10
205150.0
 20
0.0
 30
0.0
 40
350.0
  1
A
 72
1
 11
205150.0
 21
0.0
 31
0.0
100
AcDbText
 73
2
  0
LINE
  5
CA2
330
17
100
AcDbEntity
  8
AKS
  6
DASHED
100
AcDbLine
 10
183200.0
 20
5250.0
 30
0.0
 11
204700.0
 21
5250.0
 31
0.0
  0
CIRCLE
  5
CA3
330
17
100
AcDbEntity
  8
AKS
100
AcDbCircle
 10
182750.0
 20
5250.0
 30
0.0
 40
450.0
  0
TEXT
  5
CA4
330
17
100
AcDbEntity
  8
AKS
100
AcDbText
 10
182750.0
 20
5250.0
 30
0.0
 40
350.0
  1
B
 72
1
 11
182750.0
 21
5250.0
 31
0.0
100
AcDbText
 73
2
  0
CIRCLE
  5
CA5
330
17
100
AcDbEntity
  8
AKS
100
AcDbCircle
 10
205150.0
 20
5250.0
 30
0.0
 40
450.0
  0
TEXT
  5
CA6
330
17
100
AcDbEntity
  8
AKS
100
AcDbText
 10
205150.0
 20
5250.0
 30
0.0
 40
350.0
  1
B
 72
1
 11
205150.0
 21
5250.0
 31
0.0
100
AcDbText
 73
2
  0
LINE
  5
CA7
330
17
100
AcDbEntity
  8
AKS
  6
DASHED
100
AcDbLine
 10
183200.0
 20
9300.0
 30
0.0
 11
204700.0
 21
9300.0
 31
0.0
  0
CIRCLE
  5
CA8
330
17
100
AcDbEntity
  8
AKS
100
AcDbCircle
 10
182750.0
 20
9300.0
 30
0.0
 40
450.0
  0
TEXT
  5
CA9
330
17
100
AcDbEntity
  8
AKS
100
AcDbText
 10
182750.0
 20
9300.0
 30
0.0
 40
350.0
  1
C
 72
1
 11
182750.0
 21
9300.0
 31
0.0
100
AcDbText
 73
2
  0
CIRCLE
  5
CAA
330
17
100
AcDbEntity
  8
AKS
100
AcDbCircle
 10
205150.0
 20
9300.0
 30
0.0
 40
450.0
  0
TEXT
  5
CAB
330
17
100
AcDbEntity
  8
AKS
100
AcDbText
 10
205150.0
 20
9300.0
 30
0.0
 40
350.0
  1
C
 72
1
 11
205150.0
 21
9300.0
 31
0.0
100
AcDbText
 73
2
  0
LINE
  5
CAC
330
17
100
AcDbEntity
  8
AKS
  6
DASHED
100
AcDbLine
 10
183200.0
 20
12300.0
 30
0.0
 11
204700.0
 21
12300.0
 31
0.0
  0
CIRCLE
  5
CAD
330
17
100
AcDbEntity
  8
AKS
100
AcDbCircle
 10
182750.0
 20
12300.0
 30
0.0
 40
450.0
  0
TEXT
  5
CAE
330
17
100
AcDbEntity
  8
AKS
100
AcDbText
 10
182750.0
 20
12300.0
 30
0.0
 40
350.0
  1
D
 72
1
 11
182750.0
 21
12300.0
 31
0.0
100
AcDbText
 73
2
  0
CIRCLE
  5
CAF
330
17
100
AcDbEntity
  8
AKS
100
AcDbCircle
 10
205150.0
 20
12300.0
 30
0.0
 40
450.0
  0
TEXT
  5
CB0
330
17
100
AcDbEntity
  8
AKS
100
AcDbText
 10
205150.0
 20
12300.0
 30
0.0
 40
350.0
  1
D
 72
1
 11
205150.0
 21
12300.0
 31
0.0
100
AcDbText
 73
2
  0
LINE
  5
CB1
330
17
100
AcDbEntity
  8
AKS
  6
DASHED
100
AcDbLine
 10
183200.0
 20
17500.0
 30
0.0
 11
204700.0
 21
17500.0
 31
0.0
  0
CIRCLE
  5
CB2
330
17
100
AcDbEntity
  8
AKS
100
AcDbCircle
 10
182750.0
 20
17500.0
 30
0.0
 40
450.0
  0
TEXT
  5
CB3
330
17
100
AcDbEntity
  8
AKS
100
AcDbText
 10
182750.0
 20
17500.0
 30
0.0
 40
350.0
  1
E
 72
1
 11
182750.0
 21
17500.0
 31
0.0
100
AcDbText
 73
2
  0
CIRCLE
  5
CB4
330
17
100
AcDbEntity
  8
AKS
100
AcDbCircle
 10
205150.0
 20
17500.0
 30
0.0
 40
450.0
  0
TEXT
  5
CB5
330
17
100
AcDbEntity
  8
AKS
100
AcDbText
 10
205150.0
 20
17500.0
 30
0.0
 40
350.0
  1
E
 72
1
 11
205150.0
 21
17500.0
 31
0.0
100
AcDbText
 73
2
  0
DIMENSION
  5
CB6
330
17
100
AcDbEntity
  8
AKS
100
AcDbDimension
280
0
  2
*D55
  3
Standard
 10
183950.0
 20
-400.0
 30
0.0
 11
187425.0
 21
-400.0
 31
0.0
 70
32
 71
5
  1
695
100
AcDbAlignedDimension
 13
183950.0
 23
0.0
 33
0.0
 14
190900.0
 24
0.0
 34
0.0
 50
0.0
100
AcDbRotatedDimension
1001
ACAD
1000
DSTYLE
1002
{
1070
140
1040
120.0
1070
41
1040
84.0
1070
42
1040
150.0
1070
44
1040
150.0
1070
147
1040
80.0
1002
}
  0
DIMENSION
  5
CC6
330
17
100
AcDbEntity
  8
AKS
100
AcDbDimension
280
0
  2
*D56
  3
Standard
 10
190900.0
 20
-400.0
 30
0.0
 11
193950.0
 21
-400.0
 31
0.0
 70
32
 71
5
  1
610
100
AcDbAlignedDimension
 13
190900.0
 23
0.0
 33
0.0
 14
197000.0
 24
0.0
 34
0.0
 50
0.0
100
AcDbRotatedDimension
1001
ACAD
1000
DSTYLE
1002
{
1070
140
1040
120.0
1070
41
1040
84.0
1070
42
1040
150.0
1070
44
1040
150.0
1070
147
1040
80.0
1002
}
  0
DIMENSION
  5
CD6
330
17
100
AcDbEntity
  8
AKS
100
AcDbDimension
280
0
  2
*D57
  3
Standard
 10
197000.0
 20
-400.0
 30
0.0
 11
200475.0
 21
-400.0
 31
0.0
 70
32
 71
5
  1
695
100
AcDbAlignedDimension
 13
197000.0
 23
0.0
 33
0.0
 14
203950.0
 24
0.0
 34
0.0
 50
0.0
100
AcDbRotatedDimension
1001
ACAD
1000
DSTYLE
1002
{
1070
140
1040
120.0
1070
41
1040
84.0
1070
42
1040
150.0
1070
44
1040
150.0
1070
147
1040
80.0
1002
}
  0
DIMENSION
  5
CE6
330
17
100
AcDbEntity
  8
AKS
100
AcDbDimension
280
0
  2
*D58
  3
Standard
 10
183950.0
 20
-1950.0
 30
0.0
 11
193950.0
 21
-1950.0
 31
0.0
 70
32
 71
5
  1
2000
100
AcDbAlignedDimension
 13
183950.0
 23
0.0
 33
0.0
 14
203950.0
 24
0.0
 34
0.0
 50
0.0
100
AcDbRotatedDimension
1001
ACAD
1000
DSTYLE
1002
{
1070
140
1040
120.0
1070
41
1040
84.0
1070
42
1040
150.0
1070
44
1040
150.0
1070
147
1040
80.0
1002
}
  0
DIMENSION
  5
CF6
330
17
100
AcDbEntity
  8
AKS
100
AcDbDimension
280
0
  2
*D59
  3
Standard
 10
183550.0
 20
0.0
 30
0.0
 11
183550.0
 21
2625.0
 31
0.0
 70
32
 71
5
  1
525
100
AcDbAlignedDimension
 13
183950.0
 23
0.0
 33
0.0
 14
183950.0
 24
5250.0
 34
0.0
 50
90.0
100
AcDbRotatedDimension
1001
ACAD
1000
DSTYLE
1002
{
1070
140
1040
120.0
1070
41
1040
84.0
1070
42
1040
150.0
1070
44
1040
150.0
1070
147
1040
80.0
1002
}
  0
DIMENSION
  5
D06
330
17
100
AcDbEntity
  8
AKS
100
AcDbDimension
280
0
  2
*D60
  3
Standard
 10
183550.0
 20
5250.0
 30
0.0
 11
183550.0
 21
7275.0
 31
0.0
 70
32
 71
5
  1
405
100
AcDbAlignedDimension
 13
183950.0
 23
5250.0
 33
0.0
 14
183950.0
 24
9300.0
 34
0.0
 50
90.0
100
AcDbRotatedDimension
1001
ACAD
1000
DSTYLE
1002
{
1070
140
1040
120.0
1070
41
1040
84.0
1070
42
1040
150.0
1070
44
1040
150.0
1070
147
1040
80.0
1002
}
  0
DIMENSION
  5
D16
330
17
100
AcDbEntity
  8
AKS
100
AcDbDimension
280
0
  2
*D61
  3
Standard
 10
183550.0
 20
9300.0
 30
0.0
 11
183550.0
 21
10800.0
 31
0.0
 70
32
 71
5
  1
300
100
AcDbAlignedDimension
 13
183950.0
 23
9300.0
 33
0.0
 14
183950.0
 24
12300.0
 34
0.0
 50
90.0
100
AcDbRotatedDimension
1001
ACAD
1000
DSTYLE
1002
{
1070
140
1040
120.0
1070
41
1040
84.0
1070
42
1040
150.0
1070
44
1040
150.0
1070
147
1040
80.0
1002
}
  0
DIMENSION
  5
D26
330
17
100
AcDbEntity
  8
AKS
100
AcDbDimension
280
0
  2
*D62
  3
Standard
 10
183550.0
 20
12300.0
 30
0.0
 11
183550.0
 21
14900.0
 31
0.0
 70
32
 71
5
  1
520
100
AcDbAlignedDimension
 13
183950.0
 23
12300.0
 33
0.0
 14
183950.0
 24
17500.0
 34
0.0
 50
90.0
100
AcDbRotatedDimension
1001
ACAD
1000
DSTYLE
1002
{
1070
140
1040
120.0
1070
41
1040
84.0
1070
42
1040
150.0
1070
44
1040
150.0
1070
147
1040
80.0
1002
}
  0
DIMENSION
  5
D36
330
17
100
AcDbEntity
  8
AKS
100
AcDbDimension
280
0
  2
*D63
  3
Standard
 10
182000.0
 20
0.0
 30
0.0
 11
182000.0
 21
8750.0
 31
0.0
 70
32
 71
5
  1
1750
100
AcDbAlignedDimension
 13
183950.0
 23
0.0
 33
0.0
 14
183950.0
 24
17500.0
 34
0.0
 50
90.0
100
AcDbRotatedDimension
1001
ACAD
1000
DSTYLE
1002
{
1070
140
1040
120.0
1070
41
1040
84.0
1070
42
1040
150.0
1070
44
1040
150.0
1070
147
1040
80.0
1002
}
  0
LINE
  5
D46
330
17
100
AcDbEntity
  8
DUVARLAR
100
AcDbLine
 10
184050.0
 20
100.0
 30
0.0
 11
187850.0
 21
100.0
 31
0.0
  0
LINE
  5
D47
330
17
100
AcDbEntity
  8
DUVARLAR
100
AcDbLine
 10
189650.0
 20
100.0
 30
0.0
 11
191800.0
 21
100.0
 31
0.0
  0
LINE
  5
D48
330
17
100
AcDbEntity
  8
DUVARLAR
100
AcDbLine
 10
193200.0
 20
100.0
 30
0.0
 11
199550.0
 21
100.0
 31
0.0
  0
LINE
  5
D49
330
17
100
AcDbEntity
  8
DUVARLAR
100
AcDbLine
 10
201350.0
 20
100.0
 30
0.0
 11
203850.0
 21
100.0
 31
0.0
  0
LINE
  5
D4A
330
17
100
AcDbEntity
  8
DUVARLAR
100
AcDbLine
 10
183850.0
 20
-100.0
 30
0.0
 11
187850.0
 21
-100.0
 31
0.0
  0
LINE
  5
D4B
330
17
100
AcDbEntity
  8
DUVARLAR
100
AcDbLine
 10
189650.0
 20
-100.0
 30
0.0
 11
191800.0
 21
-100.0
 31
0.0
  0
LINE
  5
D4C
330
17
100
AcDbEntity
  8
DUVARLAR
100
AcDbLine
 10
193200.0
 20
-100.0
 30
0.0
 11
199550.0
 21
-100.0
 31
0.0
  0
LINE
  5
D4D
330
17
100
AcDbEntity
  8
DUVARLAR
100
AcDbLine
 10
201350.0
 20
-100.0
 30
0.0
 11
204050.0
 21
-100.0
 31
0.0
  0
LINE
  5
D4E
330
17
100
AcDbEntity
  8
DUVARLAR
100
AcDbLine
 10
187850.0
 20
100.0
 30
0.0
 11
187850.0
 21
-100.0
 31
0.0
  0
LINE
  5
D4F
330
17
100
AcDbEntity
  8
DUVARLAR
100
AcDbLine
 10
189650.0
 20
100.0
 30
0.0
 11
189650.0
 21
-100.0
 31
0.0
  0
LINE
  5
D50
330
17
100
AcDbEntity
  8
KAPI-PENCERE
100
AcDbLine
 10
187850.0
 20
-50.0
 30
0.0
 11
189650.0
 21
-50.0
 31
0.0
  0
LINE
  5
D51
330
17
100
AcDbEntity
  8
KAPI-PENCERE
100
AcDbLine
 10
187850.0
 20
50.0
 30
0.0
 11
189650.0
 21
50.0
 31
0.0
  0
LINE
  5
D52
330
17
100
AcDbEntity
  8
DUVARLAR
100
AcDbLine
 10
191800.0
 20
100.0
 30
0.0
 11
191800.0
 21
-100.0
 31
0.0
  0
LINE
  5
D53
330
17
100
AcDbEntity
  8
DUVARLAR
100
AcDbLine
 10
193200.0
 20
100.0
 30
0.0
 11
193200.0
 21
-100.0
 31
0.0
  0
LINE
  5
D54
330
17
100
AcDbEntity
  8
KAPI-PENCERE
100
AcDbLine
 10
191800.0
 20
-50.0
 30
0.0
 11
193200.0
 21
-50.0
 31
0.0
  0
LINE
  5
D55
330
17
100
AcDbEntity
  8
KAPI-PENCERE
100
AcDbLine
 10
191800.0
 20
50.0
 30
0.0
 11
193200.0
 21
50.0
 31
0.0
  0
LINE
  5
D56
330
17
100
AcDbEntity
  8
DUVARLAR
100
AcDbLine
 10
199550.0
 20
100.0
 30
0.0
 11
199550.0
 21
-100.0
 31
0.0
  0
LINE
  5
D57
330
17
100
AcDbEntity
  8
DUVARLAR
100
AcDbLine
 10
201350.0
 20
100.0
 30
0.0
 11
201350.0
 21
-100.0
 31
0.0
  0
LINE
  5
D58
330
17
100
AcDbEntity
  8
KAPI-PENCERE
100
AcDbLine
 10
199550.0
 20
-50.0
 30
0.0
 11
201350.0
 21
-50.0
 31
0.0
  0
LINE
  5
D59
330
17
100
AcDbEntity
  8
KAPI-PENCERE
100
AcDbLine
 10
199550.0
 20
50.0
 30
0.0
 11
201350.0
 21
50.0
 31
0.0
  0
LINE
  5
D5A
330
17
100
AcDbEntity
  8
DUVARLAR
100
AcDbLine
 10
196275.0
 20
1125.0
 30
0.0
 11
196900.0
 21
1125.0
 31
0.0
  0
LINE
  5
D5B
330
17
100
AcDbEntity
  8
DUVARLAR
100
AcDbLine
 10
196425.0
 20
975.0
 30
0.0
 11
196900.0
 21
975.0
 31
0.0
  0
LINE
  5
D5C
330
17
100
AcDbEntity
  8
DUVARLAR
100
AcDbLine
 10
195725.0
 20
1775.0
 30
0.0
 11
196900.0
 21
1775.0
 31
0.0
  0
LINE
  5
D5D
330
17
100
AcDbEntity
  8
DUVARLAR
100
AcDbLine
 10
195875.0
 20
1625.0
 30
0.0
 11
196900.0
 21
1625.0
 31
0.0
  0
LINE
  5
D5E
330
17
100
AcDbEntity
  8
DUVARLAR
100
AcDbLine
 10
191025.0
 20
3425.0
 30
0.0
 11
192100.0
 21
3425.0
 31
0.0
  0
LINE
  5
D5F
330
17
100
AcDbEntity
  8
DUVARLAR
100
AcDbLine
 10
192900.0
 20
3425.0
 30
0.0
 11
194575.0
 21
3425.0
 31
0.0
  0
LINE
  5
D60
330
17
100
AcDbEntity
  8
DUVARLAR
100
AcDbLine
 10
195275.0
 20
3425.0
 30
0.0
 11
196050.0
 21
3425.0
 31
0.0
  0
LINE
  5
D61
330
17
100
AcDbEntity
  8
DUVARLAR
100
AcDbLine
 10
196750.0
 20
3425.0
 30
0.0
 11
196900.0
 21
3425.0
 31
0.0
  0
LINE
  5
D62
330
17
100
AcDbEntity
  8
DUVARLAR
100
AcDbLine
 10
191025.0
 20
3275.0
 30
0.0
 11
192100.0
 21
3275.0
 31
0.0
  0
LINE
  5
D63
330
17
100
AcDbEntity
  8
DUVARLAR
100
AcDbLine
 10
192900.0
 20
3275.0
 30
0.0
 11
194575.0
 21
3275.0
 31
0.0
  0
LINE
  5
D64
330
17
100
AcDbEntity
  8
DUVARLAR
100
AcDbLine
 10
195275.0
 20
3275.0
 30
0.0
 11
196050.0
 21
3275.0
 31
0.0
  0
LINE
  5
D65
330
17
100
AcDbEntity
  8
DUVARLAR
100
AcDbLine
 10
196750.0
 20
3275.0
 30
0.0
 11
196900.0
 21
3275.0
 31
0.0
  0
LINE
  5
D66
330
17
100
AcDbEntity
  8
DUVARLAR
100
AcDbLine
 10
192100.0
 20
3425.0
 30
0.0
 11
192100.0
 21
3275.0
 31
0.0
  0
LINE
  5
D67
330
17
100
AcDbEntity
  8
DUVARLAR
100
AcDbLine
 10
192900.0
 20
3425.0
 30
0.0
 11
192900.0
 21
3275.0
 31
0.0
  0
LINE
  5
D68
330
17
100
AcDbEntity
  8
KAPI-PENCERE
100
AcDbLine
 10
192100.0
 20
3350.0
 30
0.0
 11
192100.0
 21
2550.0
 31
0.0
  0
ARC
  5
D69
330
17
100
AcDbEntity
  8
KAPI-PENCERE
100
AcDbCircle
 10
192100.0
 20
3350.0
 30
0.0
 40
800.0
100
AcDbArc
 50
-90.0
 51
0.0
  0
LINE
  5
D6A
330
17
100
AcDbEntity
  8
DUVARLAR
100
AcDbLine
 10
194575.0
 20
3425.0
 30
0.0
 11
194575.0
 21
3275.0
 31
0.0
  0
LINE
  5
D6B
330
17
100
AcDbEntity
  8
DUVARLAR
100
AcDbLine
 10
195275.0
 20
3425.0
 30
0.0
 11
195275.0
 21
3275.0
 31
0.0
  0
LINE
  5
D6C
330
17
100
AcDbEntity
  8
KAPI-PENCERE
100
AcDbLine
 10
194575.0
 20
3350.0
 30
0.0
 11
194575.0
 21
2650.0
 31
0.0
  0
ARC
  5
D6D
330
17
100
AcDbEntity
  8
KAPI-PENCERE
100
AcDbCircle
 10
194575.0
 20
3350.0
 30
0.0
 40
700.0
100
AcDbArc
 50
-90.0
 51
0.0
  0
LINE
  5
D6E
330
17
100
AcDbEntity
  8
DUVARLAR
100
AcDbLine
 10
196050.0
 20
3425.0
 30
0.0
 11
196050.0
 21
3275.0
 31
0.0
  0
LINE
  5
D6F
330
17
100
AcDbEntity
  8
DUVARLAR
100
AcDbLine
 10
196750.0
 20
3425.0
 30
0.0
 11
196750.0
 21
3275.0
 31
0.0
  0
LINE
  5
D70
330
17
100
AcDbEntity
  8
KAPI-PENCERE
100
AcDbLine
 10
196050.0
 20
3350.0
 30
0.0
 11
196050.0
 21
2650.0
 31
0.0
  0
ARC
  5
D71
330
17
100
AcDbEntity
  8
KAPI-PENCERE
100
AcDbCircle
 10
196050.0
 20
3350.0
 30
0.0
 40
700.0
100
AcDbArc
 50
-90.0
 51
0.0
  0
LINE
  5
D72
330
17
100
AcDbEntity
  8
DUVARLAR
100
AcDbLine
 10
197100.0
 20
4375.0
 30
0.0
 11
197450.0
 21
4375.0
 31
0.0
  0
LINE
  5
D73
330
17
100
AcDbEntity
  8
DUVARLAR
100
AcDbLine
 10
198250.0
 20
4375.0
 30
0.0
 11
203850.0
 21
4375.0
 31
0.0
  0
LINE
  5
D74
330
17
100
AcDbEntity
  8
DUVARLAR
100
AcDbLine
 10
197100.0
 20
4225.0
 30
0.0
 11
197450.0
 21
4225.0
 31
0.0
  0
LINE
  5
D75
330
17
100
AcDbEntity
  8
DUVARLAR
100
AcDbLine
 10
198250.0
 20
4225.0
 30
0.0
 11
203850.0
 21
4225.0
 31
0.0
  0
LINE
  5
D76
330
17
100
AcDbEntity
  8
DUVARLAR
100
AcDbLine
 10
197450.0
 20
4375.0
 30
0.0
 11
197450.0
 21
4225.0
 31
0.0
  0
LINE
  5
D77
330
17
100
AcDbEntity
  8
DUVARLAR
100
AcDbLine
 10
198250.0
 20
4375.0
 30
0.0
 11
198250.0
 21
4225.0
 31
0.0
  0
LINE
  5
D78
330
17
100
AcDbEntity
  8
KAPI-PENCERE
100
AcDbLine
 10
197450.0
 20
4300.0
 30
0.0
 11
197450.0
 21
3500.0
 31
0.0
  0
ARC
  5
D79
330
17
100
AcDbEntity
  8
KAPI-PENCERE
100
AcDbCircle
 10
197450.0
 20
4300.0
 30
0.0
 40
800.0
100
AcDbArc
 50
-90.0
 51
0.0
  0
LINE
  5
D7A
330
17
100
AcDbEntity
  8
DUVARLAR
100
AcDbLine
 10
184050.0
 20
5350.0
 30
0.0
 11
191500.0
 21
5350.0
 31
0.0
  0
LINE
  5
D7B
330
17
100
AcDbEntity
  8
DUVARLAR
100
AcDbLine
 10
192400.0
 20
5350.0
 30
0.0
 11
196900.0
 21
5350.0
 31
0.0
  0
LINE
  5
D7C
330
17
100
AcDbEntity
  8
DUVARLAR
100
AcDbLine
 10
184050.0
 20
5150.0
 30
0.0
 11
191500.0
 21
5150.0
 31
0.0
  0
LINE
  5
D7D
330
17
100
AcDbEntity
  8
DUVARLAR
100
AcDbLine
 10
192400.0
 20
5150.0
 30
0.0
 11
196900.0
 21
5150.0
 31
0.0
  0
LINE
  5
D7E
330
17
100
AcDbEntity
  8
DUVARLAR
100
AcDbLine
 10
191500.0
 20
5350.0
 30
0.0
 11
191500.0
 21
5150.0
 31
0.0
  0
LINE
  5
D7F
330
17
100
AcDbEntity
  8
DUVARLAR
100
AcDbLine
 10
192400.0
 20
5350.0
 30
0.0
 11
192400.0
 21
5150.0
 31
0.0
  0
LINE
  5
D80
330
17
100
AcDbEntity
  8
KAPI-PENCERE
100
AcDbLine
 10
191500.0
 20
5250.0
 30
0.0
 11
191500.0
 21
4350.0
 31
0.0
  0
ARC
  5
D81
330
17
100
AcDbEntity
  8
KAPI-PENCERE
100
AcDbCircle
 10
191500.0
 20
5250.0
 30
0.0
 40
900.0
100
AcDbArc
 50
-90.0
 51
0.0
  0
LINE
  5
D82
330
17
100
AcDbEntity
  8
DUVARLAR
100
AcDbLine
 10
191000.0
 20
8400.0
 30
0.0
 11
191150.0
 21
8400.0
 31
0.0
  0
LINE
  5
D83
330
17
100
AcDbEntity
  8
DUVARLAR
100
AcDbLine
 10
192750.0
 20
8400.0
 30
0.0
 11
193000.0
 21
8400.0
 31
0.0
  0
LINE
  5
D84
330
17
100
AcDbEntity
  8
DUVARLAR
100
AcDbLine
 10
191000.0
 20
8200.0
 30
0.0
 11
191150.0
 21
8200.0
 31
0.0
  0
LINE
  5
D85
330
17
100
AcDbEntity
  8
DUVARLAR
100
AcDbLine
 10
192750.0
 20
8200.0
 30
0.0
 11
193000.0
 21
8200.0
 31
0.0
  0
LINE
  5
D86
330
17
100
AcDbEntity
  8
DUVARLAR
100
AcDbLine
 10
191150.0
 20
8400.0
 30
0.0
 11
191150.0
 21
8200.0
 31
0.0
  0
LINE
  5
D87
330
17
100
AcDbEntity
  8
DUVARLAR
100
AcDbLine
 10
192750.0
 20
8400.0
 30
0.0
 11
192750.0
 21
8200.0
 31
0.0
  0
LINE
  5
D88
330
17
100
AcDbEntity
  8
KAPI-PENCERE
100
AcDbLine
 10
191150.0
 20
8233.333333333334
 30
0.0
 11
192750.0
 21
8233.333333333334
 31
0.0
  0
LINE
  5
D89
330
17
100
AcDbEntity
  8
KAPI-PENCERE
100
AcDbLine
 10
192750.0
 20
8233.333333333334
 30
0.0
 11
192750.0
 21
8200.0
 31
0.0
  0
LINE
  5
D8A
330
17
100
AcDbEntity
  8
DUVARLAR
100
AcDbLine
 10
193000.0
 20
8400.0
 30
0.0
 11
193000.0
 21
8200.0
 31
0.0
  0
LINE
  5
D8B
330
17
100
AcDbEntity
  8
DUVARLAR
100
AcDbLine
 10
197000.0
 20
8400.0
 30
0.0
 11
197000.0
 21
8200.0
 31
0.0
  0
LINE
  5
D8C
330
17
100
AcDbEntity
  8
DUVARLAR
100
AcDbLine
 10
184050.0
 20
8875.0
 30
0.0
 11
185050.0
 21
8875.0
 31
0.0
  0
LINE
  5
D8D
330
17
100
AcDbEntity
  8
DUVARLAR
100
AcDbLine
 10
185850.0
 20
8875.0
 30
0.0
 11
188925.0
 21
8875.0
 31
0.0
  0
LINE
  5
D8E
330
17
100
AcDbEntity
  8
DUVARLAR
100
AcDbLine
 10
184050.0
 20
8725.0
 30
0.0
 11
185050.0
 21
8725.0
 31
0.0
  0
LINE
  5
D8F
330
17
100
AcDbEntity
  8
DUVARLAR
100
AcDbLine
 10
185850.0
 20
8725.0
 30
0.0
 11
188925.0
 21
8725.0
 31
0.0
  0
LINE
  5
D90
330
17
100
AcDbEntity
  8
DUVARLAR
100
AcDbLine
 10
185050.0
 20
8875.0
 30
0.0
 11
185050.0
 21
8725.0
 31
0.0
  0
LINE
  5
D91
330
17
100
AcDbEntity
  8
DUVARLAR
100
AcDbLine
 10
185850.0
 20
8875.0
 30
0.0
 11
185850.0
 21
8725.0
 31
0.0
  0
LINE
  5
D92
330
17
100
AcDbEntity
  8
KAPI-PENCERE
100
AcDbLine
 10
185050.0
 20
8800.0
 30
0.0
 11
185050.0
 21
9600.0
 31
0.0
  0
ARC
  5
D93
330
17
100
AcDbEntity
  8
KAPI-PENCERE
100
AcDbCircle
 10
185050.0
 20
8800.0
 30
0.0
 40
800.0
100
AcDbArc
 50
0.0
 51
90.0
  0
LINE
  5
D94
330
17
100
AcDbEntity
  8
DUVARLAR
100
AcDbLine
 10
198975.0
 20
9575.0
 30
0.0
 11
201525.0
 21
9575.0
 31
0.0
  0
LINE
  5
D95
330
17
100
AcDbEntity
  8
DUVARLAR
100
AcDbLine
 10
198975.0
 20
9425.0
 30
0.0
 11
201675.0
 21
9425.0
 31
0.0
  0
LINE
  5
D96
330
17
100
AcDbEntity
  8
DUVARLAR
100
AcDbLine
 10
186275.0
 20
9950.0
 30
0.0
 11
186925.0
 21
9950.0
 31
0.0
  0
LINE
  5
D97
330
17
100
AcDbEntity
  8
DUVARLAR
100
AcDbLine
 10
186425.0
 20
9800.0
 30
0.0
 11
186925.0
 21
9800.0
 31
0.0
  0
LINE
  5
D98
330
17
100
AcDbEntity
  8
DUVARLAR
100
AcDbLine
 10
187075.0
 20
10275.0
 30
0.0
 11
188925.0
 21
10275.0
 31
0.0
  0
LINE
  5
D99
330
17
100
AcDbEntity
  8
DUVARLAR
100
AcDbLine
 10
187075.0
 20
10125.0
 30
0.0
 11
188925.0
 21
10125.0
 31
0.0
  0
LINE
  5
D9A
330
17
100
AcDbEntity
  8
DUVARLAR
100
AcDbLine
 10
186275.0
 20
10600.0
 30
0.0
 11
186925.0
 21
10600.0
 31
0.0
  0
LINE
  5
D9B
330
17
100
AcDbEntity
  8
DUVARLAR
100
AcDbLine
 10
186425.0
 20
10450.0
 30
0.0
 11
186925.0
 21
10450.0
 31
0.0
  0
LINE
  5
D9C
330
17
100
AcDbEntity
  8
DUVARLAR
100
AcDbLine
 10
200875.0
 20
10650.0
 30
0.0
 11
201525.0
 21
10650.0
 31
0.0
  0
LINE
  5
D9D
330
17
100
AcDbEntity
  8
DUVARLAR
100
AcDbLine
 10
201025.0
 20
10500.0
 30
0.0
 11
201525.0
 21
10500.0
 31
0.0
  0
LINE
  5
D9E
330
17
100
AcDbEntity
  8
DUVARLAR
100
AcDbLine
 10
198975.0
 20
10975.0
 30
0.0
 11
200875.0
 21
10975.0
 31
0.0
  0
LINE
  5
D9F
330
17
100
AcDbEntity
  8
DUVARLAR
100
AcDbLine
 10
198975.0
 20
10825.0
 30
0.0
 11
200875.0
 21
10825.0
 31
0.0
  0
LINE
  5
DA0
330
17
100
AcDbEntity
  8
DUVARLAR
100
AcDbLine
 10
200875.0
 20
11300.0
 30
0.0
 11
201525.0
 21
11300.0
 31
0.0
  0
LINE
  5
DA1
330
17
100
AcDbEntity
  8
DUVARLAR
100
AcDbLine
 10
201025.0
 20
11150.0
 30
0.0
 11
201525.0
 21
11150.0
 31
0.0
  0
LINE
  5
DA2
330
17
100
AcDbEntity
  8
DUVARLAR
100
AcDbLine
 10
190825.0
 20
11400.0
 30
0.0
 11
192900.0
 21
11400.0
 31
0.0
  0
LINE
  5
DA3
330
17
100
AcDbEntity
  8
DUVARLAR
100
AcDbLine
 10
190975.0
 20
11200.0
 30
0.0
 11
192900.0
 21
11200.0
 31
0.0
  0
LINE
  5
DA4
330
17
100
AcDbEntity
  8
DUVARLAR
100
AcDbLine
 10
184050.0
 20
12175.0
 30
0.0
 11
188925.0
 21
12175.0
 31
0.0
  0
LINE
  5
DA5
330
17
100
AcDbEntity
  8
DUVARLAR
100
AcDbLine
 10
184050.0
 20
12025.0
 30
0.0
 11
188925.0
 21
12025.0
 31
0.0
  0
LINE
  5
DA6
330
17
100
AcDbEntity
  8
DUVARLAR
100
AcDbLine
 10
190825.0
 20
12375.0
 30
0.0
 11
192900.0
 21
12375.0
 31
0.0
  0
LINE
  5
DA7
330
17
100
AcDbEntity
  8
DUVARLAR
100
AcDbLine
 10
190975.0
 20
12225.0
 30
0.0
 11
193100.0
 21
12225.0
 31
0.0
  0
LINE
  5
DA8
330
17
100
AcDbEntity
  8
DUVARLAR
100
AcDbLine
 10
192900.0
 20
12400.0
 30
0.0
 11
196900.0
 21
12400.0
 31
0.0
  0
LINE
  5
DA9
330
17
100
AcDbEntity
  8
DUVARLAR
100
AcDbLine
 10
193100.0
 20
12200.0
 30
0.0
 11
196900.0
 21
12200.0
 31
0.0
  0
LINE
  5
DAA
330
17
100
AcDbEntity
  8
DUVARLAR
100
AcDbLine
 10
197100.0
 20
13375.0
 30
0.0
 11
197250.0
 21
13375.0
 31
0.0
  0
LINE
  5
DAB
330
17
100
AcDbEntity
  8
DUVARLAR
100
AcDbLine
 10
198050.0
 20
13375.0
 30
0.0
 11
203850.0
 21
13375.0
 31
0.0
  0
LINE
  5
DAC
330
17
100
AcDbEntity
  8
DUVARLAR
100
AcDbLine
 10
197100.0
 20
13225.0
 30
0.0
 11
197250.0
 21
13225.0
 31
0.0
  0
LINE
  5
DAD
330
17
100
AcDbEntity
  8
DUVARLAR
100
AcDbLine
 10
198050.0
 20
13225.0
 30
0.0
 11
203850.0
 21
13225.0
 31
0.0
  0
LINE
  5
DAE
330
17
100
AcDbEntity
  8
DUVARLAR
100
AcDbLine
 10
197250.0
 20
13375.0
 30
0.0
 11
197250.0
 21
13225.0
 31
0.0
  0
LINE
  5
DAF
330
17
100
AcDbEntity
  8
DUVARLAR
100
AcDbLine
 10
198050.0
 20
13375.0
 30
0.0
 11
198050.0
 21
13225.0
 31
0.0
  0
LINE
  5
DB0
330
17
100
AcDbEntity
  8
KAPI-PENCERE
100
AcDbLine
 10
197250.0
 20
13300.0
 30
0.0
 11
197250.0
 21
14100.0
 31
0.0
  0
ARC
  5
DB1
330
17
100
AcDbEntity
  8
KAPI-PENCERE
100
AcDbCircle
 10
197250.0
 20
13300.0
 30
0.0
 40
800.0
100
AcDbArc
 50
0.0
 51
90.0
  0
LINE
  5
DB2
330
17
100
AcDbEntity
  8
DUVARLAR
100
AcDbLine
 10
188925.0
 20
14275.0
 30
0.0
 11
189600.0
 21
14275.0
 31
0.0
  0
LINE
  5
DB3
330
17
100
AcDbEntity
  8
DUVARLAR
100
AcDbLine
 10
190400.0
 20
14275.0
 30
0.0
 11
190875.0
 21
14275.0
 31
0.0
  0
LINE
  5
DB4
330
17
100
AcDbEntity
  8
DUVARLAR
100
AcDbLine
 10
189075.0
 20
14125.0
 30
0.0
 11
189600.0
 21
14125.0
 31
0.0
  0
LINE
  5
DB5
330
17
100
AcDbEntity
  8
DUVARLAR
100
AcDbLine
 10
190400.0
 20
14125.0
 30
0.0
 11
190875.0
 21
14125.0
 31
0.0
  0
LINE
  5
DB6
330
17
100
AcDbEntity
  8
DUVARLAR
100
AcDbLine
 10
189600.0
 20
14275.0
 30
0.0
 11
189600.0
 21
14125.0
 31
0.0
  0
LINE
  5
DB7
330
17
100
AcDbEntity
  8
DUVARLAR
100
AcDbLine
 10
190400.0
 20
14275.0
 30
0.0
 11
190400.0
 21
14125.0
 31
0.0
  0
LINE
  5
DB8
330
17
100
AcDbEntity
  8
KAPI-PENCERE
100
AcDbLine
 10
189600.0
 20
14200.0
 30
0.0
 11
189600.0
 21
15000.0
 31
0.0
  0
ARC
  5
DB9
330
17
100
AcDbEntity
  8
KAPI-PENCERE
100
AcDbCircle
 10
189600.0
 20
14200.0
 30
0.0
 40
800.0
100
AcDbArc
 50
0.0
 51
90.0
  0
LINE
  5
DBA
330
17
100
AcDbEntity
  8
DUVARLAR
100
AcDbLine
 10
203850.0
 20
17400.0
 30
0.0
 11
201350.0
 21
17400.0
 31
0.0
  0
LINE
  5
DBB
330
17
100
AcDbEntity
  8
DUVARLAR
100
AcDbLine
 10
199550.0
 20
17400.0
 30
0.0
 11
195150.0
 21
17400.0
 31
0.0
  0
LINE
  5
DBC
330
17
100
AcDbEntity
  8
DUVARLAR
100
AcDbLine
 10
193350.0
 20
17400.0
 30
0.0
 11
190050.0
 21
17400.0
 31
0.0
  0
LINE
  5
DBD
330
17
100
AcDbEntity
  8
DUVARLAR
100
AcDbLine
 10
188850.0
 20
17400.0
 30
0.0
 11
186850.0
 21
17400.0
 31
0.0
  0
LINE
  5
DBE
330
17
100
AcDbEntity
  8
DUVARLAR
100
AcDbLine
 10
185050.0
 20
17400.0
 30
0.0
 11
184050.0
 21
17400.0
 31
0.0
  0
LINE
  5
DBF
330
17
100
AcDbEntity
  8
DUVARLAR
100
AcDbLine
 10
204050.0
 20
17600.0
 30
0.0
 11
201350.0
 21
17600.0
 31
0.0
  0
LINE
  5
DC0
330
17
100
AcDbEntity
  8
DUVARLAR
100
AcDbLine
 10
199550.0
 20
17600.0
 30
0.0
 11
195150.0
 21
17600.0
 31
0.0
  0
LINE
  5
DC1
330
17
100
AcDbEntity
  8
DUVARLAR
100
AcDbLine
 10
193350.0
 20
17600.0
 30
0.0
 11
190050.0
 21
17600.0
 31
0.0
  0
LINE
  5
DC2
330
17
100
AcDbEntity
  8
DUVARLAR
100
AcDbLine
 10
188850.0
 20
17600.0
 30
0.0
 11
186850.0
 21
17600.0
 31
0.0
  0
LINE
  5
DC3
330
17
100
AcDbEntity
  8
DUVARLAR
100
AcDbLine
 10
185050.0
 20
17600.0
 30
0.0
 11
183850.0
 21
17600.0
 31
0.0
  0
LINE
  5
DC4
330
17
100
AcDbEntity
  8
DUVARLAR
100
AcDbLine
 10
201350.0
 20
17400.0
 30
0.0
 11
201350.0
 21
17600.0
 31
0.0
  0
LINE
  5
DC5
330
17
100
AcDbEntity
  8
DUVARLAR
100
AcDbLine
 10
199550.0
 20
17400.0
 30
0.0
 11
199550.0
 21
17600.0
 31
0.0
  0
LINE
  5
DC6
330
17
100
AcDbEntity
  8
KAPI-PENCERE
100
AcDbLine
 10
201350.0
 20
17550.0
 30
0.0
 11
199550.0
 21
17550.0
 31
0.0
  0
LINE
  5
DC7
330
17
100
AcDbEntity
  8
KAPI-PENCERE
100
AcDbLine
 10
201350.0
 20
17450.0
 30
0.0
 11
199550.0
 21
17450.0
 31
0.0
  0
LINE
  5
DC8
330
17
100
AcDbEntity
  8
DUVARLAR
100
AcDbLine
 10
195150.0
 20
17400.0
 30
0.0
 11
195150.0
 21
17600.0
 31
0.0
  0
LINE
  5
DC9
330
17
100
AcDbEntity
  8
DUVARLAR
100
AcDbLine
 10
193350.0
 20
17400.0
 30
0.0
 11
193350.0
 21
17600.0
 31
0.0
  0
LINE
  5
DCA
330
17
100
AcDbEntity
  8
KAPI-PENCERE
100
AcDbLine
 10
195150.0
 20
17550.0
 30
0.0
 11
193350.0
 21
17550.0
 31
0.0
  0
LINE
  5
DCB
330
17
100
AcDbEntity
  8
KAPI-PENCERE
100
AcDbLine
 10
195150.0
 20
17450.0
 30
0.0
 11
193350.0
 21
17450.0
 31
0.0
  0
LINE
  5
DCC
330
17
100
AcDbEntity
  8
DUVARLAR
100
AcDbLine
 10
190050.0
 20
17400.0
 30
0.0
 11
190050.0
 21
17600.0
 31
0.0
  0
LINE
  5
DCD
330
17
100
AcDbEntity
  8
DUVARLAR
100
AcDbLine
 10
188850.0
 20
17400.0
 30
0.0
 11
188850.0
 21
17600.0
 31
0.0
  0
LINE
  5
DCE
330
17
100
AcDbEntity
  8
KAPI-PENCERE
100
AcDbLine
 10
190050.0
 20
17550.0
 30
0.0
 11
188850.0
 21
17550.0
 31
0.0
  0
LINE
  5
DCF
330
17
100
AcDbEntity
  8
KAPI-PENCERE
100
AcDbLine
 10
190050.0
 20
17450.0
 30
0.0
 11
188850.0
 21
17450.0
 31
0.0
  0
LINE
  5
DD0
330
17
100
AcDbEntity
  8
DUVARLAR
100
AcDbLine
 10
186850.0
 20
17400.0
 30
0.0
 11
186850.0
 21
17600.0
 31
0.0
  0
LINE
  5
DD1
330
17
100
AcDbEntity
  8
DUVARLAR
100
AcDbLine
 10
185050.0
 20
17400.0
 30
0.0
 11
185050.0
 21
17600.0
 31
0.0
  0
LINE
  5
DD2
330
17
100
AcDbEntity
  8
KAPI-PENCERE
100
AcDbLine
 10
186850.0
 20
17550.0
 30
0.0
 11
185050.0
 21
17550.0
 31
0.0
  0
LINE
  5
DD3
330
17
100
AcDbEntity
  8
KAPI-PENCERE
100
AcDbLine
 10
186850.0
 20
17450.0
 30
0.0
 11
185050.0
 21
17450.0
 31
0.0
  0
LINE
  5
DD4
330
17
100
AcDbEntity
  8
DUVARLAR
100
AcDbLine
 10
184050.0
 20
17400.0
 30
0.0
 11
184050.0
 21
15700.0
 31
0.0
  0
LINE
  5
DD5
330
17
100
AcDbEntity
  8
DUVARLAR
100
AcDbLine
 10
184050.0
 20
13900.0
 30
0.0
 11
184050.0
 21
7700.0
 31
0.0
  0
LINE
  5
DD6
330
17
100
AcDbEntity
  8
DUVARLAR
100
AcDbLine
 10
184050.0
 20
6300.0
 30
0.0
 11
184050.0
 21
3200.0
 31
0.0
  0
LINE
  5
DD7
330
17
100
AcDbEntity
  8
DUVARLAR
100
AcDbLine
 10
184050.0
 20
2000.0
 30
0.0
 11
184050.0
 21
100.0
 31
0.0
  0
LINE
  5
DD8
330
17
100
AcDbEntity
  8
DUVARLAR
100
AcDbLine
 10
183850.0
 20
17600.0
 30
0.0
 11
183850.0
 21
15700.0
 31
0.0
  0
LINE
  5
DD9
330
17
100
AcDbEntity
  8
DUVARLAR
100
AcDbLine
 10
183850.0
 20
13900.0
 30
0.0
 11
183850.0
 21
7700.0
 31
0.0
  0
LINE
  5
DDA
330
17
100
AcDbEntity
  8
DUVARLAR
100
AcDbLine
 10
183850.0
 20
6300.0
 30
0.0
 11
183850.0
 21
3200.0
 31
0.0
  0
LINE
  5
DDB
330
17
100
AcDbEntity
  8
DUVARLAR
100
AcDbLine
 10
183850.0
 20
2000.0
 30
0.0
 11
183850.0
 21
-100.0
 31
0.0
  0
LINE
  5
DDC
330
17
100
AcDbEntity
  8
DUVARLAR
100
AcDbLine
 10
184050.0
 20
15700.0
 30
0.0
 11
183850.0
 21
15700.0
 31
0.0
  0
LINE
  5
DDD
330
17
100
AcDbEntity
  8
DUVARLAR
100
AcDbLine
 10
184050.0
 20
13900.0
 30
0.0
 11
183850.0
 21
13900.0
 31
0.0
  0
LINE
  5
DDE
330
17
100
AcDbEntity
  8
KAPI-PENCERE
100
AcDbLine
 10
183900.0
 20
15700.0
 30
0.0
 11
183900.0
 21
13900.0
 31
0.0
  0
LINE
  5
DDF
330
17
100
AcDbEntity
  8
KAPI-PENCERE
100
AcDbLine
 10
184000.0
 20
15700.0
 30
0.0
 11
184000.0
 21
13900.0
 31
0.0
  0
LINE
  5
DE0
330
17
100
AcDbEntity
  8
DUVARLAR
100
AcDbLine
 10
184050.0
 20
7700.0
 30
0.0
 11
183850.0
 21
7700.0
 31
0.0
  0
LINE
  5
DE1
330
17
100
AcDbEntity
  8
DUVARLAR
100
AcDbLine
 10
184050.0
 20
6300.0
 30
0.0
 11
183850.0
 21
6300.0
 31
0.0
  0
LINE
  5
DE2
330
17
100
AcDbEntity
  8
KAPI-PENCERE
100
AcDbLine
 10
183900.0
 20
7700.0
 30
0.0
 11
183900.0
 21
6300.0
 31
0.0
  0
LINE
  5
DE3
330
17
100
AcDbEntity
  8
KAPI-PENCERE
100
AcDbLine
 10
184000.0
 20
7700.0
 30
0.0
 11
184000.0
 21
6300.0
 31
0.0
  0
LINE
  5
DE4
330
17
100
AcDbEntity
  8
DUVARLAR
100
AcDbLine
 10
184050.0
 20
3200.0
 30
0.0
 11
183850.0
 21
3200.0
 31
0.0
  0
LINE
  5
DE5
330
17
100
AcDbEntity
  8
DUVARLAR
100
AcDbLine
 10
184050.0
 20
2000.0
 30
0.0
 11
183850.0
 21
2000.0
 31
0.0
  0
LINE
  5
DE6
330
17
100
AcDbEntity
  8
KAPI-PENCERE
100
AcDbLine
 10
183900.0
 20
3200.0
 30
0.0
 11
183900.0
 21
2000.0
 31
0.0
  0
LINE
  5
DE7
330
17
100
AcDbEntity
  8
KAPI-PENCERE
100
AcDbLine
 10
184000.0
 20
3200.0
 30
0.0
 11
184000.0
 21
2000.0
 31
0.0
  0
LINE
  5
DE8
330
17
100
AcDbEntity
  8
DUVARLAR
100
AcDbLine
 10
186275.0
 20
9950.0
 30
0.0
 11
186275.0
 21
10600.0
 31
0.0
  0
LINE
  5
DE9
330
17
100
AcDbEntity
  8
DUVARLAR
100
AcDbLine
 10
186425.0
 20
9800.0
 30
0.0
 11
186425.0
 21
10450.0
 31
0.0
  0
LINE
  5
DEA
330
17
100
AcDbEntity
  8
DUVARLAR
100
AcDbLine
 10
186925.0
 20
8875.0
 30
0.0
 11
186925.0
 21
12025.0
 31
0.0
  0
LINE
  5
DEB
330
17
100
AcDbEntity
  8
DUVARLAR
100
AcDbLine
 10
187075.0
 20
8875.0
 30
0.0
 11
187075.0
 21
12025.0
 31
0.0
  0
LINE
  5
DEC
330
17
100
AcDbEntity
  8
DUVARLAR
100
AcDbLine
 10
188925.0
 20
5350.0
 30
0.0
 11
188925.0
 21
6600.0
 31
0.0
  0
LINE
  5
DED
330
17
100
AcDbEntity
  8
DUVARLAR
100
AcDbLine
 10
188925.0
 20
7400.0
 30
0.0
 11
188925.0
 21
9150.0
 31
0.0
  0
LINE
  5
DEE
330
17
100
AcDbEntity
  8
DUVARLAR
100
AcDbLine
 10
188925.0
 20
9850.0
 30
0.0
 11
188925.0
 21
10800.0
 31
0.0
  0
LINE
  5
DEF
330
17
100
AcDbEntity
  8
DUVARLAR
100
AcDbLine
 10
188925.0
 20
11500.0
 30
0.0
 11
188925.0
 21
12900.0
 31
0.0
  0
LINE
  5
DF0
330
17
100
AcDbEntity
  8
DUVARLAR
100
AcDbLine
 10
188925.0
 20
13700.0
 30
0.0
 11
188925.0
 21
14275.0
 31
0.0
  0
LINE
  5
DF1
330
17
100
AcDbEntity
  8
DUVARLAR
100
AcDbLine
 10
189075.0
 20
5350.0
 30
0.0
 11
189075.0
 21
6600.0
 31
0.0
  0
LINE
  5
DF2
330
17
100
AcDbEntity
  8
DUVARLAR
100
AcDbLine
 10
189075.0
 20
7400.0
 30
0.0
 11
189075.0
 21
9150.0
 31
0.0
  0
LINE
  5
DF3
330
17
100
AcDbEntity
  8
DUVARLAR
100
AcDbLine
 10
189075.0
 20
9850.0
 30
0.0
 11
189075.0
 21
10800.0
 31
0.0
  0
LINE
  5
DF4
330
17
100
AcDbEntity
  8
DUVARLAR
100
AcDbLine
 10
189075.0
 20
11500.0
 30
0.0
 11
189075.0
 21
12900.0
 31
0.0
  0
LINE
  5
DF5
330
17
100
AcDbEntity
  8
DUVARLAR
100
AcDbLine
 10
189075.0
 20
13700.0
 30
0.0
 11
189075.0
 21
14125.0
 31
0.0
  0
LINE
  5
DF6
330
17
100
AcDbEntity
  8
DUVARLAR
100
AcDbLine
 10
188925.0
 20
6600.0
 30
0.0
 11
189075.0
 21
6600.0
 31
0.0
  0
LINE
  5
DF7
330
17
100
AcDbEntity
  8
DUVARLAR
100
AcDbLine
 10
188925.0
 20
7400.0
 30
0.0
 11
189075.0
 21
7400.0
 31
0.0
  0
LINE
  5
DF8
330
17
100
AcDbEntity
  8
KAPI-PENCERE
100
AcDbLine
 10
189000.0
 20
6600.0
 30
0.0
 11
188200.0
 21
6600.0
 31
0.0
  0
ARC
  5
DF9
330
17
100
AcDbEntity
  8
KAPI-PENCERE
100
AcDbCircle
 10
189000.0
 20
6600.0
 30
0.0
 40
800.0
100
AcDbArc
 50
90.0
 51
180.0
  0
LINE
  5
DFA
330
17
100
AcDbEntity
  8
DUVARLAR
100
AcDbLine
 10
188925.0
 20
9150.0
 30
0.0
 11
189075.0
 21
9150.0
 31
0.0
  0
LINE
  5
DFB
330
17
100
AcDbEntity
  8
DUVARLAR
100
AcDbLine
 10
188925.0
 20
9850.0
 30
0.0
 11
189075.0
 21
9850.0
 31
0.0
  0
LINE
  5
DFC
330
17
100
AcDbEntity
  8
KAPI-PENCERE
100
AcDbLine
 10
189000.0
 20
9150.0
 30
0.0
 11
188300.0
 21
9150.0
 31
0.0
  0
ARC
  5
DFD
330
17
100
AcDbEntity
  8
KAPI-PENCERE
100
AcDbCircle
 10
189000.0
 20
9150.0
 30
0.0
 40
700.0
100
AcDbArc
 50
90.0
 51
180.0
  0
LINE
  5
DFE
330
17
100
AcDbEntity
  8
DUVARLAR
100
AcDbLine
 10
188925.0
 20
10800.0
 30
0.0
 11
189075.0
 21
10800.0
 31
0.0
  0
LINE
  5
DFF
330
17
100
AcDbEntity
  8
DUVARLAR
100
AcDbLine
 10
188925.0
 20
11500.0
 30
0.0
 11
189075.0
 21
11500.0
 31
0.0
  0
LINE
  5
E00
330
17
100
AcDbEntity
  8
KAPI-PENCERE
100
AcDbLine
 10
189000.0
 20
10800.0
 30
0.0
 11
188300.0
 21
10800.0
 31
0.0
  0
ARC
  5
E01
330
17
100
AcDbEntity
  8
KAPI-PENCERE
100
AcDbCircle
 10
189000.0
 20
10800.0
 30
0.0
 40
700.0
100
AcDbArc
 50
90.0
 51
180.0
  0
LINE
  5
E02
330
17
100
AcDbEntity
  8
DUVARLAR
100
AcDbLine
 10
188925.0
 20
12900.0
 30
0.0
 11
189075.0
 21
12900.0
 31
0.0
  0
LINE
  5
E03
330
17
100
AcDbEntity
  8
DUVARLAR
100
AcDbLine
 10
188925.0
 20
13700.0
 30
0.0
 11
189075.0
 21
13700.0
 31
0.0
  0
LINE
  5
E04
330
17
100
AcDbEntity
  8
KAPI-PENCERE
100
AcDbLine
 10
189000.0
 20
12900.0
 30
0.0
 11
188200.0
 21
12900.0
 31
0.0
  0
ARC
  5
E05
330
17
100
AcDbEntity
  8
KAPI-PENCERE
100
AcDbCircle
 10
189000.0
 20
12900.0
 30
0.0
 40
800.0
100
AcDbArc
 50
90.0
 51
180.0
  0
LINE
  5
E06
330
17
100
AcDbEntity
  8
DUVARLAR
100
AcDbLine
 10
190800.0
 20
5350.0
 30
0.0
 11
190800.0
 21
5850.0
 31
0.0
  0
LINE
  5
E07
330
17
100
AcDbEntity
  8
DUVARLAR
100
AcDbLine
 10
190800.0
 20
6750.0
 30
0.0
 11
190800.0
 21
11400.0
 31
0.0
  0
LINE
  5
E08
330
17
100
AcDbEntity
  8
DUVARLAR
100
AcDbLine
 10
191000.0
 20
5350.0
 30
0.0
 11
191000.0
 21
5850.0
 31
0.0
  0
LINE
  5
E09
330
17
100
AcDbEntity
  8
DUVARLAR
100
AcDbLine
 10
191000.0
 20
6750.0
 30
0.0
 11
191000.0
 21
11200.0
 31
0.0
  0
LINE
  5
E0A
330
17
100
AcDbEntity
  8
DUVARLAR
100
AcDbLine
 10
190800.0
 20
5850.0
 30
0.0
 11
191000.0
 21
5850.0
 31
0.0
  0
LINE
  5
E0B
330
17
100
AcDbEntity
  8
DUVARLAR
100
AcDbLine
 10
190800.0
 20
6750.0
 30
0.0
 11
191000.0
 21
6750.0
 31
0.0
  0
LINE
  5
E0C
330
17
100
AcDbEntity
  8
KAPI-PENCERE
100
AcDbLine
 10
190900.0
 20
5850.0
 30
0.0
 11
190000.0
 21
5850.0
 31
0.0
  0
ARC
  5
E0D
330
17
100
AcDbEntity
  8
KAPI-PENCERE
100
AcDbCircle
 10
190900.0
 20
5850.0
 30
0.0
 40
900.0
100
AcDbArc
 50
90.0
 51
180.0
  0
LINE
  5
E0E
330
17
100
AcDbEntity
  8
DUVARLAR
100
AcDbLine
 10
190825.0
 20
11400.0
 30
0.0
 11
190825.0
 21
11500.0
 31
0.0
  0
LINE
  5
E0F
330
17
100
AcDbEntity
  8
DUVARLAR
100
AcDbLine
 10
190825.0
 20
12100.0
 30
0.0
 11
190825.0
 21
12375.0
 31
0.0
  0
LINE
  5
E10
330
17
100
AcDbEntity
  8
DUVARLAR
100
AcDbLine
 10
190975.0
 20
11200.0
 30
0.0
 11
190975.0
 21
11500.0
 31
0.0
  0
LINE
  5
E11
330
17
100
AcDbEntity
  8
DUVARLAR
100
AcDbLine
 10
190975.0
 20
12100.0
 30
0.0
 11
190975.0
 21
12225.0
 31
0.0
  0
LINE
  5
E12
330
17
100
AcDbEntity
  8
DUVARLAR
100
AcDbLine
 10
190825.0
 20
11500.0
 30
0.0
 11
190975.0
 21
11500.0
 31
0.0
  0
LINE
  5
E13
330
17
100
AcDbEntity
  8
DUVARLAR
100
AcDbLine
 10
190825.0
 20
12100.0
 30
0.0
 11
190975.0
 21
12100.0
 31
0.0
  0
LINE
  5
E14
330
17
100
AcDbEntity
  8
KAPI-PENCERE
100
AcDbLine
 10
190900.0
 20
11500.0
 30
0.0
 11
191500.0
 21
11500.0
 31
0.0
  0
ARC
  5
E15
330
17
100
AcDbEntity
  8
KAPI-PENCERE
100
AcDbCircle
 10
190900.0
 20
11500.0
 30
0.0
 40
600.0
100
AcDbArc
 50
-0.0
 51
90.0
  0
LINE
  5
E16
330
17
100
AcDbEntity
  8
DUVARLAR
100
AcDbLine
 10
190875.0
 20
100.0
 30
0.0
 11
190875.0
 21
3900.0
 31
0.0
  0
LINE
  5
E17
330
17
100
AcDbEntity
  8
DUVARLAR
100
AcDbLine
 10
190875.0
 20
4700.0
 30
0.0
 11
190875.0
 21
5150.0
 31
0.0
  0
LINE
  5
E18
330
17
100
AcDbEntity
  8
DUVARLAR
100
AcDbLine
 10
191025.0
 20
100.0
 30
0.0
 11
191025.0
 21
3900.0
 31
0.0
  0
LINE
  5
E19
330
17
100
AcDbEntity
  8
DUVARLAR
100
AcDbLine
 10
191025.0
 20
4700.0
 30
0.0
 11
191025.0
 21
5150.0
 31
0.0
  0
LINE
  5
E1A
330
17
100
AcDbEntity
  8
DUVARLAR
100
AcDbLine
 10
190875.0
 20
3900.0
 30
0.0
 11
191025.0
 21
3900.0
 31
0.0
  0
LINE
  5
E1B
330
17
100
AcDbEntity
  8
DUVARLAR
100
AcDbLine
 10
190875.0
 20
4700.0
 30
0.0
 11
191025.0
 21
4700.0
 31
0.0
  0
LINE
  5
E1C
330
17
100
AcDbEntity
  8
KAPI-PENCERE
100
AcDbLine
 10
190950.0
 20
3900.0
 30
0.0
 11
190150.0
 21
3900.0
 31
0.0
  0
ARC
  5
E1D
330
17
100
AcDbEntity
  8
KAPI-PENCERE
100
AcDbCircle
 10
190950.0
 20
3900.0
 30
0.0
 40
800.0
100
AcDbArc
 50
90.0
 51
180.0
  0
LINE
  5
E1E
330
17
100
AcDbEntity
  8
DUVARLAR
100
AcDbLine
 10
190875.0
 20
12375.0
 30
0.0
 11
190875.0
 21
12800.0
 31
0.0
  0
LINE
  5
E1F
330
17
100
AcDbEntity
  8
DUVARLAR
100
AcDbLine
 10
190875.0
 20
13600.0
 30
0.0
 11
190875.0
 21
17400.0
 31
0.0
  0
LINE
  5
E20
330
17
100
AcDbEntity
  8
DUVARLAR
100
AcDbLine
 10
191025.0
 20
12375.0
 30
0.0
 11
191025.0
 21
12800.0
 31
0.0
  0
LINE
  5
E21
330
17
100
AcDbEntity
  8
DUVARLAR
100
AcDbLine
 10
191025.0
 20
13600.0
 30
0.0
 11
191025.0
 21
17400.0
 31
0.0
  0
LINE
  5
E22
330
17
100
AcDbEntity
  8
DUVARLAR
100
AcDbLine
 10
190875.0
 20
12800.0
 30
0.0
 11
191025.0
 21
12800.0
 31
0.0
  0
LINE
  5
E23
330
17
100
AcDbEntity
  8
DUVARLAR
100
AcDbLine
 10
190875.0
 20
13600.0
 30
0.0
 11
191025.0
 21
13600.0
 31
0.0
  0
LINE
  5
E24
330
17
100
AcDbEntity
  8
KAPI-PENCERE
100
AcDbLine
 10
190950.0
 20
12800.0
 30
0.0
 11
191750.0
 21
12800.0
 31
0.0
  0
ARC
  5
E25
330
17
100
AcDbEntity
  8
KAPI-PENCERE
100
AcDbCircle
 10
190950.0
 20
12800.0
 30
0.0
 40
800.0
100
AcDbArc
 50
-0.0
 51
90.0
  0
LINE
  5
E26
330
17
100
AcDbEntity
  8
DUVARLAR
100
AcDbLine
 10
192900.0
 20
8400.0
 30
0.0
 11
192900.0
 21
12400.0
 31
0.0
  0
LINE
  5
E27
330
17
100
AcDbEntity
  8
DUVARLAR
100
AcDbLine
 10
193100.0
 20
8400.0
 30
0.0
 11
193100.0
 21
12200.0
 31
0.0
  0
LINE
  5
E28
330
17
100
AcDbEntity
  8
DUVARLAR
100
AcDbLine
 10
193975.0
 20
100.0
 30
0.0
 11
193975.0
 21
3275.0
 31
0.0
  0
LINE
  5
E29
330
17
100
AcDbEntity
  8
DUVARLAR
100
AcDbLine
 10
194125.0
 20
100.0
 30
0.0
 11
194125.0
 21
3275.0
 31
0.0
  0
LINE
  5
E2A
330
17
100
AcDbEntity
  8
DUVARLAR
100
AcDbLine
 10
195725.0
 20
1775.0
 30
0.0
 11
195725.0
 21
3275.0
 31
0.0
  0
LINE
  5
E2B
330
17
100
AcDbEntity
  8
DUVARLAR
100
AcDbLine
 10
195875.0
 20
1625.0
 30
0.0
 11
195875.0
 21
3275.0
 31
0.0
  0
LINE
  5
E2C
330
17
100
AcDbEntity
  8
DUVARLAR
100
AcDbLine
 10
196275.0
 20
1125.0
 30
0.0
 11
196275.0
 21
1625.0
 31
0.0
  0
LINE
  5
E2D
330
17
100
AcDbEntity
  8
DUVARLAR
100
AcDbLine
 10
196425.0
 20
975.0
 30
0.0
 11
196425.0
 21
1625.0
 31
0.0
  0
LINE
  5
E2E
330
17
100
AcDbEntity
  8
DUVARLAR
100
AcDbLine
 10
196900.0
 20
100.0
 30
0.0
 11
196900.0
 21
5300.0
 31
0.0
  0
LINE
  5
E2F
330
17
100
AcDbEntity
  8
DUVARLAR
100
AcDbLine
 10
196900.0
 20
6200.0
 30
0.0
 11
196900.0
 21
17400.0
 31
0.0
  0
LINE
  5
E30
330
17
100
AcDbEntity
  8
DUVARLAR
100
AcDbLine
 10
197100.0
 20
100.0
 30
0.0
 11
197100.0
 21
5300.0
 31
0.0
  0
LINE
  5
E31
330
17
100
AcDbEntity
  8
DUVARLAR
100
AcDbLine
 10
197100.0
 20
6200.0
 30
0.0
 11
197100.0
 21
17400.0
 31
0.0
  0
LINE
  5
E32
330
17
100
AcDbEntity
  8
DUVARLAR
100
AcDbLine
 10
196900.0
 20
5300.0
 30
0.0
 11
197100.0
 21
5300.0
 31
0.0
  0
LINE
  5
E33
330
17
100
AcDbEntity
  8
DUVARLAR
100
AcDbLine
 10
196900.0
 20
6200.0
 30
0.0
 11
197100.0
 21
6200.0
 31
0.0
  0
LINE
  5
E34
330
17
100
AcDbEntity
  8
KAPI-PENCERE
100
AcDbLine
 10
197000.0
 20
5300.0
 30
0.0
 11
197900.0
 21
5300.0
 31
0.0
  0
ARC
  5
E35
330
17
100
AcDbEntity
  8
KAPI-PENCERE
100
AcDbCircle
 10
197000.0
 20
5300.0
 30
0.0
 40
900.0
100
AcDbArc
 50
-0.0
 51
90.0
  0
LINE
  5
E36
330
17
100
AcDbEntity
  8
DUVARLAR
100
AcDbLine
 10
198825.0
 20
4375.0
 30
0.0
 11
198825.0
 21
6400.0
 31
0.0
  0
LINE
  5
E37
330
17
100
AcDbEntity
  8
DUVARLAR
100
AcDbLine
 10
198825.0
 20
7200.0
 30
0.0
 11
198825.0
 21
9850.0
 31
0.0
  0
LINE
  5
E38
330
17
100
AcDbEntity
  8
DUVARLAR
100
AcDbLine
 10
198825.0
 20
10550.0
 30
0.0
 11
198825.0
 21
11350.0
 31
0.0
  0
LINE
  5
E39
330
17
100
AcDbEntity
  8
DUVARLAR
100
AcDbLine
 10
198825.0
 20
12050.0
 30
0.0
 11
198825.0
 21
13225.0
 31
0.0
  0
LINE
  5
E3A
330
17
100
AcDbEntity
  8
DUVARLAR
100
AcDbLine
 10
198975.0
 20
4375.0
 30
0.0
 11
198975.0
 21
6400.0
 31
0.0
  0
LINE
  5
E3B
330
17
100
AcDbEntity
  8
DUVARLAR
100
AcDbLine
 10
198975.0
 20
7200.0
 30
0.0
 11
198975.0
 21
9850.0
 31
0.0
  0
LINE
  5
E3C
330
17
100
AcDbEntity
  8
DUVARLAR
100
AcDbLine
 10
198975.0
 20
10550.0
 30
0.0
 11
198975.0
 21
11350.0
 31
0.0
  0
LINE
  5
E3D
330
17
100
AcDbEntity
  8
DUVARLAR
100
AcDbLine
 10
198975.0
 20
12050.0
 30
0.0
 11
198975.0
 21
13225.0
 31
0.0
  0
LINE
  5
E3E
330
17
100
AcDbEntity
  8
DUVARLAR
100
AcDbLine
 10
198825.0
 20
6400.0
 30
0.0
 11
198975.0
 21
6400.0
 31
0.0
  0
LINE
  5
E3F
330
17
100
AcDbEntity
  8
DUVARLAR
100
AcDbLine
 10
198825.0
 20
7200.0
 30
0.0
 11
198975.0
 21
7200.0
 31
0.0
  0
LINE
  5
E40
330
17
100
AcDbEntity
  8
KAPI-PENCERE
100
AcDbLine
 10
198900.0
 20
6400.0
 30
0.0
 11
199700.0
 21
6400.0
 31
0.0
  0
ARC
  5
E41
330
17
100
AcDbEntity
  8
KAPI-PENCERE
100
AcDbCircle
 10
198900.0
 20
6400.0
 30
0.0
 40
800.0
100
AcDbArc
 50
-0.0
 51
90.0
  0
LINE
  5
E42
330
17
100
AcDbEntity
  8
DUVARLAR
100
AcDbLine
 10
198825.0
 20
9850.0
 30
0.0
 11
198975.0
 21
9850.0
 31
0.0
  0
LINE
  5
E43
330
17
100
AcDbEntity
  8
DUVARLAR
100
AcDbLine
 10
198825.0
 20
10550.0
 30
0.0
 11
198975.0
 21
10550.0
 31
0.0
  0
LINE
  5
E44
330
17
100
AcDbEntity
  8
KAPI-PENCERE
100
AcDbLine
 10
198900.0
 20
9850.0
 30
0.0
 11
199600.0
 21
9850.0
 31
0.0
  0
ARC
  5
E45
330
17
100
AcDbEntity
  8
KAPI-PENCERE
100
AcDbCircle
 10
198900.0
 20
9850.0
 30
0.0
 40
700.0
100
AcDbArc
 50
-0.0
 51
90.0
  0
LINE
  5
E46
330
17
100
AcDbEntity
  8
DUVARLAR
100
AcDbLine
 10
198825.0
 20
11350.0
 30
0.0
 11
198975.0
 21
11350.0
 31
0.0
  0
LINE
  5
E47
330
17
100
AcDbEntity
  8
DUVARLAR
100
AcDbLine
 10
198825.0
 20
12050.0
 30
0.0
 11
198975.0
 21
12050.0
 31
0.0
  0
LINE
  5
E48
330
17
100
AcDbEntity
  8
KAPI-PENCERE
100
AcDbLine
 10
198900.0
 20
11350.0
 30
0.0
 11
199600.0
 21
11350.0
 31
0.0
  0
ARC
  5
E49
330
17
100
AcDbEntity
  8
KAPI-PENCERE
100
AcDbCircle
 10
198900.0
 20
11350.0
 30
0.0
 40
700.0
100
AcDbArc
 50
-0.0
 51
90.0
  0
LINE
  5
E4A
330
17
100
AcDbEntity
  8
DUVARLAR
100
AcDbLine
 10
200875.0
 20
10650.0
 30
0.0
 11
200875.0
 21
11300.0
 31
0.0
  0
LINE
  5
E4B
330
17
100
AcDbEntity
  8
DUVARLAR
100
AcDbLine
 10
201025.0
 20
10500.0
 30
0.0
 11
201025.0
 21
11150.0
 31
0.0
  0
LINE
  5
E4C
330
17
100
AcDbEntity
  8
DUVARLAR
100
AcDbLine
 10
201525.0
 20
9575.0
 30
0.0
 11
201525.0
 21
13225.0
 31
0.0
  0
LINE
  5
E4D
330
17
100
AcDbEntity
  8
DUVARLAR
100
AcDbLine
 10
201675.0
 20
9425.0
 30
0.0
 11
201675.0
 21
13225.0
 31
0.0
  0
LINE
  5
E4E
330
17
100
AcDbEntity
  8
DUVARLAR
100
AcDbLine
 10
203850.0
 20
100.0
 30
0.0
 11
203850.0
 21
1450.0
 31
0.0
  0
LINE
  5
E4F
330
17
100
AcDbEntity
  8
DUVARLAR
100
AcDbLine
 10
203850.0
 20
2850.0
 30
0.0
 11
203850.0
 21
6000.0
 31
0.0
  0
LINE
  5
E50
330
17
100
AcDbEntity
  8
DUVARLAR
100
AcDbLine
 10
203850.0
 20
7800.0
 30
0.0
 11
203850.0
 21
10800.0
 31
0.0
  0
LINE
  5
E51
330
17
100
AcDbEntity
  8
DUVARLAR
100
AcDbLine
 10
203850.0
 20
12000.0
 30
0.0
 11
203850.0
 21
14700.0
 31
0.0
  0
LINE
  5
E52
330
17
100
AcDbEntity
  8
DUVARLAR
100
AcDbLine
 10
203850.0
 20
16100.0
 30
0.0
 11
203850.0
 21
17400.0
 31
0.0
  0
LINE
  5
E53
330
17
100
AcDbEntity
  8
DUVARLAR
100
AcDbLine
 10
204050.0
 20
-100.0
 30
0.0
 11
204050.0
 21
1450.0
 31
0.0
  0
LINE
  5
E54
330
17
100
AcDbEntity
  8
DUVARLAR
100
AcDbLine
 10
204050.0
 20
2850.0
 30
0.0
 11
204050.0
 21
6000.0
 31
0.0
  0
LINE
  5
E55
330
17
100
AcDbEntity
  8
DUVARLAR
100
AcDbLine
 10
204050.0
 20
7800.0
 30
0.0
 11
204050.0
 21
10800.0
 31
0.0
  0
LINE
  5
E56
330
17
100
AcDbEntity
  8
DUVARLAR
100
AcDbLine
 10
204050.0
 20
12000.0
 30
0.0
 11
204050.0
 21
14700.0
 31
0.0
  0
LINE
  5
E57
330
17
100
AcDbEntity
  8
DUVARLAR
100
AcDbLine
 10
204050.0
 20
16100.0
 30
0.0
 11
204050.0
 21
17600.0
 31
0.0
  0
LINE
  5
E58
330
17
100
AcDbEntity
  8
DUVARLAR
100
AcDbLine
 10
203850.0
 20
1450.0
 30
0.0
 11
204050.0
 21
1450.0
 31
0.0
  0
LINE
  5
E59
330
17
100
AcDbEntity
  8
DUVARLAR
100
AcDbLine
 10
203850.0
 20
2850.0
 30
0.0
 11
204050.0
 21
2850.0
 31
0.0
  0
LINE
  5
E5A
330
17
100
AcDbEntity
  8
KAPI-PENCERE
100
AcDbLine
 10
204000.0
 20
1450.0
 30
0.0
 11
204000.0
 21
2850.0
 31
0.0
  0
LINE
  5
E5B
330
17
100
AcDbEntity
  8
KAPI-PENCERE
100
AcDbLine
 10
203900.0
 20
1450.0
 30
0.0
 11
203900.0
 21
2850.0
 31
0.0
  0
LINE
  5
E5C
330
17
100
AcDbEntity
  8
DUVARLAR
100
AcDbLine
 10
203850.0
 20
6000.0
 30
0.0
 11
204050.0
 21
6000.0
 31
0.0
  0
LINE
  5
E5D
330
17
100
AcDbEntity
  8
DUVARLAR
100
AcDbLine
 10
203850.0
 20
7800.0
 30
0.0
 11
204050.0
 21
7800.0
 31
0.0
  0
LINE
  5
E5E
330
17
100
AcDbEntity
  8
KAPI-PENCERE
100
AcDbLine
 10
204000.0
 20
6000.0
 30
0.0
 11
204000.0
 21
7800.0
 31
0.0
  0
LINE
  5
E5F
330
17
100
AcDbEntity
  8
KAPI-PENCERE
100
AcDbLine
 10
203900.0
 20
6000.0
 30
0.0
 11
203900.0
 21
7800.0
 31
0.0
  0
LINE
  5
E60
330
17
100
AcDbEntity
  8
DUVARLAR
100
AcDbLine
 10
203850.0
 20
10800.0
 30
0.0
 11
204050.0
 21
10800.0
 31
0.0
  0
LINE
  5
E61
330
17
100
AcDbEntity
  8
DUVARLAR
100
AcDbLine
 10
203850.0
 20
12000.0
 30
0.0
 11
204050.0
 21
12000.0
 31
0.0
  0
LINE
  5
E62
330
17
100
AcDbEntity
  8
KAPI-PENCERE
100
AcDbLine
 10
204000.0
 20
10800.0
 30
0.0
 11
204000.0
 21
12000.0
 31
0.0
  0
LINE
  5
E63
330
17
100
AcDbEntity
  8
KAPI-PENCERE
100
AcDbLine
 10
203900.0
 20
10800.0
 30
0.0
 11
203900.0
 21
12000.0
 31
0.0
  0
LINE
  5
E64
330
17
100
AcDbEntity
  8
DUVARLAR
100
AcDbLine
 10
203850.0
 20
14700.0
 30
0.0
 11
204050.0
 21
14700.0
 31
0.0
  0
LINE
  5
E65
330
17
100
AcDbEntity
  8
DUVARLAR
100
AcDbLine
 10
203850.0
 20
16100.0
 30
0.0
 11
204050.0
 21
16100.0
 31
0.0
  0
LINE
  5
E66
330
17
100
AcDbEntity
  8
KAPI-PENCERE
100
AcDbLine
 10
204000.0
 20
14700.0
 30
0.0
 11
204000.0
 21
16100.0
 31
0.0
  0
LINE
  5
E67
330
17
100
AcDbEntity
  8
KAPI-PENCERE
100
AcDbLine
 10
203900.0
 20
14700.0
 30
0.0
 11
203900.0
 21
16100.0
 31
0.0
  0
INSERT
  5
E68
330
17
100
AcDbEntity
  8
METIN
100
AcDbBlockReference
 66
1
  2
MAHAL_ETIKET
 10
191950.0
 20
9800.0
 30
0.0
 41
2.0
 42
2.0
  0
ATTRIB
  5
E6A
330
17
100
AcDbEntity
  8
METIN
100
AcDbText
 10
191950.0
 20
10036.0
 30
0.0
 40
200.0
  1
ASANSOR
 72
1
 11
191950.0
 21
10036.0
 31
0.0
100
AcDbAttribute
  2
MAHAL_ADI
 70
0
 74
2
  0
ATTRIB
  5
E6B
330
17
100
AcDbEntity
  8
METIN
100
AcDbText
 10
191950.0
 20
9778.0
 30
0.0
 40
156.0
  1
K4-01
 72
1
 11
191950.0
 21
9778.0
 31
0.0
100
AcDbAttribute
  2
MAHAL_KOD
 70
0
 74
2
  0
ATTRIB
  5
E6C
330
17
100
AcDbEntity
  8
METIN
100
AcDbText
 10
191950.0
 20
9542.0
 30
0.0
 40
156.0
  1
5.3 m2
 72
1
 11
191950.0
 21
9542.0
 31
0.0
100
AcDbAttribute
  2
ALAN
 70
0
 74
2
  0
SEQEND
  5
E69
330
E68
100
AcDbEntity
  8
METIN
  0
INSERT
  5
E6D
330
17
100
AcDbEntity
  8
METIN
100
AcDbBlockReference
 66
1
  2
MAHAL_ETIKET
 10
195000.0
 20
10300.0
 30
0.0
 41
2.0
 42
2.0
  0
ATTRIB
  5
E6F
330
17
100
AcDbEntity
  8
METIN
100
AcDbText
 10
195000.0
 20
10536.0
 30
0.0
 40
200.0
  1
MERDIVEN
 72
1
 11
195000.0
 21
10536.0
 31
0.0
100
AcDbAttribute
  2
MAHAL_ADI
 70
0
 74
2
  0
ATTRIB
  5
E70
330
17
100
AcDbEntity
  8
METIN
100
AcDbText
 10
195000.0
 20
10278.0
 30
0.0
 40
156.0
  1
K4-02
 72
1
 11
195000.0
 21
10278.0
 31
0.0
100
AcDbAttribute
  2
MAHAL_KOD
 70
0
 74
2
  0
ATTRIB
  5
E71
330
17
100
AcDbEntity
  8
METIN
100
AcDbText
 10
195000.0
 20
10042.0
 30
0.0
 40
156.0
  1
14.4 m2
 72
1
 11
195000.0
 21
10042.0
 31
0.0
100
AcDbAttribute
  2
ALAN
 70
0
 74
2
  0
SEQEND
  5
E6E
330
E6D
100
AcDbEntity
  8
METIN
  0
INSERT
  5
E72
330
17
100
AcDbEntity
  8
METIN
100
AcDbBlockReference
 66
1
  2
MAHAL_ETIKET
 10
193950.0
 20
6775.0
 30
0.0
 41
2.0
 42
2.0
  0
ATTRIB
  5
E74
330
17
100
AcDbEntity
  8
METIN
100
AcDbText
 10
193950.0
 20
7011.0
 30
0.0
 40
200.0
  1
KAT HOLU
 72
1
 11
193950.0
 21
7011.0
 31
0.0
100
AcDbAttribute
  2
MAHAL_ADI
 70
0
 74
2
  0
ATTRIB
  5
E75
330
17
100
AcDbEntity
  8
METIN
100
AcDbText
 10
193950.0
 20
6753.0
 30
0.0
 40
156.0
  1
K4-03
 72
1
 11
193950.0
 21
6753.0
 31
0.0
100
AcDbAttribute
  2
MAHAL_KOD
 70
0
 74
2
  0
ATTRIB
  5
E76
330
17
100
AcDbEntity
  8
METIN
100
AcDbText
 10
193950.0
 20
6517.0
 30
0.0
 40
156.0
  1
16.8 m2
 72
1
 11
193950.0
 21
6517.0
 31
0.0
100
AcDbAttribute
  2
ALAN
 70
0
 74
2
  0
SEQEND
  5
E73
330
E72
100
AcDbEntity
  8
METIN
  0
INSERT
  5
E77
330
17
100
AcDbEntity
  8
METIN
100
AcDbBlockReference
 66
1
  2
MAHAL_ETIKET
 10
197950.0
 20
8800.0
 30
0.0
 41
2.0
 42
2.0
  0
ATTRIB
  5
E79
330
17
100
AcDbEntity
  8
METIN
100
AcDbText
 10
197950.0
 20
9036.0
 30
0.0
 40
200.0
  1
HOL
 72
1
 11
197950.0
 21
9036.0
 31
0.0
100
AcDbAttribute
  2
MAHAL_ADI
 70
0
 74
2
  0
ATTRIB
  5
E7A
330
17
100
AcDbEntity
  8
METIN
100
AcDbText
 10
197950.0
 20
8778.0
 30
0.0
 40
156.0
  1
K4-04
 72
1
 11
197950.0
 21
8778.0
 31
0.0
100
AcDbAttribute
  2
MAHAL_KOD
 70
0
 74
2
  0
ATTRIB
  5
E7B
330
17
100
AcDbEntity
  8
METIN
100
AcDbText
 10
197950.0
 20
8542.0
 30
0.0
 40
156.0
  1
15.3 m2
 72
1
 11
197950.0
 21
8542.0
 31
0.0
100
AcDbAttribute
  2
ALAN
 70
0
 74
2
  0
SEQEND
  5
E78
330
E77
100
AcDbEntity
  8
METIN
  0
INSERT
  5
E7C
330
17
100
AcDbEntity
  8
METIN
100
AcDbBlockReference
 66
1
  2
MAHAL_ETIKET
 10
200475.0
 20
2150.0
 30
0.0
 41
2.0
 42
2.0
  0
ATTRIB
  5
E7E
330
17
100
AcDbEntity
  8
METIN
100
AcDbText
 10
200475.0
 20
2386.0
 30
0.0
 40
200.0
  1
ODA 2
 72
1
 11
200475.0
 21
2386.0
 31
0.0
100
AcDbAttribute
  2
MAHAL_ADI
 70
0
 74
2
  0
ATTRIB
  5
E7F
330
17
100
AcDbEntity
  8
METIN
100
AcDbText
 10
200475.0
 20
2128.0
 30
0.0
 40
156.0
  1
K4-05
 72
1
 11
200475.0
 21
2128.0
 31
0.0
100
AcDbAttribute
  2
MAHAL_KOD
 70
0
 74
2
  0
ATTRIB
  5
E80
330
17
100
AcDbEntity
  8
METIN
100
AcDbText
 10
200475.0
 20
1892.0
 30
0.0
 40
156.0
  1
27.8 m2
 72
1
 11
200475.0
 21
1892.0
 31
0.0
100
AcDbAttribute
  2
ALAN
 70
0
 74
2
  0
SEQEND
  5
E7D
330
E7C
100
AcDbEntity
  8
METIN
  0
INSERT
  5
E81
330
17
100
AcDbEntity
  8
METIN
100
AcDbBlockReference
 66
1
  2
MAHAL_ETIKET
 10
201425.0
 20
6900.0
 30
0.0
 41
2.0
 42
2.0
  0
ATTRIB
  5
E83
330
17
100
AcDbEntity
  8
METIN
100
AcDbText
 10
201425.0
 20
7136.0
 30
0.0
 40
200.0
  1
SALON
 72
1
 11
201425.0
 21
7136.0
 31
0.0
100
AcDbAttribute
  2
MAHAL_ADI
 70
0
 74
2
  0
ATTRIB
  5
E84
330
17
100
AcDbEntity
  8
METIN
100
AcDbText
 10
201425.0
 20
6878.0
 30
0.0
 40
156.0
  1
K4-06
 72
1
 11
201425.0
 21
6878.0
 31
0.0
100
AcDbAttribute
  2
MAHAL_KOD
 70
0
 74
2
  0
ATTRIB
  5
E85
330
17
100
AcDbEntity
  8
METIN
100
AcDbText
 10
201425.0
 20
6642.0
 30
0.0
 40
156.0
  1
24.6 m2
 72
1
 11
201425.0
 21
6642.0
 31
0.0
100
AcDbAttribute
  2
ALAN
 70
0
 74
2
  0
SEQEND
  5
E82
330
E81
100
AcDbEntity
  8
METIN
  0
INSERT
  5
E86
330
17
100
AcDbEntity
  8
METIN
100
AcDbBlockReference
 66
1
  2
MAHAL_ETIKET
 10
200250.0
 20
10200.0
 30
0.0
 41
2.0
 42
2.0
  0
ATTRIB
  5
E88
330
17
100
AcDbEntity
  8
METIN
100
AcDbText
 10
200250.0
 20
10436.0
 30
0.0
 40
200.0
  1
WC
 72
1
 11
200250.0
 21
10436.0
 31
0.0
100
AcDbAttribute
  2
MAHAL_ADI
 70
0
 74
2
  0
ATTRIB
  5
E89
330
17
100
AcDbEntity
  8
METIN
100
AcDbText
 10
200250.0
 20
10178.0
 30
0.0
 40
156.0
  1
K4-07
 72
1
 11
200250.0
 21
10178.0
 31
0.0
100
AcDbAttribute
  2
MAHAL_KOD
 70
0
 74
2
  0
ATTRIB
  5
E8A
330
17
100
AcDbEntity
  8
METIN
100
AcDbText
 10
200250.0
 20
9942.0
 30
0.0
 40
156.0
  1
3.0 m2
 72
1
 11
200250.0
 21
9942.0
 31
0.0
100
AcDbAttribute
  2
ALAN
 70
0
 74
2
  0
SEQEND
  5
E87
330
E86
100
AcDbEntity
  8
METIN
  0
INSERT
  5
E8B
330
17
100
AcDbEntity
  8
METIN
100
AcDbBlockReference
 66
1
  2
MAHAL_ETIKET
 10
200100.0
 20
12100.0
 30
0.0
 41
2.0
 42
2.0
  0
ATTRIB
  5
E8D
330
17
100
AcDbEntity
  8
METIN
100
AcDbText
 10
200100.0
 20
12336.0
 30
0.0
 40
200.0
  1
BANYO
 72
1
 11
200100.0
 21
12336.0
 31
0.0
100
AcDbAttribute
  2
MAHAL_ADI
 70
0
 74
2
  0
ATTRIB
  5
E8E
330
17
100
AcDbEntity
  8
METIN
100
AcDbText
 10
200100.0
 20
12078.0
 30
0.0
 40
156.0
  1
K4-08
 72
1
 11
200100.0
 21
12078.0
 31
0.0
100
AcDbAttribute
  2
MAHAL_KOD
 70
0
 74
2
  0
ATTRIB
  5
E8F
330
17
100
AcDbEntity
  8
METIN
100
AcDbText
 10
200100.0
 20
11842.0
 30
0.0
 40
156.0
  1
5.5 m2
 72
1
 11
200100.0
 21
11842.0
 31
0.0
100
AcDbAttribute
  2
ALAN
 70
0
 74
2
  0
SEQEND
  5
E8C
330
E8B
100
AcDbEntity
  8
METIN
  0
INSERT
  5
E90
330
17
100
AcDbEntity
  8
METIN
100
AcDbBlockReference
 66
1
  2
MAHAL_ETIKET
 10
201275.0
 20
10900.0
 30
0.0
 41
0.6640655579040258
 42
0.6640655579040258
  0
ATTRIB
  5
E92
330
17
100
AcDbEntity
  8
METIN
100
AcDbText
 10
201275.0
 20
10978.359735832675
 30
0.0
 40
66.40655579040258
  1
SAFT
 72
1
 11
201275.0
 21
10978.359735832675
 31
0.0
100
AcDbAttribute
  2
MAHAL_ADI
 70
0
 74
2
  0
ATTRIB
  5
E93
330
17
100
AcDbEntity
  8
METIN
100
AcDbText
 10
201275.0
 20
10892.695278863055
 30
0.0
 40
51.79711351651401
  1
K4-09
 72
1
 11
201275.0
 21
10892.695278863055
 31
0.0
100
AcDbAttribute
  2
MAHAL_KOD
 70
0
 74
2
  0
ATTRIB
  5
E94
330
17
100
AcDbEntity
  8
METIN
100
AcDbText
 10
201275.0
 20
10814.33554303038
 30
0.0
 40
51.79711351651401
  1
0.2 m2
 72
1
 11
201275.0
 21
10814.33554303038
 31
0.0
100
AcDbAttribute
  2
ALAN
 70
0
 74
2
  0
SEQEND
  5
E91
330
E90
100
AcDbEntity
  8
METIN
  0
INSERT
  5
E95
330
17
100
AcDbEntity
  8
METIN
100
AcDbBlockReference
 66
1
  2
MAHAL_ETIKET
 10
202775.0
 20
11400.0
 30
0.0
 41
2.0
 42
2.0
  0
ATTRIB
  5
E97
330
17
100
AcDbEntity
  8
METIN
100
AcDbText
 10
202775.0
 20
11636.0
 30
0.0
 40
200.0
  1
MUTFAK
 72
1
 11
202775.0
 21
11636.0
 31
0.0
100
AcDbAttribute
  2
MAHAL_ADI
 70
0
 74
2
  0
ATTRIB
  5
E98
330
17
100
AcDbEntity
  8
METIN
100
AcDbText
 10
202775.0
 20
11378.0
 30
0.0
 40
156.0
  1
K4-10
 72
1
 11
202775.0
 21
11378.0
 31
0.0
100
AcDbAttribute
  2
MAHAL_KOD
 70
0
 74
2
  0
ATTRIB
  5
E99
330
17
100
AcDbEntity
  8
METIN
100
AcDbText
 10
202775.0
 20
11142.0
 30
0.0
 40
156.0
  1
8.1 m2
 72
1
 11
202775.0
 21
11142.0
 31
0.0
100
AcDbAttribute
  2
ALAN
 70
0
 74
2
  0
SEQEND
  5
E96
330
E95
100
AcDbEntity
  8
METIN
  0
INSERT
  5
E9A
330
17
100
AcDbEntity
  8
METIN
100
AcDbBlockReference
 66
1
  2
MAHAL_ETIKET
 10
200475.0
 20
15400.0
 30
0.0
 41
2.0
 42
2.0
  0
ATTRIB
  5
E9C
330
17
100
AcDbEntity
  8
METIN
100
AcDbText
 10
200475.0
 20
15636.0
 30
0.0
 40
200.0
  1
ODA 1
 72
1
 11
200475.0
 21
15636.0
 31
0.0
100
AcDbAttribute
  2
MAHAL_ADI
 70
0
 74
2
  0
ATTRIB
  5
E9D
330
17
100
AcDbEntity
  8
METIN
100
AcDbText
 10
200475.0
 20
15378.0
 30
0.0
 40
156.0
  1
K4-11
 72
1
 11
200475.0
 21
15378.0
 31
0.0
100
AcDbAttribute
  2
MAHAL_KOD
 70
0
 74
2
  0
ATTRIB
  5
E9E
330
17
100
AcDbEntity
  8
METIN
100
AcDbText
 10
200475.0
 20
15142.0
 30
0.0
 40
156.0
  1
27.2 m2
 72
1
 11
200475.0
 21
15142.0
 31
0.0
100
AcDbAttribute
  2
ALAN
 70
0
 74
2
  0
SEQEND
  5
E9B
330
E9A
100
AcDbEntity
  8
METIN
  0
INSERT
  5
E9F
330
17
100
AcDbEntity
  8
METIN
100
AcDbBlockReference
 66
1
  2
MAHAL_ETIKET
 10
189974.52392578125
 20
12605.82275390625
 30
0.0
 41
2.0
 42
2.0
  0
ATTRIB
  5
EA1
330
17
100
AcDbEntity
  8
METIN
100
AcDbText
 10
189974.52392578125
 20
12841.82275390625
 30
0.0
 40
200.0
  1
HOL
 72
1
 11
189974.52392578125
 21
12841.82275390625
 31
0.0
100
AcDbAttribute
  2
MAHAL_ADI
 70
0
 74
2
  0
ATTRIB
  5
EA2
330
17
100
AcDbEntity
  8
METIN
100
AcDbText
 10
189974.52392578125
 20
12583.82275390625
 30
0.0
 40
156.0
  1
K4-12
 72
1
 11
189974.52392578125
 21
12583.82275390625
 31
0.0
100
AcDbAttribute
  2
MAHAL_KOD
 70
0
 74
2
  0
ATTRIB
  5
EA3
330
17
100
AcDbEntity
  8
METIN
100
AcDbText
 10
189974.52392578125
 20
12347.82275390625
 30
0.0
 40
156.0
  1
15.3 m2
 72
1
 11
189974.52392578125
 21
12347.82275390625
 31
0.0
100
AcDbAttribute
  2
ALAN
 70
0
 74
2
  0
SEQEND
  5
EA0
330
E9F
100
AcDbEntity
  8
METIN
  0
INSERT
  5
EA4
330
17
100
AcDbEntity
  8
METIN
100
AcDbBlockReference
 66
1
  2
MAHAL_ETIKET
 10
186475.0
 20
7025.0
 30
0.0
 41
2.0
 42
2.0
  0
ATTRIB
  5
EA6
330
17
100
AcDbEntity
  8
METIN
100
AcDbText
 10
186475.0
 20
7261.0
 30
0.0
 40
200.0
  1
ODA 2
 72
1
 11
186475.0
 21
7261.0
 31
0.0
100
AcDbAttribute
  2
MAHAL_ADI
 70
0
 74
2
  0
ATTRIB
  5
EA7
330
17
100
AcDbEntity
  8
METIN
100
AcDbText
 10
186475.0
 20
7003.0
 30
0.0
 40
156.0
  1
K4-13
 72
1
 11
186475.0
 21
7003.0
 31
0.0
100
AcDbAttribute
  2
MAHAL_KOD
 70
0
 74
2
  0
ATTRIB
  5
EA8
330
17
100
AcDbEntity
  8
METIN
100
AcDbText
 10
186475.0
 20
6767.0
 30
0.0
 40
156.0
  1
16.5 m2
 72
1
 11
186475.0
 21
6767.0
 31
0.0
100
AcDbAttribute
  2
ALAN
 70
0
 74
2
  0
SEQEND
  5
EA5
330
EA4
100
AcDbEntity
  8
METIN
  0
INSERT
  5
EA9
330
17
100
AcDbEntity
  8
METIN
100
AcDbBlockReference
 66
1
  2
MAHAL_ETIKET
 10
185175.6591796875
 20
10874.5361328125
 30
0.0
 41
2.0
 42
2.0
  0
ATTRIB
  5
EAB
330
17
100
AcDbEntity
  8
METIN
100
AcDbText
 10
185175.6591796875
 20
11110.5361328125
 30
0.0
 40
200.0
  1
GIYINME
 72
1
 11
185175.6591796875
 21
11110.5361328125
 31
0.0
100
AcDbAttribute
  2
MAHAL_ADI
 70
0
 74
2
  0
ATTRIB
  5
EAC
330
17
100
AcDbEntity
  8
METIN
100
AcDbText
 10
185175.6591796875
 20
10852.5361328125
 30
0.0
 40
156.0
  1
K4-14
 72
1
 11
185175.6591796875
 21
10852.5361328125
 31
0.0
100
AcDbAttribute
  2
MAHAL_KOD
 70
0
 74
2
  0
ATTRIB
  5
EAD
330
17
100
AcDbEntity
  8
METIN
100
AcDbText
 10
185175.6591796875
 20
10616.5361328125
 30
0.0
 40
156.0
  1
8.5 m2
 72
1
 11
185175.6591796875
 21
10616.5361328125
 31
0.0
100
AcDbAttribute
  2
ALAN
 70
0
 74
2
  0
SEQEND
  5
EAA
330
EA9
100
AcDbEntity
  8
METIN
  0
INSERT
  5
EAE
330
17
100
AcDbEntity
  8
METIN
100
AcDbBlockReference
 66
1
  2
MAHAL_ETIKET
 10
188000.0
 20
9500.0
 30
0.0
 41
2.0
 42
2.0
  0
ATTRIB
  5
EB0
330
17
100
AcDbEntity
  8
METIN
100
AcDbText
 10
188000.0
 20
9736.0
 30
0.0
 40
200.0
  1
WC
 72
1
 11
188000.0
 21
9736.0
 31
0.0
100
AcDbAttribute
  2
MAHAL_ADI
 70
0
 74
2
  0
ATTRIB
  5
EB1
330
17
100
AcDbEntity
  8
METIN
100
AcDbText
 10
188000.0
 20
9478.0
 30
0.0
 40
156.0
  1
K4-15
 72
1
 11
188000.0
 21
9478.0
 31
0.0
100
AcDbAttribute
  2
MAHAL_KOD
 70
0
 74
2
  0
ATTRIB
  5
EB2
330
17
100
AcDbEntity
  8
METIN
100
AcDbText
 10
188000.0
 20
9242.0
 30
0.0
 40
156.0
  1
2.3 m2
 72
1
 11
188000.0
 21
9242.0
 31
0.0
100
AcDbAttribute
  2
ALAN
 70
0
 74
2
  0
SEQEND
  5
EAF
330
EAE
100
AcDbEntity
  8
METIN
  0
INSERT
  5
EB3
330
17
100
AcDbEntity
  8
METIN
100
AcDbBlockReference
 66
1
  2
MAHAL_ETIKET
 10
188000.0
 20
11150.0
 30
0.0
 41
2.0
 42
2.0
  0
ATTRIB
  5
EB5
330
17
100
AcDbEntity
  8
METIN
100
AcDbText
 10
188000.0
 20
11386.0
 30
0.0
 40
200.0
  1
BANYO
 72
1
 11
188000.0
 21
11386.0
 31
0.0
100
AcDbAttribute
  2
MAHAL_ADI
 70
0
 74
2
  0
ATTRIB
  5
EB6
330
17
100
AcDbEntity
  8
METIN
100
AcDbText
 10
188000.0
 20
11128.0
 30
0.0
 40
156.0
  1
K4-16
 72
1
 11
188000.0
 21
11128.0
 31
0.0
100
AcDbAttribute
  2
MAHAL_KOD
 70
0
 74
2
  0
ATTRIB
  5
EB7
330
17
100
AcDbEntity
  8
METIN
100
AcDbText
 10
188000.0
 20
10892.0
 30
0.0
 40
156.0
  1
3.2 m2
 72
1
 11
188000.0
 21
10892.0
 31
0.0
100
AcDbAttribute
  2
ALAN
 70
0
 74
2
  0
SEQEND
  5
EB4
330
EB3
100
AcDbEntity
  8
METIN
  0
INSERT
  5
EB8
330
17
100
AcDbEntity
  8
METIN
100
AcDbBlockReference
 66
1
  2
MAHAL_ETIKET
 10
186675.0
 20
10200.0
 30
0.0
 41
0.6640655579040258
 42
0.6640655579040258
  0
ATTRIB
  5
EBA
330
17
100
AcDbEntity
  8
METIN
100
AcDbText
 10
186675.0
 20
10278.359735832675
 30
0.0
 40
66.40655579040258
  1
SAFT
 72
1
 11
186675.0
 21
10278.359735832675
 31
0.0
100
AcDbAttribute
  2
MAHAL_ADI
 70
0
 74
2
  0
ATTRIB
  5
EBB
330
17
100
AcDbEntity
  8
METIN
100
AcDbText
 10
186675.0
 20
10192.695278863055
 30
0.0
 40
51.79711351651401
  1
K4-17
 72
1
 11
186675.0
 21
10192.695278863055
 31
0.0
100
AcDbAttribute
  2
MAHAL_KOD
 70
0
 74
2
  0
ATTRIB
  5
EBC
330
17
100
AcDbEntity
  8
METIN
100
AcDbText
 10
186675.0
 20
10114.33554303038
 30
0.0
 40
51.79711351651401
  1
0.2 m2
 72
1
 11
186675.0
 21
10114.33554303038
 31
0.0
100
AcDbAttribute
  2
ALAN
 70
0
 74
2
  0
SEQEND
  5
EB9
330
EB8
100
AcDbEntity
  8
METIN
  0
INSERT
  5
EBD
330
17
100
AcDbEntity
  8
METIN
100
AcDbBlockReference
 66
1
  2
MAHAL_ETIKET
 10
191950.00000000003
 20
11800.0
 30
0.0
 41
1.7857142857142856
 42
1.7857142857142856
  0
ATTRIB
  5
EBF
330
17
100
AcDbEntity
  8
METIN
100
AcDbText
 10
191950.00000000003
 20
12010.714285714286
 30
0.0
 40
178.57142857142856
  1
DEPO
 72
1
 11
191950.00000000003
 21
12010.714285714286
 31
0.0
100
AcDbAttribute
  2
MAHAL_ADI
 70
0
 74
2
  0
ATTRIB
  5
EC0
330
17
100
AcDbEntity
  8
METIN
100
AcDbText
 10
191950.00000000003
 20
11780.357142857143
 30
0.0
 40
139.28571428571428
  1
K4-18
 72
1
 11
191950.00000000003
 21
11780.357142857143
 31
0.0
100
AcDbAttribute
  2
MAHAL_KOD
 70
0
 74
2
  0
ATTRIB
  5
EC1
330
17
100
AcDbEntity
  8
METIN
100
AcDbText
 10
191950.00000000003
 20
11569.642857142857
 30
0.0
 40
139.28571428571428
  1
1.6 m2
 72
1
 11
191950.00000000003
 21
11569.642857142857
 31
0.0
100
AcDbAttribute
  2
ALAN
 70
0
 74
2
  0
SEQEND
  5
EBE
330
EBD
100
AcDbEntity
  8
METIN
  0
INSERT
  5
EC2
330
17
100
AcDbEntity
  8
METIN
100
AcDbBlockReference
 66
1
  2
MAHAL_ETIKET
 10
186475.0
 20
14799.999999999998
 30
0.0
 41
2.0
 42
2.0
  0
ATTRIB
  5
EC4
330
17
100
AcDbEntity
  8
METIN
100
AcDbText
 10
186475.0
 20
15035.999999999998
 30
0.0
 40
200.0
  1
SALON
 72
1
 11
186475.0
 21
15035.999999999998
 31
0.0
100
AcDbAttribute
  2
MAHAL_ADI
 70
0
 74
2
  0
ATTRIB
  5
EC5
330
17
100
AcDbEntity
  8
METIN
100
AcDbText
 10
186475.0
 20
14777.999999999998
 30
0.0
 40
156.0
  1
K4-19
 72
1
 11
186475.0
 21
14777.999999999998
 31
0.0
100
AcDbAttribute
  2
MAHAL_KOD
 70
0
 74
2
  0
ATTRIB
  5
EC6
330
17
100
AcDbEntity
  8
METIN
100
AcDbText
 10
186475.0
 20
14541.999999999998
 30
0.0
 40
156.0
  1
25.5 m2
 72
1
 11
186475.0
 21
14541.999999999998
 31
0.0
100
AcDbAttribute
  2
ALAN
 70
0
 74
2
  0
SEQEND
  5
EC3
330
EC2
100
AcDbEntity
  8
METIN
  0
INSERT
  5
EC7
330
17
100
AcDbEntity
  8
METIN
100
AcDbBlockReference
 66
1
  2
MAHAL_ETIKET
 10
189975.0
 20
15850.0
 30
0.0
 41
2.0
 42
2.0
  0
ATTRIB
  5
EC9
330
17
100
AcDbEntity
  8
METIN
100
AcDbText
 10
189975.0
 20
16086.0
 30
0.0
 40
200.0
  1
MUTFAK
 72
1
 11
189975.0
 21
16086.0
 31
0.0
100
AcDbAttribute
  2
MAHAL_ADI
 70
0
 74
2
  0
ATTRIB
  5
ECA
330
17
100
AcDbEntity
  8
METIN
100
AcDbText
 10
189975.0
 20
15828.0
 30
0.0
 40
156.0
  1
K4-20
 72
1
 11
189975.0
 21
15828.0
 31
0.0
100
AcDbAttribute
  2
MAHAL_KOD
 70
0
 74
2
  0
ATTRIB
  5
ECB
330
17
100
AcDbEntity
  8
METIN
100
AcDbText
 10
189975.0
 20
15592.0
 30
0.0
 40
156.0
  1
5.9 m2
 72
1
 11
189975.0
 21
15592.0
 31
0.0
100
AcDbAttribute
  2
ALAN
 70
0
 74
2
  0
SEQEND
  5
EC8
330
EC7
100
AcDbEntity
  8
METIN
  0
INSERT
  5
ECC
330
17
100
AcDbEntity
  8
METIN
100
AcDbBlockReference
 66
1
  2
MAHAL_ETIKET
 10
193975.0
 20
14900.0
 30
0.0
 41
2.0
 42
2.0
  0
ATTRIB
  5
ECE
330
17
100
AcDbEntity
  8
METIN
100
AcDbText
 10
193975.0
 20
15136.0
 30
0.0
 40
200.0
  1
ODA 1
 72
1
 11
193975.0
 21
15136.0
 31
0.0
100
AcDbAttribute
  2
MAHAL_ADI
 70
0
 74
2
  0
ATTRIB
  5
ECF
330
17
100
AcDbEntity
  8
METIN
100
AcDbText
 10
193975.0
 20
14878.0
 30
0.0
 40
156.0
  1
K4-21
 72
1
 11
193975.0
 21
14878.0
 31
0.0
100
AcDbAttribute
  2
MAHAL_KOD
 70
0
 74
2
  0
ATTRIB
  5
ED0
330
17
100
AcDbEntity
  8
METIN
100
AcDbText
 10
193975.0
 20
14642.0
 30
0.0
 40
156.0
  1
29.4 m2
 72
1
 11
193975.0
 21
14642.0
 31
0.0
100
AcDbAttribute
  2
ALAN
 70
0
 74
2
  0
SEQEND
  5
ECD
330
ECC
100
AcDbEntity
  8
METIN
  0
INSERT
  5
ED1
330
17
100
AcDbEntity
  8
METIN
100
AcDbBlockReference
 66
1
  2
MAHAL_ETIKET
 10
193975.0
 20
4300.0
 30
0.0
 41
2.0
 42
2.0
  0
ATTRIB
  5
ED3
330
17
100
AcDbEntity
  8
METIN
100
AcDbText
 10
193975.0
 20
4536.0
 30
0.0
 40
200.0
  1
HOL
 72
1
 11
193975.0
 21
4536.0
 31
0.0
100
AcDbAttribute
  2
MAHAL_ADI
 70
0
 74
2
  0
ATTRIB
  5
ED4
330
17
100
AcDbEntity
  8
METIN
100
AcDbText
 10
193975.0
 20
4278.0
 30
0.0
 40
156.0
  1
K4-22
 72
1
 11
193975.0
 21
4278.0
 31
0.0
100
AcDbAttribute
  2
MAHAL_KOD
 70
0
 74
2
  0
ATTRIB
  5
ED5
330
17
100
AcDbEntity
  8
METIN
100
AcDbText
 10
193975.0
 20
4042.0
 30
0.0
 40
156.0
  1
10.1 m2
 72
1
 11
193975.0
 21
4042.0
 31
0.0
100
AcDbAttribute
  2
ALAN
 70
0
 74
2
  0
SEQEND
  5
ED2
330
ED1
100
AcDbEntity
  8
METIN
  0
INSERT
  5
ED6
330
17
100
AcDbEntity
  8
METIN
100
AcDbBlockReference
 66
1
  2
MAHAL_ETIKET
 10
188750.0
 20
2625.0
 30
0.0
 41
2.0
 42
2.0
  0
ATTRIB
  5
ED8
330
17
100
AcDbEntity
  8
METIN
100
AcDbText
 10
188750.0
 20
2861.0
 30
0.0
 40
200.0
  1
SALON
 72
1
 11
188750.0
 21
2861.0
 31
0.0
100
AcDbAttribute
  2
MAHAL_ADI
 70
0
 74
2
  0
ATTRIB
  5
ED9
330
17
100
AcDbEntity
  8
METIN
100
AcDbText
 10
188750.0
 20
2603.0
 30
0.0
 40
156.0
  1
K4-23
 72
1
 11
188750.0
 21
2603.0
 31
0.0
100
AcDbAttribute
  2
MAHAL_KOD
 70
0
 74
2
  0
ATTRIB
  5
EDA
330
17
100
AcDbEntity
  8
METIN
100
AcDbText
 10
188750.0
 20
2367.0
 30
0.0
 40
156.0
  1
21.8 m2
 72
1
 11
188750.0
 21
2367.0
 31
0.0
100
AcDbAttribute
  2
ALAN
 70
0
 74
2
  0
SEQEND
  5
ED7
330
ED6
100
AcDbEntity
  8
METIN
  0
INSERT
  5
EDB
330
17
100
AcDbEntity
  8
METIN
100
AcDbBlockReference
 66
1
  2
MAHAL_ETIKET
 10
185250.0
 20
2625.0
 30
0.0
 41
2.0
 42
2.0
  0
ATTRIB
  5
EDD
330
17
100
AcDbEntity
  8
METIN
100
AcDbText
 10
185250.0
 20
2861.0
 30
0.0
 40
200.0
  1
MUTFAK
 72
1
 11
185250.0
 21
2861.0
 31
0.0
100
AcDbAttribute
  2
MAHAL_ADI
 70
0
 74
2
  0
ATTRIB
  5
EDE
330
17
100
AcDbEntity
  8
METIN
100
AcDbText
 10
185250.0
 20
2603.0
 30
0.0
 40
156.0
  1
K4-24
 72
1
 11
185250.0
 21
2603.0
 31
0.0
100
AcDbAttribute
  2
MAHAL_KOD
 70
0
 74
2
  0
ATTRIB
  5
EDF
330
17
100
AcDbEntity
  8
METIN
100
AcDbText
 10
185250.0
 20
2367.0
 30
0.0
 40
156.0
  1
12.6 m2
 72
1
 11
185250.0
 21
2367.0
 31
0.0
100
AcDbAttribute
  2
ALAN
 70
0
 74
2
  0
SEQEND
  5
EDC
330
EDB
100
AcDbEntity
  8
METIN
  0
INSERT
  5
EE0
330
17
100
AcDbEntity
  8
METIN
100
AcDbBlockReference
 66
1
  2
MAHAL_ETIKET
 10
192500.0
 20
1675.0
 30
0.0
 41
2.0
 42
2.0
  0
ATTRIB
  5
EE2
330
17
100
AcDbEntity
  8
METIN
100
AcDbText
 10
192500.0
 20
1911.0
 30
0.0
 40
200.0
  1
ODA
 72
1
 11
192500.0
 21
1911.0
 31
0.0
100
AcDbAttribute
  2
MAHAL_ADI
 70
0
 74
2
  0
ATTRIB
  5
EE3
330
17
100
AcDbEntity
  8
METIN
100
AcDbText
 10
192500.0
 20
1653.0
 30
0.0
 40
156.0
  1
K4-25
 72
1
 11
192500.0
 21
1653.0
 31
0.0
100
AcDbAttribute
  2
MAHAL_KOD
 70
0
 74
2
  0
ATTRIB
  5
EE4
330
17
100
AcDbEntity
  8
METIN
100
AcDbText
 10
192500.0
 20
1417.0
 30
0.0
 40
156.0
  1
9.4 m2
 72
1
 11
192500.0
 21
1417.0
 31
0.0
100
AcDbAttribute
  2
ALAN
 70
0
 74
2
  0
SEQEND
  5
EE1
330
EE0
100
AcDbEntity
  8
METIN
  0
INSERT
  5
EE5
330
17
100
AcDbEntity
  8
METIN
100
AcDbBlockReference
 66
1
  2
MAHAL_ETIKET
 10
195060.82153320312
 20
1010.821533203125
 30
0.0
 41
2.0
 42
2.0
  0
ATTRIB
  5
EE7
330
17
100
AcDbEntity
  8
METIN
100
AcDbText
 10
195060.82153320312
 20
1246.821533203125
 30
0.0
 40
200.0
  1
BANYO
 72
1
 11
195060.82153320312
 21
1246.821533203125
 31
0.0
100
AcDbAttribute
  2
MAHAL_ADI
 70
0
 74
2
  0
ATTRIB
  5
EE8
330
17
100
AcDbEntity
  8
METIN
100
AcDbText
 10
195060.82153320312
 20
988.821533203125
 30
0.0
 40
156.0
  1
K4-26
 72
1
 11
195060.82153320312
 21
988.821533203125
 31
0.0
100
AcDbAttribute
  2
MAHAL_KOD
 70
0
 74
2
  0
ATTRIB
  5
EE9
330
17
100
AcDbEntity
  8
METIN
100
AcDbText
 10
195060.82153320312
 20
752.821533203125
 30
0.0
 40
156.0
  1
6.5 m2
 72
1
 11
195060.82153320312
 21
752.821533203125
 31
0.0
100
AcDbAttribute
  2
ALAN
 70
0
 74
2
  0
SEQEND
  5
EE6
330
EE5
100
AcDbEntity
  8
METIN
  0
INSERT
  5
EEA
330
17
100
AcDbEntity
  8
METIN
100
AcDbBlockReference
 66
1
  2
MAHAL_ETIKET
 10
196400.0
 20
2525.0
 30
0.0
 41
2.0
 42
2.0
  0
ATTRIB
  5
EEC
330
17
100
AcDbEntity
  8
METIN
100
AcDbText
 10
196400.0
 20
2761.0
 30
0.0
 40
200.0
  1
WC
 72
1
 11
196400.0
 21
2761.0
 31
0.0
100
AcDbAttribute
  2
MAHAL_ADI
 70
0
 74
2
  0
ATTRIB
  5
EED
330
17
100
AcDbEntity
  8
METIN
100
AcDbText
 10
196400.0
 20
2503.0
 30
0.0
 40
156.0
  1
K4-27
 72
1
 11
196400.0
 21
2503.0
 31
0.0
100
AcDbAttribute
  2
MAHAL_KOD
 70
0
 74
2
  0
ATTRIB
  5
EEE
330
17
100
AcDbEntity
  8
METIN
100
AcDbText
 10
196400.0
 20
2267.0
 30
0.0
 40
156.0
  1
1.5 m2
 72
1
 11
196400.0
 21
2267.0
 31
0.0
100
AcDbAttribute
  2
ALAN
 70
0
 74
2
  0
SEQEND
  5
EEB
330
EEA
100
AcDbEntity
  8
METIN
  0
INSERT
  5
EEF
330
17
100
AcDbEntity
  8
METIN
100
AcDbBlockReference
 66
1
  2
MAHAL_ETIKET
 10
196675.0
 20
1375.0
 30
0.0
 41
0.6640655579040258
 42
0.6640655579040258
  0
ATTRIB
  5
EF1
330
17
100
AcDbEntity
  8
METIN
100
AcDbText
 10
196675.0
 20
1453.3597358326751
 30
0.0
 40
66.40655579040258
  1
SAFT
 72
1
 11
196675.0
 21
1453.3597358326751
 31
0.0
100
AcDbAttribute
  2
MAHAL_ADI
 70
0
 74
2
  0
ATTRIB
  5
EF2
330
17
100
AcDbEntity
  8
METIN
100
AcDbText
 10
196675.0
 20
1367.6952788630558
 30
0.0
 40
51.79711351651401
  1
K4-28
 72
1
 11
196675.0
 21
1367.6952788630558
 31
0.0
100
AcDbAttribute
  2
MAHAL_KOD
 70
0
 74
2
  0
ATTRIB
  5
EF3
330
17
100
AcDbEntity
  8
METIN
100
AcDbText
 10
196675.0
 20
1289.3355430303807
 30
0.0
 40
51.79711351651401
  1
0.2 m2
 72
1
 11
196675.0
 21
1289.3355430303807
 31
0.0
100
AcDbAttribute
  2
ALAN
 70
0
 74
2
  0
SEQEND
  5
EF0
330
EEF
100
AcDbEntity
  8
METIN
  0
LWPOLYLINE
  5
EF4
330
17
100
AcDbEntity
  8
MOBILYA
100
AcDbPolyline
 90
4
 70
1
 10
203250.0
 20
9800.0
 10
203850.0
 20
9800.0
 10
203850.0
 20
12800.0
 10
203250.0
 20
12800.0
  0
LWPOLYLINE
  5
EF5
330
17
100
AcDbEntity
  8
MOBILYA
100
AcDbPolyline
 90
4
 70
1
 10
189250.0
 20
16900.0
 10
190900.0
 20
16900.0
 10
190900.0
 20
17400.0
 10
189250.0
 20
17400.0
  0
LWPOLYLINE
  5
EF6
330
17
100
AcDbEntity
  8
MOBILYA
100
AcDbPolyline
 90
4
 70
1
 10
184050.0
 20
500.0
 10
184650.0
 20
500.0
 10
184650.0
 20
3500.0
 10
184050.0
 20
3500.0
  0
LINE
  5
EF7
330
17
100
AcDbEntity
  8
MERDIVEN
100
AcDbLine
 10
193000.0
 20
8570.0
 30
0.0
 11
194325.0
 21
8570.0
 31
0.0
  0
LINE
  5
EF8
330
17
100
AcDbEntity
  8
MERDIVEN
100
AcDbLine
 10
195675.0
 20
8570.0
 30
0.0
 11
197000.0
 21
8570.0
 31
0.0
  0
LINE
  5
EF9
330
17
100
AcDbEntity
  8
MERDIVEN
100
AcDbLine
 10
193000.0
 20
8840.0
 30
0.0
 11
194325.0
 21
8840.0
 31
0.0
  0
LINE
  5
EFA
330
17
100
AcDbEntity
  8
MERDIVEN
100
AcDbLine
 10
195675.0
 20
8840.0
 30
0.0
 11
197000.0
 21
8840.0
 31
0.0
  0
LINE
  5
EFB
330
17
100
AcDbEntity
  8
MERDIVEN
100
AcDbLine
 10
193000.0
 20
9110.0
 30
0.0
 11
194325.0
 21
9110.0
 31
0.0
  0
LINE
  5
EFC
330
17
100
AcDbEntity
  8
MERDIVEN
100
AcDbLine
 10
195675.0
 20
9110.0
 30
0.0
 11
197000.0
 21
9110.0
 31
0.0
  0
LINE
  5
EFD
330
17
100
AcDbEntity
  8
MERDIVEN
100
AcDbLine
 10
193000.0
 20
9380.0
 30
0.0
 11
194325.0
 21
9380.0
 31
0.0
  0
LINE
  5
EFE
330
17
100
AcDbEntity
  8
MERDIVEN
100
AcDbLine
 10
195675.0
 20
9380.0
 30
0.0
 11
197000.0
 21
9380.0
 31
0.0
  0
LINE
  5
EFF
330
17
100
AcDbEntity
  8
MERDIVEN
100
AcDbLine
 10
193000.0
 20
9650.0
 30
0.0
 11
194325.0
 21
9650.0
 31
0.0
  0
LINE
  5
F00
330
17
100
AcDbEntity
  8
MERDIVEN
100
AcDbLine
 10
195675.0
 20
9650.0
 30
0.0
 11
197000.0
 21
9650.0
 31
0.0
  0
LINE
  5
F01
330
17
100
AcDbEntity
  8
MERDIVEN
100
AcDbLine
 10
194595.0
 20
9650.0
 30
0.0
 11
194595.0
 21
12300.0
 31
0.0
  0
LINE
  5
F02
330
17
100
AcDbEntity
  8
MERDIVEN
100
AcDbLine
 10
194865.0
 20
9650.0
 30
0.0
 11
194865.0
 21
12300.0
 31
0.0
  0
LINE
  5
F03
330
17
100
AcDbEntity
  8
MERDIVEN
100
AcDbLine
 10
195135.0
 20
9650.0
 30
0.0
 11
195135.0
 21
12300.0
 31
0.0
  0
LINE
  5
F04
330
17
100
AcDbEntity
  8
MERDIVEN
100
AcDbLine
 10
195405.0
 20
9650.0
 30
0.0
 11
195405.0
 21
12300.0
 31
0.0
  0
LINE
  5
F05
330
17
100
AcDbEntity
  8
MERDIVEN
100
AcDbLine
 10
195675.0
 20
9650.0
 30
0.0
 11
195675.0
 21
12300.0
 31
0.0
  0
LWPOLYLINE
  5
F06
330
17
100
AcDbEntity
  8
MERDIVEN
100
AcDbPolyline
 90
4
 70
1
 10
193000.0
 20
9650.0
 10
194325.0
 20
9650.0
 10
194325.0
 20
12300.0
 10
193000.0
 20
12300.0
  0
LWPOLYLINE
  5
F07
330
17
100
AcDbEntity
  8
MERDIVEN
100
AcDbPolyline
 90
4
 70
1
 10
195675.0
 20
9650.0
 10
197000.0
 20
9650.0
 10
197000.0
 20
12300.0
 10
195675.0
 20
12300.0
  0
LINE
  5
F08
330
17
100
AcDbEntity
  8
MERDIVEN
100
AcDbLine
 10
195675.0
 20
8300.0
 30
0.0
 11
195675.0
 21
9650.0
 31
0.0
  0
LINE
  5
F09
330
17
100
AcDbEntity
  8
MERDIVEN
100
AcDbLine
 10
195675.0
 20
9650.0
 30
0.0
 11
194325.0
 21
9650.0
 31
0.0
  0
LINE
  5
F0A
330
17
100
AcDbEntity
  8
MERDIVEN
100
AcDbLine
 10
194325.0
 20
9650.0
 30
0.0
 11
194325.0
 21
8300.0
 31
0.0
  0
LINE
  5
F0B
330
17
100
AcDbEntity
  8
MERDIVEN
100
AcDbLine
 10
193662.5
 20
8300.0
 30
0.0
 11
193662.5
 21
10975.0
 31
0.0
  0
LINE
  5
F0C
330
17
100
AcDbEntity
  8
MERDIVEN
100
AcDbLine
 10
193662.5
 20
10975.0
 30
0.0
 11
196337.5
 21
10975.0
 31
0.0
  0
LINE
  5
F0D
330
17
100
AcDbEntity
  8
MERDIVEN
100
AcDbLine
 10
196337.5
 20
10975.0
 30
0.0
 11
196337.5
 21
8300.0
 31
0.0
  0
LWPOLYLINE
  5
F0E
330
17
100
AcDbEntity
  8
MERDIVEN
100
AcDbPolyline
 90
3
 70
1
 10
196337.5
 20
8300.0
 10
196397.5
 20
8420.0
 10
196277.5
 20
8420.0
  0
LINE
  5
F0F
330
17
100
AcDbEntity
  8
KESIT
  6
KESIT_HATTI
100
AcDbLine
 10
183550.0
 20
5833.333333333333
 30
0.0
 11
204350.0
 21
5833.333333333333
 31
0.0
  0
LWPOLYLINE
  5
F10
330
17
100
AcDbEntity
  8
KESIT
100
AcDbPolyline
 90
3
 70
1
 10
183550.0
 20
6083.333333333333
 10
183650.0
 20
5833.333333333333
 10
183450.0
 20
5833.333333333333
  0
TEXT
  5
F11
330
17
100
AcDbEntity
  8
KESIT
100
AcDbText
 10
183550.0
 20
5433.333333333333
 30
0.0
 40
150.0
  1
A
 72
1
 11
183550.0
 21
5433.333333333333
 31
0.0
100
AcDbText
 73
2
  0
LWPOLYLINE
  5
F12
330
17
100
AcDbEntity
  8
KESIT
100
AcDbPolyline
 90
3
 70
1
 10
204350.0
 20
6083.333333333333
 10
204450.0
 20
5833.333333333333
 10
204250.0
 20
5833.333333333333
  0
TEXT
  5
F13
330
17
100
AcDbEntity
  8
KESIT
100
AcDbText
 10
204350.0
 20
5433.333333333333
 30
0.0
 40
150.0
  1
A
 72
1
 11
204350.0
 21
5433.333333333333
 31
0.0
100
AcDbText
 73
2
  0
LINE
  5
F14
330
17
100
AcDbEntity
  8
KESIT
  6
KESIT_HATTI
100
AcDbLine
 10
190616.66666666666
 20
-400.0
 30
0.0
 11
190616.66666666666
 21
17900.0
 31
0.0
  0
LWPOLYLINE
  5
F15
330
17
100
AcDbEntity
  8
KESIT
100
AcDbPolyline
 90
3
 70
1
 10
190866.66666666666
 20
-400.0
 10
190616.66666666666
 20
-300.0
 10
190616.66666666666
 20
-500.0
  0
TEXT
  5
F16
330
17
100
AcDbEntity
  8
KESIT
100
AcDbText
 10
190216.66666666666
 20
-400.0
 30
0.0
 40
150.0
  1
B
 72
1
 11
190216.66666666666
 21
-400.0
 31
0.0
100
AcDbText
 73
2
  0
LWPOLYLINE
  5
F17
330
17
100
AcDbEntity
  8
KESIT
100
AcDbPolyline
 90
3
 70
1
 10
190866.66666666666
 20
17900.0
 10
190616.66666666666
 20
18000.0
 10
190616.66666666666
 20
17800.0
  0
TEXT
  5
F18
330
17
100
AcDbEntity
  8
KESIT
100
AcDbText
 10
190216.66666666666
 20
17900.0
 30
0.0
 40
150.0
  1
B
 72
1
 11
190216.66666666666
 21
17900.0
 31
0.0
100
AcDbText
 73
2
  0
LWPOLYLINE
  5
F19
330
17
100
AcDbEntity
  8
CERCEVE
100
AcDbPolyline
 90
4
 70
1
 10
179800.0
 20
-10150.0
 10
208100.0
 20
-10150.0
 10
208100.0
 20
24950.0
 10
179800.0
 20
24950.0
  0
LWPOLYLINE
  5
F1A
330
17
100
AcDbEntity
  8
CERCEVE
100
AcDbPolyline
 90
4
 70
1
 10
179950.0
 20
-10000.0
 10
207950.0
 20
-10000.0
 10
207950.0
 20
24800.0
 10
179950.0
 20
24800.0
  0
LWPOLYLINE
  5
F1B
330
17
100
AcDbEntity
  8
CERCEVE
100
AcDbPolyline
 90
4
 70
1
 10
199950.0
 20
-10000.0
 10
207950.0
 20
-10000.0
 10
207950.0
 20
-8800.0
 10
199950.0
 20
-8800.0
  0
LINE
  5
F1C
330
17
100
AcDbEntity
  8
CERCEVE
100
AcDbLine
 10
199950.0
 20
-9400.0
 30
0.0
 11
207950.0
 21
-9400.0
 31
0.0
  0
TEXT
  5
F1D
330
17
100
AcDbEntity
  8
METIN
100
AcDbText
 10
200050.0
 20
-8900.0
 30
0.0
 40
175.0
  1
OLCEK 1:50
 11
200050.0
 21
-8900.0
 31
0.0
100
AcDbText
 73
3
  0
TEXT
  5
F1E
330
17
100
AcDbEntity
  8
METIN
100
AcDbText
 10
200050.0
 20
-9500.0
 30
0.0
 40
175.0
  1
4. NORMAL KAT
 11
200050.0
 21
-9500.0
 31
0.0
100
AcDbText
 73
3
  0
LINE
  5
F1F
330
17
100
AcDbEntity
  8
AKS
  6
DASHED
100
AcDbLine
 10
212250.0
 20
-750.0
 30
0.0
 11
212250.0
 21
18250.0
 31
0.0
  0
CIRCLE
  5
F20
330
17
100
AcDbEntity
  8
AKS
100
AcDbCircle
 10
212250.0
 20
-1200.0
 30
0.0
 40
450.0
  0
TEXT
  5
F21
330
17
100
AcDbEntity
  8
AKS
100
AcDbText
 10
212250.0
 20
-1200.0
 30
0.0
 40
350.0
  1
1
 72
1
 11
212250.0
 21
-1200.0
 31
0.0
100
AcDbText
 73
2
  0
CIRCLE
  5
F22
330
17
100
AcDbEntity
  8
AKS
100
AcDbCircle
 10
212250.0
 20
18700.0
 30
0.0
 40
450.0
  0
TEXT
  5
F23
330
17
100
AcDbEntity
  8
AKS
100
AcDbText
 10
212250.0
 20
18700.0
 30
0.0
 40
350.0
  1
1
 72
1
 11
212250.0
 21
18700.0
 31
0.0
100
AcDbText
 73
2
  0
LINE
  5
F24
330
17
100
AcDbEntity
  8
AKS
  6
DASHED
100
AcDbLine
 10
219200.0
 20
-750.0
 30
0.0
 11
219200.0
 21
18250.0
 31
0.0
  0
CIRCLE
  5
F25
330
17
100
AcDbEntity
  8
AKS
100
AcDbCircle
 10
219200.0
 20
-1200.0
 30
0.0
 40
450.0
  0
TEXT
  5
F26
330
17
100
AcDbEntity
  8
AKS
100
AcDbText
 10
219200.0
 20
-1200.0
 30
0.0
 40
350.0
  1
2
 72
1
 11
219200.0
 21
-1200.0
 31
0.0
100
AcDbText
 73
2
  0
CIRCLE
  5
F27
330
17
100
AcDbEntity
  8
AKS
100
AcDbCircle
 10
219200.0
 20
18700.0
 30
0.0
 40
450.0
  0
TEXT
  5
F28
330
17
100
AcDbEntity
  8
AKS
100
AcDbText
 10
219200.0
 20
18700.0
 30
0.0
 40
350.0
  1
2
 72
1
 11
219200.0
 21
18700.0
 31
0.0
100
AcDbText
 73
2
  0
LINE
  5
F29
330
17
100
AcDbEntity
  8
AKS
  6
DASHED
100
AcDbLine
 10
225300.0
 20
-750.0
 30
0.0
 11
225300.0
 21
18250.0
 31
0.0
  0
CIRCLE
  5
F2A
330
17
100
AcDbEntity
  8
AKS
100
AcDbCircle
 10
225300.0
 20
-1200.0
 30
0.0
 40
450.0
  0
TEXT
  5
F2B
330
17
100
AcDbEntity
  8
AKS
100
AcDbText
 10
225300.0
 20
-1200.0
 30
0.0
 40
350.0
  1
3
 72
1
 11
225300.0
 21
-1200.0
 31
0.0
100
AcDbText
 73
2
  0
CIRCLE
  5
F2C
330
17
100
AcDbEntity
  8
AKS
100
AcDbCircle
 10
225300.0
 20
18700.0
 30
0.0
 40
450.0
  0
TEXT
  5
F2D
330
17
100
AcDbEntity
  8
AKS
100
AcDbText
 10
225300.0
 20
18700.0
 30
0.0
 40
350.0
  1
3
 72
1
 11
225300.0
 21
18700.0
 31
0.0
100
AcDbText
 73
2
  0
LINE
  5
F2E
330
17
100
AcDbEntity
  8
AKS
  6
DASHED
100
AcDbLine
 10
232250.0
 20
-750.0
 30
0.0
 11
232250.0
 21
18250.0
 31
0.0
  0
CIRCLE
  5
F2F
330
17
100
AcDbEntity
  8
AKS
100
AcDbCircle
 10
232250.0
 20
-1200.0
 30
0.0
 40
450.0
  0
TEXT
  5
F30
330
17
100
AcDbEntity
  8
AKS
100
AcDbText
 10
232250.0
 20
-1200.0
 30
0.0
 40
350.0
  1
4
 72
1
 11
232250.0
 21
-1200.0
 31
0.0
100
AcDbText
 73
2
  0
CIRCLE
  5
F31
330
17
100
AcDbEntity
  8
AKS
100
AcDbCircle
 10
232250.0
 20
18700.0
 30
0.0
 40
450.0
  0
TEXT
  5
F32
330
17
100
AcDbEntity
  8
AKS
100
AcDbText
 10
232250.0
 20
18700.0
 30
0.0
 40
350.0
  1
4
 72
1
 11
232250.0
 21
18700.0
 31
0.0
100
AcDbText
 73
2
  0
LINE
  5
F33
330
17
100
AcDbEntity
  8
AKS
  6
DASHED
100
AcDbLine
 10
211500.0
 20
0.0
 30
0.0
 11
233000.0
 21
0.0
 31
0.0
  0
CIRCLE
  5
F34
330
17
100
AcDbEntity
  8
AKS
100
AcDbCircle
 10
211050.0
 20
0.0
 30
0.0
 40
450.0
  0
TEXT
  5
F35
330
17
100
AcDbEntity
  8
AKS
100
AcDbText
 10
211050.0
 20
0.0
 30
0.0
 40
350.0
  1
A
 72
1
 11
211050.0
 21
0.0
 31
0.0
100
AcDbText
 73
2
  0
CIRCLE
  5
F36
330
17
100
AcDbEntity
  8
AKS
100
AcDbCircle
 10
233450.0
 20
0.0
 30
0.0
 40
450.0
  0
TEXT
  5
F37
330
17
100
AcDbEntity
  8
AKS
100
AcDbText
 10
233450.0
 20
0.0
 30
0.0
 40
350.0
  1
A
 72
1
 11
233450.0
 21
0.0
 31
0.0
100
AcDbText
 73
2
  0
LINE
  5
F38
330
17
100
AcDbEntity
  8
AKS
  6
DASHED
100
AcDbLine
 10
211500.0
 20
5250.0
 30
0.0
 11
233000.0
 21
5250.0
 31
0.0
  0
CIRCLE
  5
F39
330
17
100
AcDbEntity
  8
AKS
100
AcDbCircle
 10
211050.0
 20
5250.0
 30
0.0
 40
450.0
  0
TEXT
  5
F3A
330
17
100
AcDbEntity
  8
AKS
100
AcDbText
 10
211050.0
 20
5250.0
 30
0.0
 40
350.0
  1
B
 72
1
 11
211050.0
 21
5250.0
 31
0.0
100
AcDbText
 73
2
  0
CIRCLE
  5
F3B
330
17
100
AcDbEntity
  8
AKS
100
AcDbCircle
 10
233450.0
 20
5250.0
 30
0.0
 40
450.0
  0
TEXT
  5
F3C
330
17
100
AcDbEntity
  8
AKS
100
AcDbText
 10
233450.0
 20
5250.0
 30
0.0
 40
350.0
  1
B
 72
1
 11
233450.0
 21
5250.0
 31
0.0
100
AcDbText
 73
2
  0
LINE
  5
F3D
330
17
100
AcDbEntity
  8
AKS
  6
DASHED
100
AcDbLine
 10
211500.0
 20
9300.0
 30
0.0
 11
233000.0
 21
9300.0
 31
0.0
  0
CIRCLE
  5
F3E
330
17
100
AcDbEntity
  8
AKS
100
AcDbCircle
 10
211050.0
 20
9300.0
 30
0.0
 40
450.0
  0
TEXT
  5
F3F
330
17
100
AcDbEntity
  8
AKS
100
AcDbText
 10
211050.0
 20
9300.0
 30
0.0
 40
350.0
  1
C
 72
1
 11
211050.0
 21
9300.0
 31
0.0
100
AcDbText
 73
2
  0
CIRCLE
  5
F40
330
17
100
AcDbEntity
  8
AKS
100
AcDbCircle
 10
233450.0
 20
9300.0
 30
0.0
 40
450.0
  0
TEXT
  5
F41
330
17
100
AcDbEntity
  8
AKS
100
AcDbText
 10
233450.0
 20
9300.0
 30
0.0
 40
350.0
  1
C
 72
1
 11
233450.0
 21
9300.0
 31
0.0
100
AcDbText
 73
2
  0
LINE
  5
F42
330
17
100
AcDbEntity
  8
AKS
  6
DASHED
100
AcDbLine
 10
211500.0
 20
12300.0
 30
0.0
 11
233000.0
 21
12300.0
 31
0.0
  0
CIRCLE
  5
F43
330
17
100
AcDbEntity
  8
AKS
100
AcDbCircle
 10
211050.0
 20
12300.0
 30
0.0
 40
450.0
  0
TEXT
  5
F44
330
17
100
AcDbEntity
  8
AKS
100
AcDbText
 10
211050.0
 20
12300.0
 30
0.0
 40
350.0
  1
D
 72
1
 11
211050.0
 21
12300.0
 31
0.0
100
AcDbText
 73
2
  0
CIRCLE
  5
F45
330
17
100
AcDbEntity
  8
AKS
100
AcDbCircle
 10
233450.0
 20
12300.0
 30
0.0
 40
450.0
  0
TEXT
  5
F46
330
17
100
AcDbEntity
  8
AKS
100
AcDbText
 10
233450.0
 20
12300.0
 30
0.0
 40
350.0
  1
D
 72
1
 11
233450.0
 21
12300.0
 31
0.0
100
AcDbText
 73
2
  0
LINE
  5
F47
330
17
100
AcDbEntity
  8
AKS
  6
DASHED
100
AcDbLine
 10
211500.0
 20
17500.0
 30
0.0
 11
233000.0
 21
17500.0
 31
0.0
  0
CIRCLE
  5
F48
330
17
100
AcDbEntity
  8
AKS
100
AcDbCircle
 10
211050.0
 20
17500.0
 30
0.0
 40
450.0
  0
TEXT
  5
F49
330
17
100
AcDbEntity
  8
AKS
100
AcDbText
 10
211050.0
 20
17500.0
 30
0.0
 40
350.0
  1
E
 72
1
 11
211050.0
 21
17500.0
 31
0.0
100
AcDbText
 73
2
  0
CIRCLE
  5
F4A
330
17
100
AcDbEntity
  8
AKS
100
AcDbCircle
 10
233450.0
 20
17500.0
 30
0.0
 40
450.0
  0
TEXT
  5
F4B
330
17
100
AcDbEntity
  8
AKS
100
AcDbText
 10
233450.0
 20
17500.0
 30
0.0
 40
350.0
  1
E
 72
1
 11
233450.0
 21
17500.0
 31
0.0
100
AcDbText
 73
2
  0
DIMENSION
  5
F4C
330
17
100
AcDbEntity
  8
AKS
100
AcDbDimension
280
0
  2
*D64
  3
Standard
 10
212250.0
 20
-400.0
 30
0.0
 11
215725.0
 21
-400.0
 31
0.0
 70
32
 71
5
  1
695
100
AcDbAlignedDimension
 13
212250.0
 23
0.0
 33
0.0
 14
219200.0
 24
0.0
 34
0.0
 50
0.0
100
AcDbRotatedDimension
1001
ACAD
1000
DSTYLE
1002
{
1070
140
1040
120.0
1070
41
1040
84.0
1070
42
1040
150.0
1070
44
1040
150.0
1070
147
1040
80.0
1002
}
  0
DIMENSION
  5
F5C
330
17
100
AcDbEntity
  8
AKS
100
AcDbDimension
280
0
  2
*D65
  3
Standard
 10
219200.0
 20
-400.0
 30
0.0
 11
222250.0
 21
-400.0
 31
0.0
 70
32
 71
5
  1
610
100
AcDbAlignedDimension
 13
219200.0
 23
0.0
 33
0.0
 14
225300.0
 24
0.0
 34
0.0
 50
0.0
100
AcDbRotatedDimension
1001
ACAD
1000
DSTYLE
1002
{
1070
140
1040
120.0
1070
41
1040
84.0
1070
42
1040
150.0
1070
44
1040
150.0
1070
147
1040
80.0
1002
}
  0
DIMENSION
  5
F6C
330
17
100
AcDbEntity
  8
AKS
100
AcDbDimension
280
0
  2
*D66
  3
Standard
 10
225300.0
 20
-400.0
 30
0.0
 11
228775.0
 21
-400.0
 31
0.0
 70
32
 71
5
  1
695
100
AcDbAlignedDimension
 13
225300.0
 23
0.0
 33
0.0
 14
232250.0
 24
0.0
 34
0.0
 50
0.0
100
AcDbRotatedDimension
1001
ACAD
1000
DSTYLE
1002
{
1070
140
1040
120.0
1070
41
1040
84.0
1070
42
1040
150.0
1070
44
1040
150.0
1070
147
1040
80.0
1002
}
  0
DIMENSION
  5
F7C
330
17
100
AcDbEntity
  8
AKS
100
AcDbDimension
280
0
  2
*D67
  3
Standard
 10
212250.0
 20
-1950.0
 30
0.0
 11
222250.0
 21
-1950.0
 31
0.0
 70
32
 71
5
  1
2000
100
AcDbAlignedDimension
 13
212250.0
 23
0.0
 33
0.0
 14
232250.0
 24
0.0
 34
0.0
 50
0.0
100
AcDbRotatedDimension
1001
ACAD
1000
DSTYLE
1002
{
1070
140
1040
120.0
1070
41
1040
84.0
1070
42
1040
150.0
1070
44
1040
150.0
1070
147
1040
80.0
1002
}
  0
DIMENSION
  5
F8C
330
17
100
AcDbEntity
  8
AKS
100
AcDbDimension
280
0
  2
*D68
  3
Standard
 10
211850.0
 20
0.0
 30
0.0
 11
211850.0
 21
2625.0
 31
0.0
 70
32
 71
5
  1
525
100
AcDbAlignedDimension
 13
212250.0
 23
0.0
 33
0.0
 14
212250.0
 24
5250.0
 34
0.0
 50
90.0
100
AcDbRotatedDimension
1001
ACAD
1000
DSTYLE
1002
{
1070
140
1040
120.0
1070
41
1040
84.0
1070
42
1040
150.0
1070
44
1040
150.0
1070
147
1040
80.0
1002
}
  0
DIMENSION
  5
F9C
330
17
100
AcDbEntity
  8
AKS
100
AcDbDimension
280
0
  2
*D69
  3
Standard
 10
211850.0
 20
5250.0
 30
0.0
 11
211850.0
 21
7275.0
 31
0.0
 70
32
 71
5
  1
405
100
AcDbAlignedDimension
 13
212250.0
 23
5250.0
 33
0.0
 14
212250.0
 24
9300.0
 34
0.0
 50
90.0
100
AcDbRotatedDimension
1001
ACAD
1000
DSTYLE
1002
{
1070
140
1040
120.0
1070
41
1040
84.0
1070
42
1040
150.0
1070
44
1040
150.0
1070
147
1040
80.0
1002
}
  0
DIMENSION
  5
FAC
330
17
100
AcDbEntity
  8
AKS
100
AcDbDimension
280
0
  2
*D70
  3
Standard
 10
211850.0
 20
9300.0
 30
0.0
 11
211850.0
 21
10800.0
 31
0.0
 70
32
 71
5
  1
300
100
AcDbAlignedDimension
 13
212250.0
 23
9300.0
 33
0.0
 14
212250.0
 24
12300.0
 34
0.0
 50
90.0
100
AcDbRotatedDimension
1001
ACAD
1000
DSTYLE
1002
{
1070
140
1040
120.0
1070
41
1040
84.0
1070
42
1040
150.0
1070
44
1040
150.0
1070
147
1040
80.0
1002
}
  0
DIMENSION
  5
FBC
330
17
100
AcDbEntity
  8
AKS
100
AcDbDimension
280
0
  2
*D71
  3
Standard
 10
211850.0
 20
12300.0
 30
0.0
 11
211850.0
 21
14900.0
 31
0.0
 70
32
 71
5
  1
520
100
AcDbAlignedDimension
 13
212250.0
 23
12300.0
 33
0.0
 14
212250.0
 24
17500.0
 34
0.0
 50
90.0
100
AcDbRotatedDimension
1001
ACAD
1000
DSTYLE
1002
{
1070
140
1040
120.0
1070
41
1040
84.0
1070
42
1040
150.0
1070
44
1040
150.0
1070
147
1040
80.0
1002
}
  0
DIMENSION
  5
FCC
330
17
100
AcDbEntity
  8
AKS
100
AcDbDimension
280
0
  2
*D72
  3
Standard
 10
210300.0
 20
0.0
 30
0.0
 11
210300.0
 21
8750.0
 31
0.0
 70
32
 71
5
  1
1750
100
AcDbAlignedDimension
 13
212250.0
 23
0.0
 33
0.0
 14
212250.0
 24
17500.0
 34
0.0
 50
90.0
100
AcDbRotatedDimension
1001
ACAD
1000
DSTYLE
1002
{
1070
140
1040
120.0
1070
41
1040
84.0
1070
42
1040
150.0
1070
44
1040
150.0
1070
147
1040
80.0
1002
}
  0
LINE
  5
FDC
330
17
100
AcDbEntity
  8
DUVARLAR
100
AcDbLine
 10
212350.0
 20
100.0
 30
0.0
 11
216150.0
 21
100.0
 31
0.0
  0
LINE
  5
FDD
330
17
100
AcDbEntity
  8
DUVARLAR
100
AcDbLine
 10
217950.0
 20
100.0
 30
0.0
 11
220100.0
 21
100.0
 31
0.0
  0
LINE
  5
FDE
330
17
100
AcDbEntity
  8
DUVARLAR
100
AcDbLine
 10
221500.0
 20
100.0
 30
0.0
 11
227850.0
 21
100.0
 31
0.0
  0
LINE
  5
FDF
330
17
100
AcDbEntity
  8
DUVARLAR
100
AcDbLine
 10
229650.0
 20
100.0
 30
0.0
 11
232150.0
 21
100.0
 31
0.0
  0
LINE
  5
FE0
330
17
100
AcDbEntity
  8
DUVARLAR
100
AcDbLine
 10
212150.0
 20
-100.0
 30
0.0
 11
216150.0
 21
-100.0
 31
0.0
  0
LINE
  5
FE1
330
17
100
AcDbEntity
  8
DUVARLAR
100
AcDbLine
 10
217950.0
 20
-100.0
 30
0.0
 11
220100.0
 21
-100.0
 31
0.0
  0
LINE
  5
FE2
330
17
100
AcDbEntity
  8
DUVARLAR
100
AcDbLine
 10
221500.0
 20
-100.0
 30
0.0
 11
227850.0
 21
-100.0
 31
0.0
  0
LINE
  5
FE3
330
17
100
AcDbEntity
  8
DUVARLAR
100
AcDbLine
 10
229650.0
 20
-100.0
 30
0.0
 11
232350.0
 21
-100.0
 31
0.0
  0
LINE
  5
FE4
330
17
100
AcDbEntity
  8
DUVARLAR
100
AcDbLine
 10
216150.0
 20
100.0
 30
0.0
 11
216150.0
 21
-100.0
 31
0.0
  0
LINE
  5
FE5
330
17
100
AcDbEntity
  8
DUVARLAR
100
AcDbLine
 10
217950.0
 20
100.0
 30
0.0
 11
217950.0
 21
-100.0
 31
0.0
  0
LINE
  5
FE6
330
17
100
AcDbEntity
  8
KAPI-PENCERE
100
AcDbLine
 10
216150.0
 20
-50.0
 30
0.0
 11
217950.0
 21
-50.0
 31
0.0
  0
LINE
  5
FE7
330
17
100
AcDbEntity
  8
KAPI-PENCERE
100
AcDbLine
 10
216150.0
 20
50.0
 30
0.0
 11
217950.0
 21
50.0
 31
0.0
  0
LINE
  5
FE8
330
17
100
AcDbEntity
  8
DUVARLAR
100
AcDbLine
 10
220100.0
 20
100.0
 30
0.0
 11
220100.0
 21
-100.0
 31
0.0
  0
LINE
  5
FE9
330
17
100
AcDbEntity
  8
DUVARLAR
100
AcDbLine
 10
221500.0
 20
100.0
 30
0.0
 11
221500.0
 21
-100.0
 31
0.0
  0
LINE
  5
FEA
330
17
100
AcDbEntity
  8
KAPI-PENCERE
100
AcDbLine
 10
220100.0
 20
-50.0
 30
0.0
 11
221500.0
 21
-50.0
 31
0.0
  0
LINE
  5
FEB
330
17
100
AcDbEntity
  8
KAPI-PENCERE
100
AcDbLine
 10
220100.0
 20
50.0
 30
0.0
 11
221500.0
 21
50.0
 31
0.0
  0
LINE
  5
FEC
330
17
100
AcDbEntity
  8
DUVARLAR
100
AcDbLine
 10
227850.0
 20
100.0
 30
0.0
 11
227850.0
 21
-100.0
 31
0.0
  0
LINE
  5
FED
330
17
100
AcDbEntity
  8
DUVARLAR
100
AcDbLine
 10
229650.0
 20
100.0
 30
0.0
 11
229650.0
 21
-100.0
 31
0.0
  0
LINE
  5
FEE
330
17
100
AcDbEntity
  8
KAPI-PENCERE
100
AcDbLine
 10
227850.0
 20
-50.0
 30
0.0
 11
229650.0
 21
-50.0
 31
0.0
  0
LINE
  5
FEF
330
17
100
AcDbEntity
  8
KAPI-PENCERE
100
AcDbLine
 10
227850.0
 20
50.0
 30
0.0
 11
229650.0
 21
50.0
 31
0.0
  0
LINE
  5
FF0
330
17
100
AcDbEntity
  8
DUVARLAR
100
AcDbLine
 10
224575.0
 20
1125.0
 30
0.0
 11
225200.0
 21
1125.0
 31
0.0
  0
LINE
  5
FF1
330
17
100
AcDbEntity
  8
DUVARLAR
100
AcDbLine
 10
224725.0
 20
975.0
 30
0.0
 11
225200.0
 21
975.0
 31
0.0
  0
LINE
  5
FF2
330
17
100
AcDbEntity
  8
DUVARLAR
100
AcDbLine
 10
224025.0
 20
1775.0
 30
0.0
 11
225200.0
 21
1775.0
 31
0.0
  0
LINE
  5
FF3
330
17
100
AcDbEntity
  8
DUVARLAR
100
AcDbLine
 10
224175.0
 20
1625.0
 30
0.0
 11
225200.0
 21
1625.0
 31
0.0
  0
LINE
  5
FF4
330
17
100
AcDbEntity
  8
DUVARLAR
100
AcDbLine
 10
219325.0
 20
3425.0
 30
0.0
 11
220400.0
 21
3425.0
 31
0.0
  0
LINE
  5
FF5
330
17
100
AcDbEntity
  8
DUVARLAR
100
AcDbLine
 10
221200.0
 20
3425.0
 30
0.0
 11
222875.0
 21
3425.0
 31
0.0
  0
LINE
  5
FF6
330
17
100
AcDbEntity
  8
DUVARLAR
100
AcDbLine
 10
223575.0
 20
3425.0
 30
0.0
 11
224350.0
 21
3425.0
 31
0.0
  0
LINE
  5
FF7
330
17
100
AcDbEntity
  8
DUVARLAR
100
AcDbLine
 10
225050.0
 20
3425.0
 30
0.0
 11
225200.0
 21
3425.0
 31
0.0
  0
LINE
  5
FF8
330
17
100
AcDbEntity
  8
DUVARLAR
100
AcDbLine
 10
219325.0
 20
3275.0
 30
0.0
 11
220400.0
 21
3275.0
 31
0.0
  0
LINE
  5
FF9
330
17
100
AcDbEntity
  8
DUVARLAR
100
AcDbLine
 10
221200.0
 20
3275.0
 30
0.0
 11
222875.0
 21
3275.0
 31
0.0
  0
LINE
  5
FFA
330
17
100
AcDbEntity
  8
DUVARLAR
100
AcDbLine
 10
223575.0
 20
3275.0
 30
0.0
 11
224350.0
 21
3275.0
 31
0.0
  0
LINE
  5
FFB
330
17
100
AcDbEntity
  8
DUVARLAR
100
AcDbLine
 10
225050.0
 20
3275.0
 30
0.0
 11
225200.0
 21
3275.0
 31
0.0
  0
LINE
  5
FFC
330
17
100
AcDbEntity
  8
DUVARLAR
100
AcDbLine
 10
220400.0
 20
3425.0
 30
0.0
 11
220400.0
 21
3275.0
 31
0.0
  0
LINE
  5
FFD
330
17
100
AcDbEntity
  8
DUVARLAR
100
AcDbLine
 10
221200.0
 20
3425.0
 30
0.0
 11
221200.0
 21
3275.0
 31
0.0
  0
LINE
  5
FFE
330
17
100
AcDbEntity
  8
KAPI-PENCERE
100
AcDbLine
 10
220400.0
 20
3350.0
 30
0.0
 11
220400.0
 21
2550.0
 31
0.0
  0
ARC
  5
FFF
330
17
100
AcDbEntity
  8
KAPI-PENCERE
100
AcDbCircle
 10
220400.0
 20
3350.0
 30
0.0
 40
800.0
100
AcDbArc
 50
-90.0
 51
0.0
  0
LINE
  5
1000
330
17
100
AcDbEntity
  8
DUVARLAR
100
AcDbLine
 10
222875.0
 20
3425.0
 30
0.0
 11
222875.0
 21
3275.0
 31
0.0
  0
LINE
  5
1001
330
17
100
AcDbEntity
  8
DUVARLAR
100
AcDbLine
 10
223575.0
 20
3425.0
 30
0.0
 11
223575.0
 21
3275.0
 31
0.0
  0
LINE
  5
1002
330
17
100
AcDbEntity
  8
KAPI-PENCERE
100
AcDbLine
 10
222875.0
 20
3350.0
 30
0.0
 11
222875.0
 21
2650.0
 31
0.0
  0
ARC
  5
1003
330
17
100
AcDbEntity
  8
KAPI-PENCERE
100
AcDbCircle
 10
222875.0
 20
3350.0
 30
0.0
 40
700.0
100
AcDbArc
 50
-90.0
 51
0.0
  0
LINE
  5
1004
330
17
100
AcDbEntity
  8
DUVARLAR
100
AcDbLine
 10
224350.0
 20
3425.0
 30
0.0
 11
224350.0
 21
3275.0
 31
0.0
  0
LINE
  5
1005
330
17
100
AcDbEntity
  8
DUVARLAR
100
AcDbLine
 10
225050.0
 20
3425.0
 30
0.0
 11
225050.0
 21
3275.0
 31
0.0
  0
LINE
  5
1006
330
17
100
AcDbEntity
  8
KAPI-PENCERE
100
AcDbLine
 10
224350.0
 20
3350.0
 30
0.0
 11
224350.0
 21
2650.0
 31
0.0
  0
ARC
  5
1007
330
17
100
AcDbEntity
  8
KAPI-PENCERE
100
AcDbCircle
 10
224350.0
 20
3350.0
 30
0.0
 40
700.0
100
AcDbArc
 50
-90.0
 51
0.0
  0
LINE
  5
1008
330
17
100
AcDbEntity
  8
DUVARLAR
100
AcDbLine
 10
225400.0
 20
4375.0
 30
0.0
 11
225750.0
 21
4375.0
 31
0.0
  0
LINE
  5
1009
330
17
100
AcDbEntity
  8
DUVARLAR
100
AcDbLine
 10
226550.0
 20
4375.0
 30
0.0
 11
232150.0
 21
4375.0
 31
0.0
  0
LINE
  5
100A
330
17
100
AcDbEntity
  8
DUVARLAR
100
AcDbLine
 10
225400.0
 20
4225.0
 30
0.0
 11
225750.0
 21
4225.0
 31
0.0
  0
LINE
  5
100B
330
17
100
AcDbEntity
  8
DUVARLAR
100
AcDbLine
 10
226550.0
 20
4225.0
 30
0.0
 11
232150.0
 21
4225.0
 31
0.0
  0
LINE
  5
100C
330
17
100
AcDbEntity
  8
DUVARLAR
100
AcDbLine
 10
225750.0
 20
4375.0
 30
0.0
 11
225750.0
 21
4225.0
 31
0.0
  0
LINE
  5
100D
330
17
100
AcDbEntity
  8
DUVARLAR
100
AcDbLine
 10
226550.0
 20
4375.0
 30
0.0
 11
226550.0
 21
4225.0
 31
0.0
  0
LINE
  5
100E
330
17
100
AcDbEntity
  8
KAPI-PENCERE
100
AcDbLine
 10
225750.0
 20
4300.0
 30
0.0
 11
225750.0
 21
3500.0
 31
0.0
  0
ARC
  5
100F
330
17
100
AcDbEntity
  8
KAPI-PENCERE
100
AcDbCircle
 10
225750.0
 20
4300.0
 30
0.0
 40
800.0
100
AcDbArc
 50
-90.0
 51
0.0
  0
LINE
  5
1010
330
17
100
AcDbEntity
  8
DUVARLAR
100
AcDbLine
 10
212350.0
 20
5350.0
 30
0.0
 11
219800.0
 21
5350.0
 31
0.0
  0
LINE
  5
1011
330
17
100
AcDbEntity
  8
DUVARLAR
100
AcDbLine
 10
220700.0
 20
5350.0
 30
0.0
 11
225200.0
 21
5350.0
 31
0.0
  0
LINE
  5
1012
330
17
100
AcDbEntity
  8
DUVARLAR
100
AcDbLine
 10
212350.0
 20
5150.0
 30
0.0
 11
219800.0
 21
5150.0
 31
0.0
  0
LINE
  5
1013
330
17
100
AcDbEntity
  8
DUVARLAR
100
AcDbLine
 10
220700.0
 20
5150.0
 30
0.0
 11
225200.0
 21
5150.0
 31
0.0
  0
LINE
  5
1014
330
17
100
AcDbEntity
  8
DUVARLAR
100
AcDbLine
 10
219800.0
 20
5350.0
 30
0.0
 11
219800.0
 21
5150.0
 31
0.0
  0
LINE
  5
1015
330
17
100
AcDbEntity
  8
DUVARLAR
100
AcDbLine
 10
220700.0
 20
5350.0
 30
0.0
 11
220700.0
 21
5150.0
 31
0.0
  0
LINE
  5
1016
330
17
100
AcDbEntity
  8
KAPI-PENCERE
100
AcDbLine
 10
219800.0
 20
5250.0
 30
0.0
 11
219800.0
 21
4350.0
 31
0.0
  0
ARC
  5
1017
330
17
100
AcDbEntity
  8
KAPI-PENCERE
100
AcDbCircle
 10
219800.0
 20
5250.0
 30
0.0
 40
900.0
100
AcDbArc
 50
-90.0
 51
0.0
  0
LINE
  5
1018
330
17
100
AcDbEntity
  8
DUVARLAR
100
AcDbLine
 10
219300.0
 20
8400.0
 30
0.0
 11
219450.0
 21
8400.0
 31
0.0
  0
LINE
  5
1019
330
17
100
AcDbEntity
  8
DUVARLAR
100
AcDbLine
 10
221050.0
 20
8400.0
 30
0.0
 11
221300.0
 21
8400.0
 31
0.0
  0
LINE
  5
101A
330
17
100
AcDbEntity
  8
DUVARLAR
100
AcDbLine
 10
219300.0
 20
8200.0
 30
0.0
 11
219450.0
 21
8200.0
 31
0.0
  0
LINE
  5
101B
330
17
100
AcDbEntity
  8
DUVARLAR
100
AcDbLine
 10
221050.0
 20
8200.0
 30
0.0
 11
221300.0
 21
8200.0
 31
0.0
  0
LINE
  5
101C
330
17
100
AcDbEntity
  8
DUVARLAR
100
AcDbLine
 10
219450.0
 20
8400.0
 30
0.0
 11
219450.0
 21
8200.0
 31
0.0
  0
LINE
  5
101D
330
17
100
AcDbEntity
  8
DUVARLAR
100
AcDbLine
 10
221050.0
 20
8400.0
 30
0.0
 11
221050.0
 21
8200.0
 31
0.0
  0
LINE
  5
101E
330
17
100
AcDbEntity
  8
KAPI-PENCERE
100
AcDbLine
 10
219450.0
 20
8233.333333333334
 30
0.0
 11
221050.0
 21
8233.333333333334
 31
0.0
  0
LINE
  5
101F
330
17
100
AcDbEntity
  8
KAPI-PENCERE
100
AcDbLine
 10
221050.0
 20
8233.333333333334
 30
0.0
 11
221050.0
 21
8200.0
 31
0.0
  0
LINE
  5
1020
330
17
100
AcDbEntity
  8
DUVARLAR
100
AcDbLine
 10
221300.0
 20
8400.0
 30
0.0
 11
221300.0
 21
8200.0
 31
0.0
  0
LINE
  5
1021
330
17
100
AcDbEntity
  8
DUVARLAR
100
AcDbLine
 10
225300.0
 20
8400.0
 30
0.0
 11
225300.0
 21
8200.0
 31
0.0
  0
LINE
  5
1022
330
17
100
AcDbEntity
  8
DUVARLAR
100
AcDbLine
 10
212350.0
 20
8875.0
 30
0.0
 11
213350.0
 21
8875.0
 31
0.0
  0
LINE
  5
1023
330
17
100
AcDbEntity
  8
DUVARLAR
100
AcDbLine
 10
214150.0
 20
8875.0
 30
0.0
 11
217225.0
 21
8875.0
 31
0.0
  0
LINE
  5
1024
330
17
100
AcDbEntity
  8
DUVARLAR
100
AcDbLine
 10
212350.0
 20
8725.0
 30
0.0
 11
213350.0
 21
8725.0
 31
0.0
  0
LINE
  5
1025
330
17
100
AcDbEntity
  8
DUVARLAR
100
AcDbLine
 10
214150.0
 20
8725.0
 30
0.0
 11
217225.0
 21
8725.0
 31
0.0
  0
LINE
  5
1026
330
17
100
AcDbEntity
  8
DUVARLAR
100
AcDbLine
 10
213350.0
 20
8875.0
 30
0.0
 11
213350.0
 21
8725.0
 31
0.0
  0
LINE
  5
1027
330
17
100
AcDbEntity
  8
DUVARLAR
100
AcDbLine
 10
214150.0
 20
8875.0
 30
0.0
 11
214150.0
 21
8725.0
 31
0.0
  0
LINE
  5
1028
330
17
100
AcDbEntity
  8
KAPI-PENCERE
100
AcDbLine
 10
213350.0
 20
8800.0
 30
0.0
 11
213350.0
 21
9600.0
 31
0.0
  0
ARC
  5
1029
330
17
100
AcDbEntity
  8
KAPI-PENCERE
100
AcDbCircle
 10
213350.0
 20
8800.0
 30
0.0
 40
800.0
100
AcDbArc
 50
0.0
 51
90.0
  0
LINE
  5
102A
330
17
100
AcDbEntity
  8
DUVARLAR
100
AcDbLine
 10
227275.0
 20
9575.0
 30
0.0
 11
229825.0
 21
9575.0
 31
0.0
  0
LINE
  5
102B
330
17
100
AcDbEntity
  8
DUVARLAR
100
AcDbLine
 10
227275.0
 20
9425.0
 30
0.0
 11
229975.0
 21
9425.0
 31
0.0
  0
LINE
  5
102C
330
17
100
AcDbEntity
  8
DUVARLAR
100
AcDbLine
 10
214575.0
 20
9950.0
 30
0.0
 11
215225.0
 21
9950.0
 31
0.0
  0
LINE
  5
102D
330
17
100
AcDbEntity
  8
DUVARLAR
100
AcDbLine
 10
214725.0
 20
9800.0
 30
0.0
 11
215225.0
 21
9800.0
 31
0.0
  0
LINE
  5
102E
330
17
100
AcDbEntity
  8
DUVARLAR
100
AcDbLine
 10
215375.0
 20
10275.0
 30
0.0
 11
217225.0
 21
10275.0
 31
0.0
  0
LINE
  5
102F
330
17
100
AcDbEntity
  8
DUVARLAR
100
AcDbLine
 10
215375.0
 20
10125.0
 30
0.0
 11
217225.0
 21
10125.0
 31
0.0
  0
LINE
  5
1030
330
17
100
AcDbEntity
  8
DUVARLAR
100
AcDbLine
 10
214575.0
 20
10600.0
 30
0.0
 11
215225.0
 21
10600.0
 31
0.0
  0
LINE
  5
1031
330
17
100
AcDbEntity
  8
DUVARLAR
100
AcDbLine
 10
214725.0
 20
10450.0
 30
0.0
 11
215225.0
 21
10450.0
 31
0.0
  0
LINE
  5
1032
330
17
100
AcDbEntity
  8
DUVARLAR
100
AcDbLine
 10
229175.0
 20
10650.0
 30
0.0
 11
229825.0
 21
10650.0
 31
0.0
  0
LINE
  5
1033
330
17
100
AcDbEntity
  8
DUVARLAR
100
AcDbLine
 10
229325.0
 20
10500.0
 30
0.0
 11
229825.0
 21
10500.0
 31
0.0
  0
LINE
  5
1034
330
17
100
AcDbEntity
  8
DUVARLAR
100
AcDbLine
 10
227275.0
 20
10975.0
 30
0.0
 11
229175.0
 21
10975.0
 31
0.0
  0
LINE
  5
1035
330
17
100
AcDbEntity
  8
DUVARLAR
100
AcDbLine
 10
227275.0
 20
10825.0
 30
0.0
 11
229175.0
 21
10825.0
 31
0.0
  0
LINE
  5
1036
330
17
100
AcDbEntity
  8
DUVARLAR
100
AcDbLine
 10
229175.0
 20
11300.0
 30
0.0
 11
229825.0
 21
11300.0
 31
0.0
  0
LINE
  5
1037
330
17
100
AcDbEntity
  8
DUVARLAR
100
AcDbLine
 10
229325.0
 20
11150.0
 30
0.0
 11
229825.0
 21
11150.0
 31
0.0
  0
LINE
  5
1038
330
17
100
AcDbEntity
  8
DUVARLAR
100
AcDbLine
 10
219125.0
 20
11400.0
 30
0.0
 11
221200.0
 21
11400.0
 31
0.0
  0
LINE
  5
1039
330
17
100
AcDbEntity
  8
DUVARLAR
100
AcDbLine
 10
219275.0
 20
11200.0
 30
0.0
 11
221200.0
 21
11200.0
 31
0.0
  0
LINE
  5
103A
330
17
100
AcDbEntity
  8
DUVARLAR
100
AcDbLine
 10
212350.0
 20
12175.0
 30
0.0
 11
217225.0
 21
12175.0
 31
0.0
  0
LINE
  5
103B
330
17
100
AcDbEntity
  8
DUVARLAR
100
AcDbLine
 10
212350.0
 20
12025.0
 30
0.0
 11
217225.0
 21
12025.0
 31
0.0
  0
LINE
  5
103C
330
17
100
AcDbEntity
  8
DUVARLAR
100
AcDbLine
 10
219125.0
 20
12375.0
 30
0.0
 11
221200.0
 21
12375.0
 31
0.0
  0
LINE
  5
103D
330
17
100
AcDbEntity
  8
DUVARLAR
100
AcDbLine
 10
219275.0
 20
12225.0
 30
0.0
 11
221400.0
 21
12225.0
 31
0.0
  0
LINE
  5
103E
330
17
100
AcDbEntity
  8
DUVARLAR
100
AcDbLine
 10
221200.0
 20
12400.0
 30
0.0
 11
225200.0
 21
12400.0
 31
0.0
  0
LINE
  5
103F
330
17
100
AcDbEntity
  8
DUVARLAR
100
AcDbLine
 10
221400.0
 20
12200.0
 30
0.0
 11
225200.0
 21
12200.0
 31
0.0
  0
LINE
  5
1040
330
17
100
AcDbEntity
  8
DUVARLAR
100
AcDbLine
 10
225400.0
 20
13375.0
 30
0.0
 11
225550.0
 21
13375.0
 31
0.0
  0
LINE
  5
1041
330
17
100
AcDbEntity
  8
DUVARLAR
100
AcDbLine
 10
226350.0
 20
13375.0
 30
0.0
 11
232150.0
 21
13375.0
 31
0.0
  0
LINE
  5
1042
330
17
100
AcDbEntity
  8
DUVARLAR
100
AcDbLine
 10
225400.0
 20
13225.0
 30
0.0
 11
225550.0
 21
13225.0
 31
0.0
  0
LINE
  5
1043
330
17
100
AcDbEntity
  8
DUVARLAR
100
AcDbLine
 10
226350.0
 20
13225.0
 30
0.0
 11
232150.0
 21
13225.0
 31
0.0
  0
LINE
  5
1044
330
17
100
AcDbEntity
  8
DUVARLAR
100
AcDbLine
 10
225550.0
 20
13375.0
 30
0.0
 11
225550.0
 21
13225.0
 31
0.0
  0
LINE
  5
1045
330
17
100
AcDbEntity
  8
DUVARLAR
100
AcDbLine
 10
226350.0
 20
13375.0
 30
0.0
 11
226350.0
 21
13225.0
 31
0.0
  0
LINE
  5
1046
330
17
100
AcDbEntity
  8
KAPI-PENCERE
100
AcDbLine
 10
225550.0
 20
13300.0
 30
0.0
 11
225550.0
 21
14100.0
 31
0.0
  0
ARC
  5
1047
330
17
100
AcDbEntity
  8
KAPI-PENCERE
100
AcDbCircle
 10
225550.0
 20
13300.0
 30
0.0
 40
800.0
100
AcDbArc
 50
0.0
 51
90.0
  0
LINE
  5
1048
330
17
100
AcDbEntity
  8
DUVARLAR
100
AcDbLine
 10
217225.0
 20
14275.0
 30
0.0
 11
217900.0
 21
14275.0
 31
0.0
  0
LINE
  5
1049
330
17
100
AcDbEntity
  8
DUVARLAR
100
AcDbLine
 10
218700.0
 20
14275.0
 30
0.0
 11
219175.0
 21
14275.0
 31
0.0
  0
LINE
  5
104A
330
17
100
AcDbEntity
  8
DUVARLAR
100
AcDbLine
 10
217375.0
 20
14125.0
 30
0.0
 11
217900.0
 21
14125.0
 31
0.0
  0
LINE
  5
104B
330
17
100
AcDbEntity
  8
DUVARLAR
100
AcDbLine
 10
218700.0
 20
14125.0
 30
0.0
 11
219175.0
 21
14125.0
 31
0.0
  0
LINE
  5
104C
330
17
100
AcDbEntity
  8
DUVARLAR
100
AcDbLine
 10
217900.0
 20
14275.0
 30
0.0
 11
217900.0
 21
14125.0
 31
0.0
  0
LINE
  5
104D
330
17
100
AcDbEntity
  8
DUVARLAR
100
AcDbLine
 10
218700.0
 20
14275.0
 30
0.0
 11
218700.0
 21
14125.0
 31
0.0
  0
LINE
  5
104E
330
17
100
AcDbEntity
  8
KAPI-PENCERE
100
AcDbLine
 10
217900.0
 20
14200.0
 30
0.0
 11
217900.0
 21
15000.0
 31
0.0
  0
ARC
  5
104F
330
17
100
AcDbEntity
  8
KAPI-PENCERE
100
AcDbCircle
 10
217900.0
 20
14200.0
 30
0.0
 40
800.0
100
AcDbArc
 50
0.0
 51
90.0
  0
LINE
  5
1050
330
17
100
AcDbEntity
  8
DUVARLAR
100
AcDbLine
 10
232150.0
 20
17400.0
 30
0.0
 11
229650.0
 21
17400.0
 31
0.0
  0
LINE
  5
1051
330
17
100
AcDbEntity
  8
DUVARLAR
100
AcDbLine
 10
227850.0
 20
17400.0
 30
0.0
 11
223450.0
 21
17400.0
 31
0.0
  0
LINE
  5
1052
330
17
100
AcDbEntity
  8
DUVARLAR
100
AcDbLine
 10
221650.0
 20
17400.0
 30
0.0
 11
218350.0
 21
17400.0
 31
0.0
  0
LINE
  5
1053
330
17
100
AcDbEntity
  8
DUVARLAR
100
AcDbLine
 10
217150.0
 20
17400.0
 30
0.0
 11
215150.0
 21
17400.0
 31
0.0
  0
LINE
  5
1054
330
17
100
AcDbEntity
  8
DUVARLAR
100
AcDbLine
 10
213350.0
 20
17400.0
 30
0.0
 11
212350.0
 21
17400.0
 31
0.0
  0
LINE
  5
1055
330
17
100
AcDbEntity
  8
DUVARLAR
100
AcDbLine
 10
232350.0
 20
17600.0
 30
0.0
 11
229650.0
 21
17600.0
 31
0.0
  0
LINE
  5
1056
330
17
100
AcDbEntity
  8
DUVARLAR
100
AcDbLine
 10
227850.0
 20
17600.0
 30
0.0
 11
223450.0
 21
17600.0
 31
0.0
  0
LINE
  5
1057
330
17
100
AcDbEntity
  8
DUVARLAR
100
AcDbLine
 10
221650.0
 20
17600.0
 30
0.0
 11
218350.0
 21
17600.0
 31
0.0
  0
LINE
  5
1058
330
17
100
AcDbEntity
  8
DUVARLAR
100
AcDbLine
 10
217150.0
 20
17600.0
 30
0.0
 11
215150.0
 21
17600.0
 31
0.0
  0
LINE
  5
1059
330
17
100
AcDbEntity
  8
DUVARLAR
100
AcDbLine
 10
213350.0
 20
17600.0
 30
0.0
 11
212150.0
 21
17600.0
 31
0.0
  0
LINE
  5
105A
330
17
100
AcDbEntity
  8
DUVARLAR
100
AcDbLine
 10
229650.0
 20
17400.0
 30
0.0
 11
229650.0
 21
17600.0
 31
0.0
  0
LINE
  5
105B
330
17
100
AcDbEntity
  8
DUVARLAR
100
AcDbLine
 10
227850.0
 20
17400.0
 30
0.0
 11
227850.0
 21
17600.0
 31
0.0
  0
LINE
  5
105C
330
17
100
AcDbEntity
  8
KAPI-PENCERE
100
AcDbLine
 10
229650.0
 20
17550.0
 30
0.0
 11
227850.0
 21
17550.0
 31
0.0
  0
LINE
  5
105D
330
17
100
AcDbEntity
  8
KAPI-PENCERE
100
AcDbLine
 10
229650.0
 20
17450.0
 30
0.0
 11
227850.0
 21
17450.0
 31
0.0
  0
LINE
  5
105E
330
17
100
AcDbEntity
  8
DUVARLAR
100
AcDbLine
 10
223450.0
 20
17400.0
 30
0.0
 11
223450.0
 21
17600.0
 31
0.0
  0
LINE
  5
105F
330
17
100
AcDbEntity
  8
DUVARLAR
100
AcDbLine
 10
221650.0
 20
17400.0
 30
0.0
 11
221650.0
 21
17600.0
 31
0.0
  0
LINE
  5
1060
330
17
100
AcDbEntity
  8
KAPI-PENCERE
100
AcDbLine
 10
223450.0
 20
17550.0
 30
0.0
 11
221650.0
 21
17550.0
 31
0.0
  0
LINE
  5
1061
330
17
100
AcDbEntity
  8
KAPI-PENCERE
100
AcDbLine
 10
223450.0
 20
17450.0
 30
0.0
 11
221650.0
 21
17450.0
 31
0.0
  0
LINE
  5
1062
330
17
100
AcDbEntity
  8
DUVARLAR
100
AcDbLine
 10
218350.0
 20
17400.0
 30
0.0
 11
218350.0
 21
17600.0
 31
0.0
  0
LINE
  5
1063
330
17
100
AcDbEntity
  8
DUVARLAR
100
AcDbLine
 10
217150.0
 20
17400.0
 30
0.0
 11
217150.0
 21
17600.0
 31
0.0
  0
LINE
  5
1064
330
17
100
AcDbEntity
  8
KAPI-PENCERE
100
AcDbLine
 10
218350.0
 20
17550.0
 30
0.0
 11
217150.0
 21
17550.0
 31
0.0
  0
LINE
  5
1065
330
17
100
AcDbEntity
  8
KAPI-PENCERE
100
AcDbLine
 10
218350.0
 20
17450.0
 30
0.0
 11
217150.0
 21
17450.0
 31
0.0
  0
LINE
  5
1066
330
17
100
AcDbEntity
  8
DUVARLAR
100
AcDbLine
 10
215150.0
 20
17400.0
 30
0.0
 11
215150.0
 21
17600.0
 31
0.0
  0
LINE
  5
1067
330
17
100
AcDbEntity
  8
DUVARLAR
100
AcDbLine
 10
213350.0
 20
17400.0
 30
0.0
 11
213350.0
 21
17600.0
 31
0.0
  0
LINE
  5
1068
330
17
100
AcDbEntity
  8
KAPI-PENCERE
100
AcDbLine
 10
215150.0
 20
17550.0
 30
0.0
 11
213350.0
 21
17550.0
 31
0.0
  0
LINE
  5
1069
330
17
100
AcDbEntity
  8
KAPI-PENCERE
100
AcDbLine
 10
215150.0
 20
17450.0
 30
0.0
 11
213350.0
 21
17450.0
 31
0.0
  0
LINE
  5
106A
330
17
100
AcDbEntity
  8
DUVARLAR
100
AcDbLine
 10
212350.0
 20
17400.0
 30
0.0
 11
212350.0
 21
15700.0
 31
0.0
  0
LINE
  5
106B
330
17
100
AcDbEntity
  8
DUVARLAR
100
AcDbLine
 10
212350.0
 20
13900.0
 30
0.0
 11
212350.0
 21
7700.0
 31
0.0
  0
LINE
  5
106C
330
17
100
AcDbEntity
  8
DUVARLAR
100
AcDbLine
 10
212350.0
 20
6300.0
 30
0.0
 11
212350.0
 21
3200.0
 31
0.0
  0
LINE
  5
106D
330
17
100
AcDbEntity
  8
DUVARLAR
100
AcDbLine
 10
212350.0
 20
2000.0
 30
0.0
 11
212350.0
 21
100.0
 31
0.0
  0
LINE
  5
106E
330
17
100
AcDbEntity
  8
DUVARLAR
100
AcDbLine
 10
212150.0
 20
17600.0
 30
0.0
 11
212150.0
 21
15700.0
 31
0.0
  0
LINE
  5
106F
330
17
100
AcDbEntity
  8
DUVARLAR
100
AcDbLine
 10
212150.0
 20
13900.0
 30
0.0
 11
212150.0
 21
7700.0
 31
0.0
  0
LINE
  5
1070
330
17
100
AcDbEntity
  8
DUVARLAR
100
AcDbLine
 10
212150.0
 20
6300.0
 30
0.0
 11
212150.0
 21
3200.0
 31
0.0
  0
LINE
  5
1071
330
17
100
AcDbEntity
  8
DUVARLAR
100
AcDbLine
 10
212150.0
 20
2000.0
 30
0.0
 11
212150.0
 21
-100.0
 31
0.0
  0
LINE
  5
1072
330
17
100
AcDbEntity
  8
DUVARLAR
100
AcDbLine
 10
212350.0
 20
15700.0
 30
0.0
 11
212150.0
 21
15700.0
 31
0.0
  0
LINE
  5
1073
330
17
100
AcDbEntity
  8
DUVARLAR
100
AcDbLine
 10
212350.0
 20
13900.0
 30
0.0
 11
212150.0
 21
13900.0
 31
0.0
  0
LINE
  5
1074
330
17
100
AcDbEntity
  8
KAPI-PENCERE
100
AcDbLine
 10
212200.0
 20
15700.0
 30
0.0
 11
212200.0
 21
13900.0
 31
0.0
  0
LINE
  5
1075
330
17
100
AcDbEntity
  8
KAPI-PENCERE
100
AcDbLine
 10
212300.0
 20
15700.0
 30
0.0
 11
212300.0
 21
13900.0
 31
0.0
  0
LINE
  5
1076
330
17
100
AcDbEntity
  8
DUVARLAR
100
AcDbLine
 10
212350.0
 20
7700.0
 30
0.0
 11
212150.0
 21
7700.0
 31
0.0
  0
LINE
  5
1077
330
17
100
AcDbEntity
  8
DUVARLAR
100
AcDbLine
 10
212350.0
 20
6300.0
 30
0.0
 11
212150.0
 21
6300.0
 31
0.0
  0
LINE
  5
1078
330
17
100
AcDbEntity
  8
KAPI-PENCERE
100
AcDbLine
 10
212200.0
 20
7700.0
 30
0.0
 11
212200.0
 21
6300.0
 31
0.0
  0
LINE
  5
1079
330
17
100
AcDbEntity
  8
KAPI-PENCERE
100
AcDbLine
 10
212300.0
 20
7700.0
 30
0.0
 11
212300.0
 21
6300.0
 31
0.0
  0
LINE
  5
107A
330
17
100
AcDbEntity
  8
DUVARLAR
100
AcDbLine
 10
212350.0
 20
3200.0
 30
0.0
 11
212150.0
 21
3200.0
 31
0.0
  0
LINE
  5
107B
330
17
100
AcDbEntity
  8
DUVARLAR
100
AcDbLine
 10
212350.0
 20
2000.0
 30
0.0
 11
212150.0
 21
2000.0
 31
0.0
  0
LINE
  5
107C
330
17
100
AcDbEntity
  8
KAPI-PENCERE
100
AcDbLine
 10
212200.0
 20
3200.0
 30
0.0
 11
212200.0
 21
2000.0
 31
0.0
  0
LINE
  5
107D
330
17
100
AcDbEntity
  8
KAPI-PENCERE
100
AcDbLine
 10
212300.0
 20
3200.0
 30
0.0
 11
212300.0
 21
2000.0
 31
0.0
  0
LINE
  5
107E
330
17
100
AcDbEntity
  8
DUVARLAR
100
AcDbLine
 10
214575.0
 20
9950.0
 30
0.0
 11
214575.0
 21
10600.0
 31
0.0
  0
LINE
  5
107F
330
17
100
AcDbEntity
  8
DUVARLAR
100
AcDbLine
 10
214725.0
 20
9800.0
 30
0.0
 11
214725.0
 21
10450.0
 31
0.0
  0
LINE
  5
1080
330
17
100
AcDbEntity
  8
DUVARLAR
100
AcDbLine
 10
215225.0
 20
8875.0
 30
0.0
 11
215225.0
 21
12025.0
 31
0.0
  0
LINE
  5
1081
330
17
100
AcDbEntity
  8
DUVARLAR
100
AcDbLine
 10
215375.0
 20
8875.0
 30
0.0
 11
215375.0
 21
12025.0
 31
0.0
  0
LINE
  5
1082
330
17
100
AcDbEntity
  8
DUVARLAR
100
AcDbLine
 10
217225.0
 20
5350.0
 30
0.0
 11
217225.0
 21
6600.0
 31
0.0
  0
LINE
  5
1083
330
17
100
AcDbEntity
  8
DUVARLAR
100
AcDbLine
 10
217225.0
 20
7400.0
 30
0.0
 11
217225.0
 21
9150.0
 31
0.0
  0
LINE
  5
1084
330
17
100
AcDbEntity
  8
DUVARLAR
100
AcDbLine
 10
217225.0
 20
9850.0
 30
0.0
 11
217225.0
 21
10800.0
 31
0.0
  0
LINE
  5
1085
330
17
100
AcDbEntity
  8
DUVARLAR
100
AcDbLine
 10
217225.0
 20
11500.0
 30
0.0
 11
217225.0
 21
12900.0
 31
0.0
  0
LINE
  5
1086
330
17
100
AcDbEntity
  8
DUVARLAR
100
AcDbLine
 10
217225.0
 20
13700.0
 30
0.0
 11
217225.0
 21
14275.0
 31
0.0
  0
LINE
  5
1087
330
17
100
AcDbEntity
  8
DUVARLAR
100
AcDbLine
 10
217375.0
 20
5350.0
 30
0.0
 11
217375.0
 21
6600.0
 31
0.0
  0
LINE
  5
1088
330
17
100
AcDbEntity
  8
DUVARLAR
100
AcDbLine
 10
217375.0
 20
7400.0
 30
0.0
 11
217375.0
 21
9150.0
 31
0.0
  0
LINE
  5
1089
330
17
100
AcDbEntity
  8
DUVARLAR
100
AcDbLine
 10
217375.0
 20
9850.0
 30
0.0
 11
217375.0
 21
10800.0
 31
0.0
  0
LINE
  5
108A
330
17
100
AcDbEntity
  8
DUVARLAR
100
AcDbLine
 10
217375.0
 20
11500.0
 30
0.0
 11
217375.0
 21
12900.0
 31
0.0
  0
LINE
  5
108B
330
17
100
AcDbEntity
  8
DUVARLAR
100
AcDbLine
 10
217375.0
 20
13700.0
 30
0.0
 11
217375.0
 21
14125.0
 31
0.0
  0
LINE
  5
108C
330
17
100
AcDbEntity
  8
DUVARLAR
100
AcDbLine
 10
217225.0
 20
6600.0
 30
0.0
 11
217375.0
 21
6600.0
 31
0.0
  0
LINE
  5
108D
330
17
100
AcDbEntity
  8
DUVARLAR
100
AcDbLine
 10
217225.0
 20
7400.0
 30
0.0
 11
217375.0
 21
7400.0
 31
0.0
  0
LINE
  5
108E
330
17
100
AcDbEntity
  8
KAPI-PENCERE
100
AcDbLine
 10
217300.0
 20
6600.0
 30
0.0
 11
216500.0
 21
6600.0
 31
0.0
  0
ARC
  5
108F
330
17
100
AcDbEntity
  8
KAPI-PENCERE
100
AcDbCircle
 10
217300.0
 20
6600.0
 30
0.0
 40
800.0
100
AcDbArc
 50
90.0
 51
180.0
  0
LINE
  5
1090
330
17
100
AcDbEntity
  8
DUVARLAR
100
AcDbLine
 10
217225.0
 20
9150.0
 30
0.0
 11
217375.0
 21
9150.0
 31
0.0
  0
LINE
  5
1091
330
17
100
AcDbEntity
  8
DUVARLAR
100
AcDbLine
 10
217225.0
 20
9850.0
 30
0.0
 11
217375.0
 21
9850.0
 31
0.0
  0
LINE
  5
1092
330
17
100
AcDbEntity
  8
KAPI-PENCERE
100
AcDbLine
 10
217300.0
 20
9150.0
 30
0.0
 11
216600.0
 21
9150.0
 31
0.0
  0
ARC
  5
1093
330
17
100
AcDbEntity
  8
KAPI-PENCERE
100
AcDbCircle
 10
217300.0
 20
9150.0
 30
0.0
 40
700.0
100
AcDbArc
 50
90.0
 51
180.0
  0
LINE
  5
1094
330
17
100
AcDbEntity
  8
DUVARLAR
100
AcDbLine
 10
217225.0
 20
10800.0
 30
0.0
 11
217375.0
 21
10800.0
 31
0.0
  0
LINE
  5
1095
330
17
100
AcDbEntity
  8
DUVARLAR
100
AcDbLine
 10
217225.0
 20
11500.0
 30
0.0
 11
217375.0
 21
11500.0
 31
0.0
  0
LINE
  5
1096
330
17
100
AcDbEntity
  8
KAPI-PENCERE
100
AcDbLine
 10
217300.0
 20
10800.0
 30
0.0
 11
216600.0
 21
10800.0
 31
0.0
  0
ARC
  5
1097
330
17
100
AcDbEntity
  8
KAPI-PENCERE
100
AcDbCircle
 10
217300.0
 20
10800.0
 30
0.0
 40
700.0
100
AcDbArc
 50
90.0
 51
180.0
  0
LINE
  5
1098
330
17
100
AcDbEntity
  8
DUVARLAR
100
AcDbLine
 10
217225.0
 20
12900.0
 30
0.0
 11
217375.0
 21
12900.0
 31
0.0
  0
LINE
  5
1099
330
17
100
AcDbEntity
  8
DUVARLAR
100
AcDbLine
 10
217225.0
 20
13700.0
 30
0.0
 11
217375.0
 21
13700.0
 31
0.0
  0
LINE
  5
109A
330
17
100
AcDbEntity
  8
KAPI-PENCERE
100
AcDbLine
 10
217300.0
 20
12900.0
 30
0.0
 11
216500.0
 21
12900.0
 31
0.0
  0
ARC
  5
109B
330
17
100
AcDbEntity
  8
KAPI-PENCERE
100
AcDbCircle
 10
217300.0
 20
12900.0
 30
0.0
 40
800.0
100
AcDbArc
 50
90.0
 51
180.0
  0
LINE
  5
109C
330
17
100
AcDbEntity
  8
DUVARLAR
100
AcDbLine
 10
219100.0
 20
5350.0
 30
0.0
 11
219100.0
 21
5850.0
 31
0.0
  0
LINE
  5
109D
330
17
100
AcDbEntity
  8
DUVARLAR
100
AcDbLine
 10
219100.0
 20
6750.0
 30
0.0
 11
219100.0
 21
11400.0
 31
0.0
  0
LINE
  5
109E
330
17
100
AcDbEntity
  8
DUVARLAR
100
AcDbLine
 10
219300.0
 20
5350.0
 30
0.0
 11
219300.0
 21
5850.0
 31
0.0
  0
LINE
  5
109F
330
17
100
AcDbEntity
  8
DUVARLAR
100
AcDbLine
 10
219300.0
 20
6750.0
 30
0.0
 11
219300.0
 21
11200.0
 31
0.0
  0
LINE
  5
10A0
330
17
100
AcDbEntity
  8
DUVARLAR
100
AcDbLine
 10
219100.0
 20
5850.0
 30
0.0
 11
219300.0
 21
5850.0
 31
0.0
  0
LINE
  5
10A1
330
17
100
AcDbEntity
  8
DUVARLAR
100
AcDbLine
 10
219100.0
 20
6750.0
 30
0.0
 11
219300.0
 21
6750.0
 31
0.0
  0
LINE
  5
10A2
330
17
100
AcDbEntity
  8
KAPI-PENCERE
100
AcDbLine
 10
219200.0
 20
5850.0
 30
0.0
 11
218300.0
 21
5850.0
 31
0.0
  0
ARC
  5
10A3
330
17
100
AcDbEntity
  8
KAPI-PENCERE
100
AcDbCircle
 10
219200.0
 20
5850.0
 30
0.0
 40
900.0
100
AcDbArc
 50
90.0
 51
180.0
  0
LINE
  5
10A4
330
17
100
AcDbEntity
  8
DUVARLAR
100
AcDbLine
 10
219125.0
 20
11400.0
 30
0.0
 11
219125.0
 21
11500.0
 31
0.0
  0
LINE
  5
10A5
330
17
100
AcDbEntity
  8
DUVARLAR
100
AcDbLine
 10
219125.0
 20
12100.0
 30
0.0
 11
219125.0
 21
12375.0
 31
0.0
  0
LINE
  5
10A6
330
17
100
AcDbEntity
  8
DUVARLAR
100
AcDbLine
 10
219275.0
 20
11200.0
 30
0.0
 11
219275.0
 21
11500.0
 31
0.0
  0
LINE
  5
10A7
330
17
100
AcDbEntity
  8
DUVARLAR
100
AcDbLine
 10
219275.0
 20
12100.0
 30
0.0
 11
219275.0
 21
12225.0
 31
0.0
  0
LINE
  5
10A8
330
17
100
AcDbEntity
  8
DUVARLAR
100
AcDbLine
 10
219125.0
 20
11500.0
 30
0.0
 11
219275.0
 21
11500.0
 31
0.0
  0
LINE
  5
10A9
330
17
100
AcDbEntity
  8
DUVARLAR
100
AcDbLine
 10
219125.0
 20
12100.0
 30
0.0
 11
219275.0
 21
12100.0
 31
0.0
  0
LINE
  5
10AA
330
17
100
AcDbEntity
  8
KAPI-PENCERE
100
AcDbLine
 10
219200.0
 20
11500.0
 30
0.0
 11
219800.0
 21
11500.0
 31
0.0
  0
ARC
  5
10AB
330
17
100
AcDbEntity
  8
KAPI-PENCERE
100
AcDbCircle
 10
219200.0
 20
11500.0
 30
0.0
 40
600.0
100
AcDbArc
 50
-0.0
 51
90.0
  0
LINE
  5
10AC
330
17
100
AcDbEntity
  8
DUVARLAR
100
AcDbLine
 10
219175.0
 20
100.0
 30
0.0
 11
219175.0
 21
3900.0
 31
0.0
  0
LINE
  5
10AD
330
17
100
AcDbEntity
  8
DUVARLAR
100
AcDbLine
 10
219175.0
 20
4700.0
 30
0.0
 11
219175.0
 21
5150.0
 31
0.0
  0
LINE
  5
10AE
330
17
100
AcDbEntity
  8
DUVARLAR
100
AcDbLine
 10
219325.0
 20
100.0
 30
0.0
 11
219325.0
 21
3900.0
 31
0.0
  0
LINE
  5
10AF
330
17
100
AcDbEntity
  8
DUVARLAR
100
AcDbLine
 10
219325.0
 20
4700.0
 30
0.0
 11
219325.0
 21
5150.0
 31
0.0
  0
LINE
  5
10B0
330
17
100
AcDbEntity
  8
DUVARLAR
100
AcDbLine
 10
219175.0
 20
3900.0
 30
0.0
 11
219325.0
 21
3900.0
 31
0.0
  0
LINE
  5
10B1
330
17
100
AcDbEntity
  8
DUVARLAR
100
AcDbLine
 10
219175.0
 20
4700.0
 30
0.0
 11
219325.0
 21
4700.0
 31
0.0
  0
LINE
  5
10B2
330
17
100
AcDbEntity
  8
KAPI-PENCERE
100
AcDbLine
 10
219250.0
 20
3900.0
 30
0.0
 11
218450.0
 21
3900.0
 31
0.0
  0
ARC
  5
10B3
330
17
100
AcDbEntity
  8
KAPI-PENCERE
100
AcDbCircle
 10
219250.0
 20
3900.0
 30
0.0
 40
800.0
100
AcDbArc
 50
90.0
 51
180.0
  0
LINE
  5
10B4
330
17
100
AcDbEntity
  8
DUVARLAR
100
AcDbLine
 10
219175.0
 20
12375.0
 30
0.0
 11
219175.0
 21
12800.0
 31
0.0
  0
LINE
  5
10B5
330
17
100
AcDbEntity
  8
DUVARLAR
100
AcDbLine
 10
219175.0
 20
13600.0
 30
0.0
 11
219175.0
 21
17400.0
 31
0.0
  0
LINE
  5
10B6
330
17
100
AcDbEntity
  8
DUVARLAR
100
AcDbLine
 10
219325.0
 20
12375.0
 30
0.0
 11
219325.0
 21
12800.0
 31
0.0
  0
LINE
  5
10B7
330
17
100
AcDbEntity
  8
DUVARLAR
100
AcDbLine
 10
219325.0
 20
13600.0
 30
0.0
 11
219325.0
 21
17400.0
 31
0.0
  0
LINE
  5
10B8
330
17
100
AcDbEntity
  8
DUVARLAR
100
AcDbLine
 10
219175.0
 20
12800.0
 30
0.0
 11
219325.0
 21
12800.0
 31
0.0
  0
LINE
  5
10B9
330
17
100
AcDbEntity
  8
DUVARLAR
100
AcDbLine
 10
219175.0
 20
13600.0
 30
0.0
 11
219325.0
 21
13600.0
 31
0.0
  0
LINE
  5
10BA
330
17
100
AcDbEntity
  8
KAPI-PENCERE
100
AcDbLine
 10
219250.0
 20
12800.0
 30
0.0
 11
220050.0
 21
12800.0
 31
0.0
  0
ARC
  5
10BB
330
17
100
AcDbEntity
  8
KAPI-PENCERE
100
AcDbCircle
 10
219250.0
 20
12800.0
 30
0.0
 40
800.0
100
AcDbArc
 50
-0.0
 51
90.0
  0
LINE
  5
10BC
330
17
100
AcDbEntity
  8
DUVARLAR
100
AcDbLine
 10
221200.0
 20
8400.0
 30
0.0
 11
221200.0
 21
12400.0
 31
0.0
  0
LINE
  5
10BD
330
17
100
AcDbEntity
  8
DUVARLAR
100
AcDbLine
 10
221400.0
 20
8400.0
 30
0.0
 11
221400.0
 21
12200.0
 31
0.0
  0
LINE
  5
10BE
330
17
100
AcDbEntity
  8
DUVARLAR
100
AcDbLine
 10
222275.0
 20
100.0
 30
0.0
 11
222275.0
 21
3275.0
 31
0.0
  0
LINE
  5
10BF
330
17
100
AcDbEntity
  8
DUVARLAR
100
AcDbLine
 10
222425.0
 20
100.0
 30
0.0
 11
222425.0
 21
3275.0
 31
0.0
  0
LINE
  5
10C0
330
17
100
AcDbEntity
  8
DUVARLAR
100
AcDbLine
 10
224025.0
 20
1775.0
 30
0.0
 11
224025.0
 21
3275.0
 31
0.0
  0
LINE
  5
10C1
330
17
100
AcDbEntity
  8
DUVARLAR
100
AcDbLine
 10
224175.0
 20
1625.0
 30
0.0
 11
224175.0
 21
3275.0
 31
0.0
  0
LINE
  5
10C2
330
17
100
AcDbEntity
  8
DUVARLAR
100
AcDbLine
 10
224575.0
 20
1125.0
 30
0.0
 11
224575.0
 21
1625.0
 31
0.0
  0
LINE
  5
10C3
330
17
100
AcDbEntity
  8
DUVARLAR
100
AcDbLine
 10
224725.0
 20
975.0
 30
0.0
 11
224725.0
 21
1625.0
 31
0.0
  0
LINE
  5
10C4
330
17
100
AcDbEntity
  8
DUVARLAR
100
AcDbLine
 10
225200.0
 20
100.0
 30
0.0
 11
225200.0
 21
5300.0
 31
0.0
  0
LINE
  5
10C5
330
17
100
AcDbEntity
  8
DUVARLAR
100
AcDbLine
 10
225200.0
 20
6200.0
 30
0.0
 11
225200.0
 21
17400.0
 31
0.0
  0
LINE
  5
10C6
330
17
100
AcDbEntity
  8
DUVARLAR
100
AcDbLine
 10
225400.0
 20
100.0
 30
0.0
 11
225400.0
 21
5300.0
 31
0.0
  0
LINE
  5
10C7
330
17
100
AcDbEntity
  8
DUVARLAR
100
AcDbLine
 10
225400.0
 20
6200.0
 30
0.0
 11
225400.0
 21
17400.0
 31
0.0
  0
LINE
  5
10C8
330
17
100
AcDbEntity
  8
DUVARLAR
100
AcDbLine
 10
225200.0
 20
5300.0
 30
0.0
 11
225400.0
 21
5300.0
 31
0.0
  0
LINE
  5
10C9
330
17
100
AcDbEntity
  8
DUVARLAR
100
AcDbLine
 10
225200.0
 20
6200.0
 30
0.0
 11
225400.0
 21
6200.0
 31
0.0
  0
LINE
  5
10CA
330
17
100
AcDbEntity
  8
KAPI-PENCERE
100
AcDbLine
 10
225300.0
 20
5300.0
 30
0.0
 11
226200.0
 21
5300.0
 31
0.0
  0
ARC
  5
10CB
330
17
100
AcDbEntity
  8
KAPI-PENCERE
100
AcDbCircle
 10
225300.0
 20
5300.0
 30
0.0
 40
900.0
100
AcDbArc
 50
-0.0
 51
90.0
  0
LINE
  5
10CC
330
17
100
AcDbEntity
  8
DUVARLAR
100
AcDbLine
 10
227125.0
 20
4375.0
 30
0.0
 11
227125.0
 21
6400.0
 31
0.0
  0
LINE
  5
10CD
330
17
100
AcDbEntity
  8
DUVARLAR
100
AcDbLine
 10
227125.0
 20
7200.0
 30
0.0
 11
227125.0
 21
9850.0
 31
0.0
  0
LINE
  5
10CE
330
17
100
AcDbEntity
  8
DUVARLAR
100
AcDbLine
 10
227125.0
 20
10550.0
 30
0.0
 11
227125.0
 21
11350.0
 31
0.0
  0
LINE
  5
10CF
330
17
100
AcDbEntity
  8
DUVARLAR
100
AcDbLine
 10
227125.0
 20
12050.0
 30
0.0
 11
227125.0
 21
13225.0
 31
0.0
  0
LINE
  5
10D0
330
17
100
AcDbEntity
  8
DUVARLAR
100
AcDbLine
 10
227275.0
 20
4375.0
 30
0.0
 11
227275.0
 21
6400.0
 31
0.0
  0
LINE
  5
10D1
330
17
100
AcDbEntity
  8
DUVARLAR
100
AcDbLine
 10
227275.0
 20
7200.0
 30
0.0
 11
227275.0
 21
9850.0
 31
0.0
  0
LINE
  5
10D2
330
17
100
AcDbEntity
  8
DUVARLAR
100
AcDbLine
 10
227275.0
 20
10550.0
 30
0.0
 11
227275.0
 21
11350.0
 31
0.0
  0
LINE
  5
10D3
330
17
100
AcDbEntity
  8
DUVARLAR
100
AcDbLine
 10
227275.0
 20
12050.0
 30
0.0
 11
227275.0
 21
13225.0
 31
0.0
  0
LINE
  5
10D4
330
17
100
AcDbEntity
  8
DUVARLAR
100
AcDbLine
 10
227125.0
 20
6400.0
 30
0.0
 11
227275.0
 21
6400.0
 31
0.0
  0
LINE
  5
10D5
330
17
100
AcDbEntity
  8
DUVARLAR
100
AcDbLine
 10
227125.0
 20
7200.0
 30
0.0
 11
227275.0
 21
7200.0
 31
0.0
  0
LINE
  5
10D6
330
17
100
AcDbEntity
  8
KAPI-PENCERE
100
AcDbLine
 10
227200.0
 20
6400.0
 30
0.0
 11
228000.0
 21
6400.0
 31
0.0
  0
ARC
  5
10D7
330
17
100
AcDbEntity
  8
KAPI-PENCERE
100
AcDbCircle
 10
227200.0
 20
6400.0
 30
0.0
 40
800.0
100
AcDbArc
 50
-0.0
 51
90.0
  0
LINE
  5
10D8
330
17
100
AcDbEntity
  8
DUVARLAR
100
AcDbLine
 10
227125.0
 20
9850.0
 30
0.0
 11
227275.0
 21
9850.0
 31
0.0
  0
LINE
  5
10D9
330
17
100
AcDbEntity
  8
DUVARLAR
100
AcDbLine
 10
227125.0
 20
10550.0
 30
0.0
 11
227275.0
 21
10550.0
 31
0.0
  0
LINE
  5
10DA
330
17
100
AcDbEntity
  8
KAPI-PENCERE
100
AcDbLine
 10
227200.0
 20
9850.0
 30
0.0
 11
227900.0
 21
9850.0
 31
0.0
  0
ARC
  5
10DB
330
17
100
AcDbEntity
  8
KAPI-PENCERE
100
AcDbCircle
 10
227200.0
 20
9850.0
 30
0.0
 40
700.0
100
AcDbArc
 50
-0.0
 51
90.0
  0
LINE
  5
10DC
330
17
100
AcDbEntity
  8
DUVARLAR
100
AcDbLine
 10
227125.0
 20
11350.0
 30
0.0
 11
227275.0
 21
11350.0
 31
0.0
  0
LINE
  5
10DD
330
17
100
AcDbEntity
  8
DUVARLAR
100
AcDbLine
 10
227125.0
 20
12050.0
 30
0.0
 11
227275.0
 21
12050.0
 31
0.0
  0
LINE
  5
10DE
330
17
100
AcDbEntity
  8
KAPI-PENCERE
100
AcDbLine
 10
227200.0
 20
11350.0
 30
0.0
 11
227900.0
 21
11350.0
 31
0.0
  0
ARC
  5
10DF
330
17
100
AcDbEntity
  8
KAPI-PENCERE
100
AcDbCircle
 10
227200.0
 20
11350.0
 30
0.0
 40
700.0
100
AcDbArc
 50
-0.0
 51
90.0
  0
LINE
  5
10E0
330
17
100
AcDbEntity
  8
DUVARLAR
100
AcDbLine
 10
229175.0
 20
10650.0
 30
0.0
 11
229175.0
 21
11300.0
 31
0.0
  0
LINE
  5
10E1
330
17
100
AcDbEntity
  8
DUVARLAR
100
AcDbLine
 10
229325.0
 20
10500.0
 30
0.0
 11
229325.0
 21
11150.0
 31
0.0
  0
LINE
  5
10E2
330
17
100
AcDbEntity
  8
DUVARLAR
100
AcDbLine
 10
229825.0
 20
9575.0
 30
0.0
 11
229825.0
 21
13225.0
 31
0.0
  0
LINE
  5
10E3
330
17
100
AcDbEntity
  8
DUVARLAR
100
AcDbLine
 10
229975.0
 20
9425.0
 30
0.0
 11
229975.0
 21
13225.0
 31
0.0
  0
LINE
  5
10E4
330
17
100
AcDbEntity
  8
DUVARLAR
100
AcDbLine
 10
232150.0
 20
100.0
 30
0.0
 11
232150.0
 21
1450.0
 31
0.0
  0
LINE
  5
10E5
330
17
100
AcDbEntity
  8
DUVARLAR
100
AcDbLine
 10
232150.0
 20
2850.0
 30
0.0
 11
232150.0
 21
6000.0
 31
0.0
  0
LINE
  5
10E6
330
17
100
AcDbEntity
  8
DUVARLAR
100
AcDbLine
 10
232150.0
 20
7800.0
 30
0.0
 11
232150.0
 21
10800.0
 31
0.0
  0
LINE
  5
10E7
330
17
100
AcDbEntity
  8
DUVARLAR
100
AcDbLine
 10
232150.0
 20
12000.0
 30
0.0
 11
232150.0
 21
14700.0
 31
0.0
  0
LINE
  5
10E8
330
17
100
AcDbEntity
  8
DUVARLAR
100
AcDbLine
 10
232150.0
 20
16100.0
 30
0.0
 11
232150.0
 21
17400.0
 31
0.0
  0
LINE
  5
10E9
330
17
100
AcDbEntity
  8
DUVARLAR
100
AcDbLine
 10
232350.0
 20
-100.0
 30
0.0
 11
232350.0
 21
1450.0
 31
0.0
  0
LINE
  5
10EA
330
17
100
AcDbEntity
  8
DUVARLAR
100
AcDbLine
 10
232350.0
 20
2850.0
 30
0.0
 11
232350.0
 21
6000.0
 31
0.0
  0
LINE
  5
10EB
330
17
100
AcDbEntity
  8
DUVARLAR
100
AcDbLine
 10
232350.0
 20
7800.0
 30
0.0
 11
232350.0
 21
10800.0
 31
0.0
  0
LINE
  5
10EC
330
17
100
AcDbEntity
  8
DUVARLAR
100
AcDbLine
 10
232350.0
 20
12000.0
 30
0.0
 11
232350.0
 21
14700.0
 31
0.0
  0
LINE
  5
10ED
330
17
100
AcDbEntity
  8
DUVARLAR
100
AcDbLine
 10
232350.0
 20
16100.0
 30
0.0
 11
232350.0
 21
17600.0
 31
0.0
  0
LINE
  5
10EE
330
17
100
AcDbEntity
  8
DUVARLAR
100
AcDbLine
 10
232150.0
 20
1450.0
 30
0.0
 11
232350.0
 21
1450.0
 31
0.0
  0
LINE
  5
10EF
330
17
100
AcDbEntity
  8
DUVARLAR
100
AcDbLine
 10
232150.0
 20
2850.0
 30
0.0
 11
232350.0
 21
2850.0
 31
0.0
  0
LINE
  5
10F0
330
17
100
AcDbEntity
  8
KAPI-PENCERE
100
AcDbLine
 10
232300.0
 20
1450.0
 30
0.0
 11
232300.0
 21
2850.0
 31
0.0
  0
LINE
  5
10F1
330
17
100
AcDbEntity
  8
KAPI-PENCERE
100
AcDbLine
 10
232200.0
 20
1450.0
 30
0.0
 11
232200.0
 21
2850.0
 31
0.0
  0
LINE
  5
10F2
330
17
100
AcDbEntity
  8
DUVARLAR
100
AcDbLine
 10
232150.0
 20
6000.0
 30
0.0
 11
232350.0
 21
6000.0
 31
0.0
  0
LINE
  5
10F3
330
17
100
AcDbEntity
  8
DUVARLAR
100
AcDbLine
 10
232150.0
 20
7800.0
 30
0.0
 11
232350.0
 21
7800.0
 31
0.0
  0
LINE
  5
10F4
330
17
100
AcDbEntity
  8
KAPI-PENCERE
100
AcDbLine
 10
232300.0
 20
6000.0
 30
0.0
 11
232300.0
 21
7800.0
 31
0.0
  0
LINE
  5
10F5
330
17
100
AcDbEntity
  8
KAPI-PENCERE
100
AcDbLine
 10
232200.0
 20
6000.0
 30
0.0
 11
232200.0
 21
7800.0
 31
0.0
  0
LINE
  5
10F6
330
17
100
AcDbEntity
  8
DUVARLAR
100
AcDbLine
 10
232150.0
 20
10800.0
 30
0.0
 11
232350.0
 21
10800.0
 31
0.0
  0
LINE
  5
10F7
330
17
100
AcDbEntity
  8
DUVARLAR
100
AcDbLine
 10
232150.0
 20
12000.0
 30
0.0
 11
232350.0
 21
12000.0
 31
0.0
  0
LINE
  5
10F8
330
17
100
AcDbEntity
  8
KAPI-PENCERE
100
AcDbLine
 10
232300.0
 20
10800.0
 30
0.0
 11
232300.0
 21
12000.0
 31
0.0
  0
LINE
  5
10F9
330
17
100
AcDbEntity
  8
KAPI-PENCERE
100
AcDbLine
 10
232200.0
 20
10800.0
 30
0.0
 11
232200.0
 21
12000.0
 31
0.0
  0
LINE
  5
10FA
330
17
100
AcDbEntity
  8
DUVARLAR
100
AcDbLine
 10
232150.0
 20
14700.0
 30
0.0
 11
232350.0
 21
14700.0
 31
0.0
  0
LINE
  5
10FB
330
17
100
AcDbEntity
  8
DUVARLAR
100
AcDbLine
 10
232150.0
 20
16100.0
 30
0.0
 11
232350.0
 21
16100.0
 31
0.0
  0
LINE
  5
10FC
330
17
100
AcDbEntity
  8
KAPI-PENCERE
100
AcDbLine
 10
232300.0
 20
14700.0
 30
0.0
 11
232300.0
 21
16100.0
 31
0.0
  0
LINE
  5
10FD
330
17
100
AcDbEntity
  8
KAPI-PENCERE
100
AcDbLine
 10
232200.0
 20
14700.0
 30
0.0
 11
232200.0
 21
16100.0
 31
0.0
  0
INSERT
  5
10FE
330
17
100
AcDbEntity
  8
METIN
100
AcDbBlockReference
 66
1
  2
MAHAL_ETIKET
 10
220250.0
 20
9800.0
 30
0.0
 41
2.0
 42
2.0
  0
ATTRIB
  5
1100
330
17
100
AcDbEntity
  8
METIN
100
AcDbText
 10
220250.0
 20
10036.0
 30
0.0
 40
200.0
  1
ASANSOR
 72
1
 11
220250.0
 21
10036.0
 31
0.0
100
AcDbAttribute
  2
MAHAL_ADI
 70
0
 74
2
  0
ATTRIB
  5
1101
330
17
100
AcDbEntity
  8
METIN
100
AcDbText
 10
220250.0
 20
9778.0
 30
0.0
 40
156.0
  1
K5-01
 72
1
 11
220250.0
 21
9778.0
 31
0.0
100
AcDbAttribute
  2
MAHAL_KOD
 70
0
 74
2
  0
ATTRIB
  5
1102
330
17
100
AcDbEntity
  8
METIN
100
AcDbText
 10
220250.0
 20
9542.0
 30
0.0
 40
156.0
  1
5.3 m2
 72
1
 11
220250.0
 21
9542.0
 31
0.0
100
AcDbAttribute
  2
ALAN
 70
0
 74
2
  0
SEQEND
  5
10FF
330
10FE
100
AcDbEntity
  8
METIN
  0
INSERT
  5
1103
330
17
100
AcDbEntity
  8
METIN
100
AcDbBlockReference
 66
1
  2
MAHAL_ETIKET
 10
223300.0
 20
10300.0
 30
0.0
 41
2.0
 42
2.0
  0
ATTRIB
  5
1105
330
17
100
AcDbEntity
  8
METIN
100
AcDbText
 10
223300.0
 20
10536.0
 30
0.0
 40
200.0
  1
MERDIVEN
 72
1
 11
223300.0
 21
10536.0
 31
0.0
100
AcDbAttribute
  2
MAHAL_ADI
 70
0
 74
2
  0
ATTRIB
  5
1106
330
17
100
AcDbEntity
  8
METIN
100
AcDbText
 10
223300.0
 20
10278.0
 30
0.0
 40
156.0
  1
K5-02
 72
1
 11
223300.0
 21
10278.0
 31
0.0
100
AcDbAttribute
  2
MAHAL_KOD
 70
0
 74
2
  0
ATTRIB
  5
1107
330
17
100
AcDbEntity
  8
METIN
100
AcDbText
 10
223300.0
 20
10042.0
 30
0.0
 40
156.0
  1
14.4 m2
 72
1
 11
223300.0
 21
10042.0
 31
0.0
100
AcDbAttribute
  2
ALAN
 70
0
 74
2
  0
SEQEND
  5
1104
330
1103
100
AcDbEntity
  8
METIN
  0
INSERT
  5
1108
330
17
100
AcDbEntity
  8
METIN
100
AcDbBlockReference
 66
1
  2
MAHAL_ETIKET
 10
222250.0
 20
6775.0
 30
0.0
 41
2.0
 42
2.0
  0
ATTRIB
  5
110A
330
17
100
AcDbEntity
  8
METIN
100
AcDbText
 10
222250.0
 20
7011.0
 30
0.0
 40
200.0
  1
KAT HOLU
 72
1
 11
222250.0
 21
7011.0
 31
0.0
100
AcDbAttribute
  2
MAHAL_ADI
 70
0
 74
2
  0
ATTRIB
  5
110B
330
17
100
AcDbEntity
  8
METIN
100
AcDbText
 10
222250.0
 20
6753.0
 30
0.0
 40
156.0
  1
K5-03
 72
1
 11
222250.0
 21
6753.0
 31
0.0
100
AcDbAttribute
  2
MAHAL_KOD
 70
0
 74
2
  0
ATTRIB
  5
110C
330
17
100
AcDbEntity
  8
METIN
100
AcDbText
 10
222250.0
 20
6517.0
 30
0.0
 40
156.0
  1
16.8 m2
 72
1
 11
222250.0
 21
6517.0
 31
0.0
100
AcDbAttribute
  2
ALAN
 70
0
 74
2
  0
SEQEND
  5
1109
330
1108
100
AcDbEntity
  8
METIN
  0
INSERT
  5
110D
330
17
100
AcDbEntity
  8
METIN
100
AcDbBlockReference
 66
1
  2
MAHAL_ETIKET
 10
226250.0
 20
8800.0
 30
0.0
 41
2.0
 42
2.0
  0
ATTRIB
  5
110F
330
17
100
AcDbEntity
  8
METIN
100
AcDbText
 10
226250.0
 20
9036.0
 30
0.0
 40
200.0
  1
HOL
 72
1
 11
226250.0
 21
9036.0
 31
0.0
100
AcDbAttribute
  2
MAHAL_ADI
 70
0
 74
2
  0
ATTRIB
  5
1110
330
17
100
AcDbEntity
  8
METIN
100
AcDbText
 10
226250.0
 20
8778.0
 30
0.0
 40
156.0
  1
K5-04
 72
1
 11
226250.0
 21
8778.0
 31
0.0
100
AcDbAttribute
  2
MAHAL_KOD
 70
0
 74
2
  0
ATTRIB
  5
1111
330
17
100
AcDbEntity
  8
METIN
100
AcDbText
 10
226250.0
 20
8542.0
 30
0.0
 40
156.0
  1
15.3 m2
 72
1
 11
226250.0
 21
8542.0
 31
0.0
100
AcDbAttribute
  2
ALAN
 70
0
 74
2
  0
SEQEND
  5
110E
330
110D
100
AcDbEntity
  8
METIN
  0
INSERT
  5
1112
330
17
100
AcDbEntity
  8
METIN
100
AcDbBlockReference
 66
1
  2
MAHAL_ETIKET
 10
228775.0
 20
2150.0
 30
0.0
 41
2.0
 42
2.0
  0
ATTRIB
  5
1114
330
17
100
AcDbEntity
  8
METIN
100
AcDbText
 10
228775.0
 20
2386.0
 30
0.0
 40
200.0
  1
ODA 2
 72
1
 11
228775.0
 21
2386.0
 31
0.0
100
AcDbAttribute
  2
MAHAL_ADI
 70
0
 74
2
  0
ATTRIB
  5
1115
330
17
100
AcDbEntity
  8
METIN
100
AcDbText
 10
228775.0
 20
2128.0
 30
0.0
 40
156.0
  1
K5-05
 72
1
 11
228775.0
 21
2128.0
 31
0.0
100
AcDbAttribute
  2
MAHAL_KOD
 70
0
 74
2
  0
ATTRIB
  5
1116
330
17
100
AcDbEntity
  8
METIN
100
AcDbText
 10
228775.0
 20
1892.0
 30
0.0
 40
156.0
  1
27.8 m2
 72
1
 11
228775.0
 21
1892.0
 31
0.0
100
AcDbAttribute
  2
ALAN
 70
0
 74
2
  0
SEQEND
  5
1113
330
1112
100
AcDbEntity
  8
METIN
  0
INSERT
  5
1117
330
17
100
AcDbEntity
  8
METIN
100
AcDbBlockReference
 66
1
  2
MAHAL_ETIKET
 10
229725.0
 20
6900.0
 30
0.0
 41
2.0
 42
2.0
  0
ATTRIB
  5
1119
330
17
100
AcDbEntity
  8
METIN
100
AcDbText
 10
229725.0
 20
7136.0
 30
0.0
 40
200.0
  1
SALON
 72
1
 11
229725.0
 21
7136.0
 31
0.0
100
AcDbAttribute
  2
MAHAL_ADI
 70
0
 74
2
  0
ATTRIB
  5
111A
330
17
100
AcDbEntity
  8
METIN
100
AcDbText
 10
229725.0
 20
6878.0
 30
0.0
 40
156.0
  1
K5-06
 72
1
 11
229725.0
 21
6878.0
 31
0.0
100
AcDbAttribute
  2
MAHAL_KOD
 70
0
 74
2
  0
ATTRIB
  5
111B
330
17
100
AcDbEntity
  8
METIN
100
AcDbText
 10
229725.0
 20
6642.0
 30
0.0
 40
156.0
  1
24.6 m2
 72
1
 11
229725.0
 21
6642.0
 31
0.0
100
AcDbAttribute
  2
ALAN
 70
0
 74
2
  0
SEQEND
  5
1118
330
1117
100
AcDbEntity
  8
METIN
  0
INSERT
  5
111C
330
17
100
AcDbEntity
  8
METIN
100
AcDbBlockReference
 66
1
  2
MAHAL_ETIKET
 10
228550.0
 20
10200.0
 30
0.0
 41
2.0
 42
2.0
  0
ATTRIB
  5
111E
330
17
100
AcDbEntity
  8
METIN
100
AcDbText
 10
228550.0
 20
10436.0
 30
0.0
 40
200.0
  1
WC
 72
1
 11
228550.0
 21
10436.0
 31
0.0
100
AcDbAttribute
  2
MAHAL_ADI
 70
0
 74
2
  0
ATTRIB
  5
111F
330
17
100
AcDbEntity
  8
METIN
100
AcDbText
 10
228550.0
 20
10178.0
 30
0.0
 40
156.0
  1
K5-07
 72
1
 11
228550.0
 21
10178.0
 31
0.0
100
AcDbAttribute
  2
MAHAL_KOD
 70
0
 74
2
  0
ATTRIB
  5
1120
330
17
100
AcDbEntity
  8
METIN
100
AcDbText
 10
228550.0
 20
9942.0
 30
0.0
 40
156.0
  1
3.0 m2
 72
1
 11
228550.0
 21
9942.0
 31
0.0
100
AcDbAttribute
  2
ALAN
 70
0
 74
2
  0
SEQEND
  5
111D
330
111C
100
AcDbEntity
  8
METIN
  0
INSERT
  5
1121
330
17
100
AcDbEntity
  8
METIN
100
AcDbBlockReference
 66
1
  2
MAHAL_ETIKET
 10
228400.0
 20
12100.0
 30
0.0
 41
2.0
 42
2.0
  0
ATTRIB
  5
1123
330
17
100
AcDbEntity
  8
METIN
100
AcDbText
 10
228400.0
 20
12336.0
 30
0.0
 40
200.0
  1
BANYO
 72
1
 11
228400.0
 21
12336.0
 31
0.0
100
AcDbAttribute
  2
MAHAL_ADI
 70
0
 74
2
  0
ATTRIB
  5
1124
330
17
100
AcDbEntity
  8
METIN
100
AcDbText
 10
228400.0
 20
12078.0
 30
0.0
 40
156.0
  1
K5-08
 72
1
 11
228400.0
 21
12078.0
 31
0.0
100
AcDbAttribute
  2
MAHAL_KOD
 70
0
 74
2
  0
ATTRIB
  5
1125
330
17
100
AcDbEntity
  8
METIN
100
AcDbText
 10
228400.0
 20
11842.0
 30
0.0
 40
156.0
  1
5.5 m2
 72
1
 11
228400.0
 21
11842.0
 31
0.0
100
AcDbAttribute
  2
ALAN
 70
0
 74
2
  0
SEQEND
  5
1122
330
1121
100
AcDbEntity
  8
METIN
  0
INSERT
  5
1126
330
17
100
AcDbEntity
  8
METIN
100
AcDbBlockReference
 66
1
  2
MAHAL_ETIKET
 10
229575.0
 20
10900.0
 30
0.0
 41
0.6640655579040258
 42
0.6640655579040258
  0
ATTRIB
  5
1128
330
17
100
AcDbEntity
  8
METIN
100
AcDbText
 10
229575.0
 20
10978.359735832675
 30
0.0
 40
66.40655579040258
  1
SAFT
 72
1
 11
229575.0
 21
10978.359735832675
 31
0.0
100
AcDbAttribute
  2
MAHAL_ADI
 70
0
 74
2
  0
ATTRIB
  5
1129
330
17
100
AcDbEntity
  8
METIN
100
AcDbText
 10
229575.0
 20
10892.695278863055
 30
0.0
 40
51.79711351651401
  1
K5-09
 72
1
 11
229575.0
 21
10892.695278863055
 31
0.0
100
AcDbAttribute
  2
MAHAL_KOD
 70
0
 74
2
  0
ATTRIB
  5
112A
330
17
100
AcDbEntity
  8
METIN
100
AcDbText
 10
229575.0
 20
10814.33554303038
 30
0.0
 40
51.79711351651401
  1
0.2 m2
 72
1
 11
229575.0
 21
10814.33554303038
 31
0.0
100
AcDbAttribute
  2
ALAN
 70
0
 74
2
  0
SEQEND
  5
1127
330
1126
100
AcDbEntity
  8
METIN
  0
INSERT
  5
112B
330
17
100
AcDbEntity
  8
METIN
100
AcDbBlockReference
 66
1
  2
MAHAL_ETIKET
 10
231075.0
 20
11400.0
 30
0.0
 41
2.0
 42
2.0
  0
ATTRIB
  5
112D
330
17
100
AcDbEntity
  8
METIN
100
AcDbText
 10
231075.0
 20
11636.0
 30
0.0
 40
200.0
  1
MUTFAK
 72
1
 11
231075.0
 21
11636.0
 31
0.0
100
AcDbAttribute
  2
MAHAL_ADI
 70
0
 74
2
  0
ATTRIB
  5
112E
330
17
100
AcDbEntity
  8
METIN
100
AcDbText
 10
231075.0
 20
11378.0
 30
0.0
 40
156.0
  1
K5-10
 72
1
 11
231075.0
 21
11378.0
 31
0.0
100
AcDbAttribute
  2
MAHAL_KOD
 70
0
 74
2
  0
ATTRIB
  5
112F
330
17
100
AcDbEntity
  8
METIN
100
AcDbText
 10
231075.0
 20
11142.0
 30
0.0
 40
156.0
  1
8.1 m2
 72
1
 11
231075.0
 21
11142.0
 31
0.0
100
AcDbAttribute
  2
ALAN
 70
0
 74
2
  0
SEQEND
  5
112C
330
112B
100
AcDbEntity
  8
METIN
  0
INSERT
  5
1130
330
17
100
AcDbEntity
  8
METIN
100
AcDbBlockReference
 66
1
  2
MAHAL_ETIKET
 10
228775.0
 20
15400.0
 30
0.0
 41
2.0
 42
2.0
  0
ATTRIB
  5
1132
330
17
100
AcDbEntity
  8
METIN
100
AcDbText
 10
228775.0
 20
15636.0
 30
0.0
 40
200.0
  1
ODA 1
 72
1
 11
228775.0
 21
15636.0
 31
0.0
100
AcDbAttribute
  2
MAHAL_ADI
 70
0
 74
2
  0
ATTRIB
  5
1133
330
17
100
AcDbEntity
  8
METIN
100
AcDbText
 10
228775.0
 20
15378.0
 30
0.0
 40
156.0
  1
K5-11
 72
1
 11
228775.0
 21
15378.0
 31
0.0
100
AcDbAttribute
  2
MAHAL_KOD
 70
0
 74
2
  0
ATTRIB
  5
1134
330
17
100
AcDbEntity
  8
METIN
100
AcDbText
 10
228775.0
 20
15142.0
 30
0.0
 40
156.0
  1
27.2 m2
 72
1
 11
228775.0
 21
15142.0
 31
0.0
100
AcDbAttribute
  2
ALAN
 70
0
 74
2
  0
SEQEND
  5
1131
330
1130
100
AcDbEntity
  8
METIN
  0
INSERT
  5
1135
330
17
100
AcDbEntity
  8
METIN
100
AcDbBlockReference
 66
1
  2
MAHAL_ETIKET
 10
218274.52392578125
 20
12605.82275390625
 30
0.0
 41
2.0
 42
2.0
  0
ATTRIB
  5
1137
330
17
100
AcDbEntity
  8
METIN
100
AcDbText
 10
218274.52392578125
 20
12841.82275390625
 30
0.0
 40
200.0
  1
HOL
 72
1
 11
218274.52392578125
 21
12841.82275390625
 31
0.0
100
AcDbAttribute
  2
MAHAL_ADI
 70
0
 74
2
  0
ATTRIB
  5
1138
330
17
100
AcDbEntity
  8
METIN
100
AcDbText
 10
218274.52392578125
 20
12583.82275390625
 30
0.0
 40
156.0
  1
K5-12
 72
1
 11
218274.52392578125
 21
12583.82275390625
 31
0.0
100
AcDbAttribute
  2
MAHAL_KOD
 70
0
 74
2
  0
ATTRIB
  5
1139
330
17
100
AcDbEntity
  8
METIN
100
AcDbText
 10
218274.52392578125
 20
12347.82275390625
 30
0.0
 40
156.0
  1
15.3 m2
 72
1
 11
218274.52392578125
 21
12347.82275390625
 31
0.0
100
AcDbAttribute
  2
ALAN
 70
0
 74
2
  0
SEQEND
  5
1136
330
1135
100
AcDbEntity
  8
METIN
  0
INSERT
  5
113A
330
17
100
AcDbEntity
  8
METIN
100
AcDbBlockReference
 66
1
  2
MAHAL_ETIKET
 10
214775.0
 20
7025.0
 30
0.0
 41
2.0
 42
2.0
  0
ATTRIB
  5
113C
330
17
100
AcDbEntity
  8
METIN
100
AcDbText
 10
214775.0
 20
7261.0
 30
0.0
 40
200.0
  1
ODA 2
 72
1
 11
214775.0
 21
7261.0
 31
0.0
100
AcDbAttribute
  2
MAHAL_ADI
 70
0
 74
2
  0
ATTRIB
  5
113D
330
17
100
AcDbEntity
  8
METIN
100
AcDbText
 10
214775.0
 20
7003.0
 30
0.0
 40
156.0
  1
K5-13
 72
1
 11
214775.0
 21
7003.0
 31
0.0
100
AcDbAttribute
  2
MAHAL_KOD
 70
0
 74
2
  0
ATTRIB
  5
113E
330
17
100
AcDbEntity
  8
METIN
100
AcDbText
 10
214775.0
 20
6767.0
 30
0.0
 40
156.0
  1
16.5 m2
 72
1
 11
214775.0
 21
6767.0
 31
0.0
100
AcDbAttribute
  2
ALAN
 70
0
 74
2
  0
SEQEND
  5
113B
330
113A
100
AcDbEntity
  8
METIN
  0
INSERT
  5
113F
330
17
100
AcDbEntity
  8
METIN
100
AcDbBlockReference
 66
1
  2
MAHAL_ETIKET
 10
213475.6591796875
 20
10874.5361328125
 30
0.0
 41
2.0
 42
2.0
  0
ATTRIB
  5
1141
330
17
100
AcDbEntity
  8
METIN
100
AcDbText
 10
213475.6591796875
 20
11110.5361328125
 30
0.0
 40
200.0
  1
GIYINME
 72
1
 11
213475.6591796875
 21
11110.5361328125
 31
0.0
100
AcDbAttribute
  2
MAHAL_ADI
 70
0
 74
2
  0
ATTRIB
  5
1142
330
17
100
AcDbEntity
  8
METIN
100
AcDbText
 10
213475.6591796875
 20
10852.5361328125
 30
0.0
 40
156.0
  1
K5-14
 72
1
 11
213475.6591796875
 21
10852.5361328125
 31
0.0
100
AcDbAttribute
  2
MAHAL_KOD
 70
0
 74
2
  0
ATTRIB
  5
1143
330
17
100
AcDbEntity
  8
METIN
100
AcDbText
 10
213475.6591796875
 20
10616.5361328125
 30
0.0
 40
156.0
  1
8.5 m2
 72
1
 11
213475.6591796875
 21
10616.5361328125
 31
0.0
100
AcDbAttribute
  2
ALAN
 70
0
 74
2
  0
SEQEND
  5
1140
330
113F
100
AcDbEntity
  8
METIN
  0
INSERT
  5
1144
330
17
100
AcDbEntity
  8
METIN
100
AcDbBlockReference
 66
1
  2
MAHAL_ETIKET
 10
216300.0
 20
9500.0
 30
0.0
 41
2.0
 42
2.0
  0
ATTRIB
  5
1146
330
17
100
AcDbEntity
  8
METIN
100
AcDbText
 10
216300.0
 20
9736.0
 30
0.0
 40
200.0
  1
WC
 72
1
 11
216300.0
 21
9736.0
 31
0.0
100
AcDbAttribute
  2
MAHAL_ADI
 70
0
 74
2
  0
ATTRIB
  5
1147
330
17
100
AcDbEntity
  8
METIN
100
AcDbText
 10
216300.0
 20
9478.0
 30
0.0
 40
156.0
  1
K5-15
 72
1
 11
216300.0
 21
9478.0
 31
0.0
100
AcDbAttribute
  2
MAHAL_KOD
 70
0
 74
2
  0
ATTRIB
  5
1148
330
17
100
AcDbEntity
  8
METIN
100
AcDbText
 10
216300.0
 20
9242.0
 30
0.0
 40
156.0
  1
2.3 m2
 72
1
 11
216300.0
 21
9242.0
 31
0.0
100
AcDbAttribute
  2
ALAN
 70
0
 74
2
  0
SEQEND
  5
1145
330
1144
100
AcDbEntity
  8
METIN
  0
INSERT
  5
1149
330
17
100
AcDbEntity
  8
METIN
100
AcDbBlockReference
 66
1
  2
MAHAL_ETIKET
 10
216300.0
 20
11150.0
 30
0.0
 41
2.0
 42
2.0
  0
ATTRIB
  5
114B
330
17
100
AcDbEntity
  8
METIN
100
AcDbText
 10
216300.0
 20
11386.0
 30
0.0
 40
200.0
  1
BANYO
 72
1
 11
216300.0
 21
11386.0
 31
0.0
100
AcDbAttribute
  2
MAHAL_ADI
 70
0
 74
2
  0
ATTRIB
  5
114C
330
17
100
AcDbEntity
  8
METIN
100
AcDbText
 10
216300.0
 20
11128.0
 30
0.0
 40
156.0
  1
K5-16
 72
1
 11
216300.0
 21
11128.0
 31
0.0
100
AcDbAttribute
  2
MAHAL_KOD
 70
0
 74
2
  0
ATTRIB
  5
114D
330
17
100
AcDbEntity
  8
METIN
100
AcDbText
 10
216300.0
 20
10892.0
 30
0.0
 40
156.0
  1
3.2 m2
 72
1
 11
216300.0
 21
10892.0
 31
0.0
100
AcDbAttribute
  2
ALAN
 70
0
 74
2
  0
SEQEND
  5
114A
330
1149
100
AcDbEntity
  8
METIN
  0
INSERT
  5
114E
330
17
100
AcDbEntity
  8
METIN
100
AcDbBlockReference
 66
1
  2
MAHAL_ETIKET
 10
214975.0
 20
10200.0
 30
0.0
 41
0.6640655579040258
 42
0.6640655579040258
  0
ATTRIB
  5
1150
330
17
100
AcDbEntity
  8
METIN
100
AcDbText
 10
214975.0
 20
10278.359735832675
 30
0.0
 40
66.40655579040258
  1
SAFT
 72
1
 11
214975.0
 21
10278.359735832675
 31
0.0
100
AcDbAttribute
  2
MAHAL_ADI
 70
0
 74
2
  0
ATTRIB
  5
1151
330
17
100
AcDbEntity
  8
METIN
100
AcDbText
 10
214975.0
 20
10192.695278863055
 30
0.0
 40
51.79711351651401
  1
K5-17
 72
1
 11
214975.0
 21
10192.695278863055
 31
0.0
100
AcDbAttribute
  2
MAHAL_KOD
 70
0
 74
2
  0
ATTRIB
  5
1152
330
17
100
AcDbEntity
  8
METIN
100
AcDbText
 10
214975.0
 20
10114.33554303038
 30
0.0
 40
51.79711351651401
  1
0.2 m2
 72
1
 11
214975.0
 21
10114.33554303038
 31
0.0
100
AcDbAttribute
  2
ALAN
 70
0
 74
2
  0
SEQEND
  5
114F
330
114E
100
AcDbEntity
  8
METIN
  0
INSERT
  5
1153
330
17
100
AcDbEntity
  8
METIN
100
AcDbBlockReference
 66
1
  2
MAHAL_ETIKET
 10
220250.00000000003
 20
11800.0
 30
0.0
 41
1.7857142857142856
 42
1.7857142857142856
  0
ATTRIB
  5
1155
330
17
100
AcDbEntity
  8
METIN
100
AcDbText
 10
220250.00000000003
 20
12010.714285714286
 30
0.0
 40
178.57142857142856
  1
DEPO
 72
1
 11
220250.00000000003
 21
12010.714285714286
 31
0.0
100
AcDbAttribute
  2
MAHAL_ADI
 70
0
 74
2
  0
ATTRIB
  5
1156
330
17
100
AcDbEntity
  8
METIN
100
AcDbText
 10
220250.00000000003
 20
11780.357142857143
 30
0.0
 40
139.28571428571428
  1
K5-18
 72
1
 11
220250.00000000003
 21
11780.357142857143
 31
0.0
100
AcDbAttribute
  2
MAHAL_KOD
 70
0
 74
2
  0
ATTRIB
  5
1157
330
17
100
AcDbEntity
  8
METIN
100
AcDbText
 10
220250.00000000003
 20
11569.642857142857
 30
0.0
 40
139.28571428571428
  1
1.6 m2
 72
1
 11
220250.00000000003
 21
11569.642857142857
 31
0.0
100
AcDbAttribute
  2
ALAN
 70
0
 74
2
  0
SEQEND
  5
1154
330
1153
100
AcDbEntity
  8
METIN
  0
INSERT
  5
1158
330
17
100
AcDbEntity
  8
METIN
100
AcDbBlockReference
 66
1
  2
MAHAL_ETIKET
 10
214775.0
 20
14799.999999999998
 30
0.0
 41
2.0
 42
2.0
  0
ATTRIB
  5
115A
330
17
100
AcDbEntity
  8
METIN
100
AcDbText
 10
214775.0
 20
15035.999999999998
 30
0.0
 40
200.0
  1
SALON
 72
1
 11
214775.0
 21
15035.999999999998
 31
0.0
100
AcDbAttribute
  2
MAHAL_ADI
 70
0
 74
2
  0
ATTRIB
  5
115B
330
17
100
AcDbEntity
  8
METIN
100
AcDbText
 10
214775.0
 20
14777.999999999998
 30
0.0
 40
156.0
  1
K5-19
 72
1
 11
214775.0
 21
14777.999999999998
 31
0.0
100
AcDbAttribute
  2
MAHAL_KOD
 70
0
 74
2
  0
ATTRIB
  5
115C
330
17
100
AcDbEntity
  8
METIN
100
AcDbText
 10
214775.0
 20
14541.999999999998
 30
0.0
 40
156.0
  1
25.5 m2
 72
1
 11
214775.0
 21
14541.999999999998
 31
0.0
100
AcDbAttribute
  2
ALAN
 70
0
 74
2
  0
SEQEND
  5
1159
330
1158
100
AcDbEntity
  8
METIN
  0
INSERT
  5
115D
330
17
100
AcDbEntity
  8
METIN
100
AcDbBlockReference
 66
1
  2
MAHAL_ETIKET
 10
218275.0
 20
15850.0
 30
0.0
 41
2.0
 42
2.0
  0
ATTRIB
  5
115F
330
17
100
AcDbEntity
  8
METIN
100
AcDbText
 10
218275.0
 20
16086.0
 30
0.0
 40
200.0
  1
MUTFAK
 72
1
 11
218275.0
 21
16086.0
 31
0.0
100
AcDbAttribute
  2
MAHAL_ADI
 70
0
 74
2
  0
ATTRIB
  5
1160
330
17
100
AcDbEntity
  8
METIN
100
AcDbText
 10
218275.0
 20
15828.0
 30
0.0
 40
156.0
  1
K5-20
 72
1
 11
218275.0
 21
15828.0
 31
0.0
100
AcDbAttribute
  2
MAHAL_KOD
 70
0
 74
2
  0
ATTRIB
  5
1161
330
17
100
AcDbEntity
  8
METIN
100
AcDbText
 10
218275.0
 20
15592.0
 30
0.0
 40
156.0
  1
5.9 m2
 72
1
 11
218275.0
 21
15592.0
 31
0.0
100
AcDbAttribute
  2
ALAN
 70
0
 74
2
  0
SEQEND
  5
115E
330
115D
100
AcDbEntity
  8
METIN
  0
INSERT
  5
1162
330
17
100
AcDbEntity
  8
METIN
100
AcDbBlockReference
 66
1
  2
MAHAL_ETIKET
 10
222275.0
 20
14900.0
 30
0.0
 41
2.0
 42
2.0
  0
ATTRIB
  5
1164
330
17
100
AcDbEntity
  8
METIN
100
AcDbText
 10
222275.0
 20
15136.0
 30
0.0
 40
200.0
  1
ODA 1
 72
1
 11
222275.0
 21
15136.0
 31
0.0
100
AcDbAttribute
  2
MAHAL_ADI
 70
0
 74
2
  0
ATTRIB
  5
1165
330
17
100
AcDbEntity
  8
METIN
100
AcDbText
 10
222275.0
 20
14878.0
 30
0.0
 40
156.0
  1
K5-21
 72
1
 11
222275.0
 21
14878.0
 31
0.0
100
AcDbAttribute
  2
MAHAL_KOD
 70
0
 74
2
  0
ATTRIB
  5
1166
330
17
100
AcDbEntity
  8
METIN
100
AcDbText
 10
222275.0
 20
14642.0
 30
0.0
 40
156.0
  1
29.4 m2
 72
1
 11
222275.0
 21
14642.0
 31
0.0
100
AcDbAttribute
  2
ALAN
 70
0
 74
2
  0
SEQEND
  5
1163
330
1162
100
AcDbEntity
  8
METIN
  0
INSERT
  5
1167
330
17
100
AcDbEntity
  8
METIN
100
AcDbBlockReference
 66
1
  2
MAHAL_ETIKET
 10
222275.0
 20
4300.0
 30
0.0
 41
2.0
 42
2.0
  0
ATTRIB
  5
1169
330
17
100
AcDbEntity
  8
METIN
100
AcDbText
 10
222275.0
 20
4536.0
 30
0.0
 40
200.0
  1
HOL
 72
1
 11
222275.0
 21
4536.0
 31
0.0
100
AcDbAttribute
  2
MAHAL_ADI
 70
0
 74
2
  0
ATTRIB
  5
116A
330
17
100
AcDbEntity
  8
METIN
100
AcDbText
 10
222275.0
 20
4278.0
 30
0.0
 40
156.0
  1
K5-22
 72
1
 11
222275.0
 21
4278.0
 31
0.0
100
AcDbAttribute
  2
MAHAL_KOD
 70
0
 74
2
  0
ATTRIB
  5
116B
330
17
100
AcDbEntity
  8
METIN
100
AcDbText
 10
222275.0
 20
4042.0
 30
0.0
 40
156.0
  1
10.1 m2
 72
1
 11
222275.0
 21
4042.0
 31
0.0
100
AcDbAttribute
  2
ALAN
 70
0
 74
2
  0
SEQEND
  5
1168
330
1167
100
AcDbEntity
  8
METIN
  0
INSERT
  5
116C
330
17
100
AcDbEntity
  8
METIN
100
AcDbBlockReference
 66
1
  2
MAHAL_ETIKET
 10
217050.0
 20
2625.0
 30
0.0
 41
2.0
 42
2.0
  0
ATTRIB
  5
116E
330
17
100
AcDbEntity
  8
METIN
100
AcDbText
 10
217050.0
 20
2861.0
 30
0.0
 40
200.0
  1
SALON
 72
1
 11
217050.0
 21
2861.0
 31
0.0
100
AcDbAttribute
  2
MAHAL_ADI
 70
0
 74
2
  0
ATTRIB
  5
116F
330
17
100
AcDbEntity
  8
METIN
100
AcDbText
 10
217050.0
 20
2603.0
 30
0.0
 40
156.0
  1
K5-23
 72
1
 11
217050.0
 21
2603.0
 31
0.0
100
AcDbAttribute
  2
MAHAL_KOD
 70
0
 74
2
  0
ATTRIB
  5
1170
330
17
100
AcDbEntity
  8
METIN
100
AcDbText
 10
217050.0
 20
2367.0
 30
0.0
 40
156.0
  1
21.8 m2
 72
1
 11
217050.0
 21
2367.0
 31
0.0
100
AcDbAttribute
  2
ALAN
 70
0
 74
2
  0
SEQEND
  5
116D
330
116C
100
AcDbEntity
  8
METIN
  0
INSERT
  5
1171
330
17
100
AcDbEntity
  8
METIN
100
AcDbBlockReference
 66
1
  2
MAHAL_ETIKET
 10
213550.0
 20
2625.0
 30
0.0
 41
2.0
 42
2.0
  0
ATTRIB
  5
1173
330
17
100
AcDbEntity
  8
METIN
100
AcDbText
 10
213550.0
 20
2861.0
 30
0.0
 40
200.0
  1
MUTFAK
 72
1
 11
213550.0
 21
2861.0
 31
0.0
100
AcDbAttribute
  2
MAHAL_ADI
 70
0
 74
2
  0
ATTRIB
  5
1174
330
17
100
AcDbEntity
  8
METIN
100
AcDbText
 10
213550.0
 20
2603.0
 30
0.0
 40
156.0
  1
K5-24
 72
1
 11
213550.0
 21
2603.0
 31
0.0
100
AcDbAttribute
  2
MAHAL_KOD
 70
0
 74
2
  0
ATTRIB
  5
1175
330
17
100
AcDbEntity
  8
METIN
100
AcDbText
 10
213550.0
 20
2367.0
 30
0.0
 40
156.0
  1
12.6 m2
 72
1
 11
213550.0
 21
2367.0
 31
0.0
100
AcDbAttribute
  2
ALAN
 70
0
 74
2
  0
SEQEND
  5
1172
330
1171
100
AcDbEntity
  8
METIN
  0
INSERT
  5
1176
330
17
100
AcDbEntity
  8
METIN
100
AcDbBlockReference
 66
1
  2
MAHAL_ETIKET
 10
220800.0
 20
1675.0
 30
0.0
 41
2.0
 42
2.0
  0
ATTRIB
  5
1178
330
17
100
AcDbEntity
  8
METIN
100
AcDbText
 10
220800.0
 20
1911.0
 30
0.0
 40
200.0
  1
ODA
 72
1
 11
220800.0
 21
1911.0
 31
0.0
100
AcDbAttribute
  2
MAHAL_ADI
 70
0
 74
2
  0
ATTRIB
  5
1179
330
17
100
AcDbEntity
  8
METIN
100
AcDbText
 10
220800.0
 20
1653.0
 30
0.0
 40
156.0
  1
K5-25
 72
1
 11
220800.0
 21
1653.0
 31
0.0
100
AcDbAttribute
  2
MAHAL_KOD
 70
0
 74
2
  0
ATTRIB
  5
117A
330
17
100
AcDbEntity
  8
METIN
100
AcDbText
 10
220800.0
 20
1417.0
 30
0.0
 40
156.0
  1
9.4 m2
 72
1
 11
220800.0
 21
1417.0
 31
0.0
100
AcDbAttribute
  2
ALAN
 70
0
 74
2
  0
SEQEND
  5
1177
330
1176
100
AcDbEntity
  8
METIN
  0
INSERT
  5
117B
330
17
100
AcDbEntity
  8
METIN
100
AcDbBlockReference
 66
1
  2
MAHAL_ETIKET
 10
223360.82153320312
 20
1010.821533203125
 30
0.0
 41
2.0
 42
2.0
  0
ATTRIB
  5
117D
330
17
100
AcDbEntity
  8
METIN
100
AcDbText
 10
223360.82153320312
 20
1246.821533203125
 30
0.0
 40
200.0
  1
BANYO
 72
1
 11
223360.82153320312
 21
1246.821533203125
 31
0.0
100
AcDbAttribute
  2
MAHAL_ADI
 70
0
 74
2
  0
ATTRIB
  5
117E
330
17
100
AcDbEntity
  8
METIN
100
AcDbText
 10
223360.82153320312
 20
988.821533203125
 30
0.0
 40
156.0
  1
K5-26
 72
1
 11
223360.82153320312
 21
988.821533203125
 31
0.0
100
AcDbAttribute
  2
MAHAL_KOD
 70
0
 74
2
  0
ATTRIB
  5
117F
330
17
100
AcDbEntity
  8
METIN
100
AcDbText
 10
223360.82153320312
 20
752.821533203125
 30
0.0
 40
156.0
  1
6.5 m2
 72
1
 11
223360.82153320312
 21
752.821533203125
 31
0.0
100
AcDbAttribute
  2
ALAN
 70
0
 74
2
  0
SEQEND
  5
117C
330
117B
100
AcDbEntity
  8
METIN
  0
INSERT
  5
1180
330
17
100
AcDbEntity
  8
METIN
100
AcDbBlockReference
 66
1
  2
MAHAL_ETIKET
 10
224700.0
 20
2525.0
 30
0.0
 41
2.0
 42
2.0
  0
ATTRIB
  5
1182
330
17
100
AcDbEntity
  8
METIN
100
AcDbText
 10
224700.0
 20
2761.0
 30
0.0
 40
200.0
  1
WC
 72
1
 11
224700.0
 21
2761.0
 31
0.0
100
AcDbAttribute
  2
MAHAL_ADI
 70
0
 74
2
  0
ATTRIB
  5
1183
330
17
100
AcDbEntity
  8
METIN
100
AcDbText
 10
224700.0
 20
2503.0
 30
0.0
 40
156.0
  1
K5-27
 72
1
 11
224700.0
 21
2503.0
 31
0.0
100
AcDbAttribute
  2
MAHAL_KOD
 70
0
 74
2
  0
ATTRIB
  5
1184
330
17
100
AcDbEntity
  8
METIN
100
AcDbText
 10
224700.0
 20
2267.0
 30
0.0
 40
156.0
  1
1.5 m2
 72
1
 11
224700.0
 21
2267.0
 31
0.0
100
AcDbAttribute
  2
ALAN
 70
0
 74
2
  0
SEQEND
  5
1181
330
1180
100
AcDbEntity
  8
METIN
  0
INSERT
  5
1185
330
17
100
AcDbEntity
  8
METIN
100
AcDbBlockReference
 66
1
  2
MAHAL_ETIKET
 10
224975.0
 20
1375.0
 30
0.0
 41
0.6640655579040258
 42
0.6640655579040258
  0
ATTRIB
  5
1187
330
17
100
AcDbEntity
  8
METIN
100
AcDbText
 10
224975.0
 20
1453.3597358326751
 30
0.0
 40
66.40655579040258
  1
SAFT
 72
1
 11
224975.0
 21
1453.3597358326751
 31
0.0
100
AcDbAttribute
  2
MAHAL_ADI
 70
0
 74
2
  0
ATTRIB
  5
1188
330
17
100
AcDbEntity
  8
METIN
100
AcDbText
 10
224975.0
 20
1367.6952788630558
 30
0.0
 40
51.79711351651401
  1
K5-28
 72
1
 11
224975.0
 21
1367.6952788630558
 31
0.0
100
AcDbAttribute
  2
MAHAL_KOD
 70
0
 74
2
  0
ATTRIB
  5
1189
330
17
100
AcDbEntity
  8
METIN
100
AcDbText
 10
224975.0
 20
1289.3355430303807
 30
0.0
 40
51.79711351651401
  1
0.2 m2
 72
1
 11
224975.0
 21
1289.3355430303807
 31
0.0
100
AcDbAttribute
  2
ALAN
 70
0
 74
2
  0
SEQEND
  5
1186
330
1185
100
AcDbEntity
  8
METIN
  0
LWPOLYLINE
  5
118A
330
17
100
AcDbEntity
  8
MOBILYA
100
AcDbPolyline
 90
4
 70
1
 10
231550.0
 20
9800.0
 10
232150.0
 20
9800.0
 10
232150.0
 20
12800.0
 10
231550.0
 20
12800.0
  0
LWPOLYLINE
  5
118B
330
17
100
AcDbEntity
  8
MOBILYA
100
AcDbPolyline
 90
4
 70
1
 10
217550.0
 20
16900.0
 10
219200.0
 20
16900.0
 10
219200.0
 20
17400.0
 10
217550.0
 20
17400.0
  0
LWPOLYLINE
  5
118C
330
17
100
AcDbEntity
  8
MOBILYA
100
AcDbPolyline
 90
4
 70
1
 10
212350.0
 20
500.0
 10
212950.0
 20
500.0
 10
212950.0
 20
3500.0
 10
212350.0
 20
3500.0
  0
LINE
  5
118D
330
17
100
AcDbEntity
  8
MERDIVEN
100
AcDbLine
 10
221300.0
 20
8570.0
 30
0.0
 11
222625.0
 21
8570.0
 31
0.0
  0
LINE
  5
118E
330
17
100
AcDbEntity
  8
MERDIVEN
100
AcDbLine
 10
223975.0
 20
8570.0
 30
0.0
 11
225300.0
 21
8570.0
 31
0.0
  0
LINE
  5
118F
330
17
100
AcDbEntity
  8
MERDIVEN
100
AcDbLine
 10
221300.0
 20
8840.0
 30
0.0
 11
222625.0
 21
8840.0
 31
0.0
  0
LINE
  5
1190
330
17
100
AcDbEntity
  8
MERDIVEN
100
AcDbLine
 10
223975.0
 20
8840.0
 30
0.0
 11
225300.0
 21
8840.0
 31
0.0
  0
LINE
  5
1191
330
17
100
AcDbEntity
  8
MERDIVEN
100
AcDbLine
 10
221300.0
 20
9110.0
 30
0.0
 11
222625.0
 21
9110.0
 31
0.0
  0
LINE
  5
1192
330
17
100
AcDbEntity
  8
MERDIVEN
100
AcDbLine
 10
223975.0
 20
9110.0
 30
0.0
 11
225300.0
 21
9110.0
 31
0.0
  0
LINE
  5
1193
330
17
100
AcDbEntity
  8
MERDIVEN
100
AcDbLine
 10
221300.0
 20
9380.0
 30
0.0
 11
222625.0
 21
9380.0
 31
0.0
  0
LINE
  5
1194
330
17
100
AcDbEntity
  8
MERDIVEN
100
AcDbLine
 10
223975.0
 20
9380.0
 30
0.0
 11
225300.0
 21
9380.0
 31
0.0
  0
LINE
  5
1195
330
17
100
AcDbEntity
  8
MERDIVEN
100
AcDbLine
 10
221300.0
 20
9650.0
 30
0.0
 11
222625.0
 21
9650.0
 31
0.0
  0
LINE
  5
1196
330
17
100
AcDbEntity
  8
MERDIVEN
100
AcDbLine
 10
223975.0
 20
9650.0
 30
0.0
 11
225300.0
 21
9650.0
 31
0.0
  0
LINE
  5
1197
330
17
100
AcDbEntity
  8
MERDIVEN
100
AcDbLine
 10
222895.0
 20
9650.0
 30
0.0
 11
222895.0
 21
12300.0
 31
0.0
  0
LINE
  5
1198
330
17
100
AcDbEntity
  8
MERDIVEN
100
AcDbLine
 10
223165.0
 20
9650.0
 30
0.0
 11
223165.0
 21
12300.0
 31
0.0
  0
LINE
  5
1199
330
17
100
AcDbEntity
  8
MERDIVEN
100
AcDbLine
 10
223435.0
 20
9650.0
 30
0.0
 11
223435.0
 21
12300.0
 31
0.0
  0
LINE
  5
119A
330
17
100
AcDbEntity
  8
MERDIVEN
100
AcDbLine
 10
223705.0
 20
9650.0
 30
0.0
 11
223705.0
 21
12300.0
 31
0.0
  0
LINE
  5
119B
330
17
100
AcDbEntity
  8
MERDIVEN
100
AcDbLine
 10
223975.0
 20
9650.0
 30
0.0
 11
223975.0
 21
12300.0
 31
0.0
  0
LWPOLYLINE
  5
119C
330
17
100
AcDbEntity
  8
MERDIVEN
100
AcDbPolyline
 90
4
 70
1
 10
221300.0
 20
9650.0
 10
222625.0
 20
9650.0
 10
222625.0
 20
12300.0
 10
221300.0
 20
12300.0
  0
LWPOLYLINE
  5
119D
330
17
100
AcDbEntity
  8
MERDIVEN
100
AcDbPolyline
 90
4
 70
1
 10
223975.0
 20
9650.0
 10
225300.0
 20
9650.0
 10
225300.0
 20
12300.0
 10
223975.0
 20
12300.0
  0
LINE
  5
119E
330
17
100
AcDbEntity
  8
MERDIVEN
100
AcDbLine
 10
223975.0
 20
8300.0
 30
0.0
 11
223975.0
 21
9650.0
 31
0.0
  0
LINE
  5
119F
330
17
100
AcDbEntity
  8
MERDIVEN
100
AcDbLine
 10
223975.0
 20
9650.0
 30
0.0
 11
222625.0
 21
9650.0
 31
0.0
  0
LINE
  5
11A0
330
17
100
AcDbEntity
  8
MERDIVEN
100
AcDbLine
 10
222625.0
 20
9650.0
 30
0.0
 11
222625.0
 21
8300.0
 31
0.0
  0
LINE
  5
11A1
330
17
100
AcDbEntity
  8
MERDIVEN
100
AcDbLine
 10
221962.5
 20
8300.0
 30
0.0
 11
221962.5
 21
10975.0
 31
0.0
  0
LINE
  5
11A2
330
17
100
AcDbEntity
  8
MERDIVEN
100
AcDbLine
 10
221962.5
 20
10975.0
 30
0.0
 11
224637.5
 21
10975.0
 31
0.0
  0
LINE
  5
11A3
330
17
100
AcDbEntity
  8
MERDIVEN
100
AcDbLine
 10
224637.5
 20
10975.0
 30
0.0
 11
224637.5
 21
8300.0
 31
0.0
  0
LWPOLYLINE
  5
11A4
330
17
100
AcDbEntity
  8
MERDIVEN
100
AcDbPolyline
 90
3
 70
1
 10
224637.5
 20
8300.0
 10
224697.5
 20
8420.0
 10
224577.5
 20
8420.0
  0
LINE
  5
11A5
330
17
100
AcDbEntity
  8
KESIT
  6
KESIT_HATTI
100
AcDbLine
 10
211850.0
 20
5833.333333333333
 30
0.0
 11
232650.0
 21
5833.333333333333
 31
0.0
  0
LWPOLYLINE
  5
11A6
330
17
100
AcDbEntity
  8
KESIT
100
AcDbPolyline
 90
3
 70
1
 10
211850.0
 20
6083.333333333333
 10
211950.0
 20
5833.333333333333
 10
211750.0
 20
5833.333333333333
  0
TEXT
  5
11A7
330
17
100
AcDbEntity
  8
KESIT
100
AcDbText
 10
211850.0
 20
5433.333333333333
 30
0.0
 40
150.0
  1
A
 72
1
 11
211850.0
 21
5433.333333333333
 31
0.0
100
AcDbText
 73
2
  0
LWPOLYLINE
  5
11A8
330
17
100
AcDbEntity
  8
KESIT
100
AcDbPolyline
 90
3
 70
1
 10
232650.0
 20
6083.333333333333
 10
232750.0
 20
5833.333333333333
 10
232550.0
 20
5833.333333333333
  0
TEXT
  5
11A9
330
17
100
AcDbEntity
  8
KESIT
100
AcDbText
 10
232650.0
 20
5433.333333333333
 30
0.0
 40
150.0
  1
A
 72
1
 11
232650.0
 21
5433.333333333333
 31
0.0
100
AcDbText
 73
2
  0
LINE
  5
11AA
330
17
100
AcDbEntity
  8
KESIT
  6
KESIT_HATTI
100
AcDbLine
 10
218916.66666666666
 20
-400.0
 30
0.0
 11
218916.66666666666
 21
17900.0
 31
0.0
  0
LWPOLYLINE
  5
11AB
330
17
100
AcDbEntity
  8
KESIT
100
AcDbPolyline
 90
3
 70
1
 10
219166.66666666666
 20
-400.0
 10
218916.66666666666
 20
-300.0
 10
218916.66666666666
 20
-500.0
  0
TEXT
  5
11AC
330
17
100
AcDbEntity
  8
KESIT
100
AcDbText
 10
218516.66666666666
 20
-400.0
 30
0.0
 40
150.0
  1
B
 72
1
 11
218516.66666666666
 21
-400.0
 31
0.0
100
AcDbText
 73
2
  0
LWPOLYLINE
  5
11AD
330
17
100
AcDbEntity
  8
KESIT
100
AcDbPolyline
 90
3
 70
1
 10
219166.66666666666
 20
17900.0
 10
218916.66666666666
 20
18000.0
 10
218916.66666666666
 20
17800.0
  0
TEXT
  5
11AE
330
17
100
AcDbEntity
  8
KESIT
100
AcDbText
 10
218516.66666666666
 20
17900.0
 30
0.0
 40
150.0
  1
B
 72
1
 11
218516.66666666666
 21
17900.0
 31
0.0
100
AcDbText
 73
2
  0
LWPOLYLINE
  5
11AF
330
17
100
AcDbEntity
  8
CERCEVE
100
AcDbPolyline
 90
4
 70
1
 10
208100.0
 20
-10150.0
 10
236400.0
 20
-10150.0
 10
236400.0
 20
24950.0
 10
208100.0
 20
24950.0
  0
LWPOLYLINE
  5
11B0
330
17
100
AcDbEntity
  8
CERCEVE
100
AcDbPolyline
 90
4
 70
1
 10
208250.0
 20
-10000.0
 10
236250.0
 20
-10000.0
 10
236250.0
 20
24800.0
 10
208250.0
 20
24800.0
  0
LWPOLYLINE
  5
11B1
330
17
100
AcDbEntity
  8
CERCEVE
100
AcDbPolyline
 90
4
 70
1
 10
228250.0
 20
-10000.0
 10
236250.0
 20
-10000.0
 10
236250.0
 20
-8800.0
 10
228250.0
 20
-8800.0
  0
LINE
  5
11B2
330
17
100
AcDbEntity
  8
CERCEVE
100
AcDbLine
 10
228250.0
 20
-9400.0
 30
0.0
 11
236250.0
 21
-9400.0
 31
0.0
  0
TEXT
  5
11B3
330
17
100
AcDbEntity
  8
METIN
100
AcDbText
 10
228350.0
 20
-8900.0
 30
0.0
 40
175.0
  1
OLCEK 1:50
 11
228350.0
 21
-8900.0
 31
0.0
100
AcDbText
 73
3
  0
TEXT
  5
11B4
330
17
100
AcDbEntity
  8
METIN
100
AcDbText
 10
228350.0
 20
-9500.0
 30
0.0
 40
175.0
  1
5. NORMAL KAT
 11
228350.0
 21
-9500.0
 31
0.0
100
AcDbText
 73
3
  0
LINE
  5
11B5
330
17
100
AcDbEntity
  8
AKS
  6
DASHED
100
AcDbLine
 10
240550.0
 20
-750.0
 30
0.0
 11
240550.0
 21
18250.0
 31
0.0
  0
CIRCLE
  5
11B6
330
17
100
AcDbEntity
  8
AKS
100
AcDbCircle
 10
240550.0
 20
-1200.0
 30
0.0
 40
450.0
  0
TEXT
  5
11B7
330
17
100
AcDbEntity
  8
AKS
100
AcDbText
 10
240550.0
 20
-1200.0
 30
0.0
 40
350.0
  1
1
 72
1
 11
240550.0
 21
-1200.0
 31
0.0
100
AcDbText
 73
2
  0
CIRCLE
  5
11B8
330
17
100
AcDbEntity
  8
AKS
100
AcDbCircle
 10
240550.0
 20
18700.0
 30
0.0
 40
450.0
  0
TEXT
  5
11B9
330
17
100
AcDbEntity
  8
AKS
100
AcDbText
 10
240550.0
 20
18700.0
 30
0.0
 40
350.0
  1
1
 72
1
 11
240550.0
 21
18700.0
 31
0.0
100
AcDbText
 73
2
  0
LINE
  5
11BA
330
17
100
AcDbEntity
  8
AKS
  6
DASHED
100
AcDbLine
 10
247500.0
 20
-750.0
 30
0.0
 11
247500.0
 21
18250.0
 31
0.0
  0
CIRCLE
  5
11BB
330
17
100
AcDbEntity
  8
AKS
100
AcDbCircle
 10
247500.0
 20
-1200.0
 30
0.0
 40
450.0
  0
TEXT
  5
11BC
330
17
100
AcDbEntity
  8
AKS
100
AcDbText
 10
247500.0
 20
-1200.0
 30
0.0
 40
350.0
  1
2
 72
1
 11
247500.0
 21
-1200.0
 31
0.0
100
AcDbText
 73
2
  0
CIRCLE
  5
11BD
330
17
100
AcDbEntity
  8
AKS
100
AcDbCircle
 10
247500.0
 20
18700.0
 30
0.0
 40
450.0
  0
TEXT
  5
11BE
330
17
100
AcDbEntity
  8
AKS
100
AcDbText
 10
247500.0
 20
18700.0
 30
0.0
 40
350.0
  1
2
 72
1
 11
247500.0
 21
18700.0
 31
0.0
100
AcDbText
 73
2
  0
LINE
  5
11BF
330
17
100
AcDbEntity
  8
AKS
  6
DASHED
100
AcDbLine
 10
253600.0
 20
-750.0
 30
0.0
 11
253600.0
 21
18250.0
 31
0.0
  0
CIRCLE
  5
11C0
330
17
100
AcDbEntity
  8
AKS
100
AcDbCircle
 10
253600.0
 20
-1200.0
 30
0.0
 40
450.0
  0
TEXT
  5
11C1
330
17
100
AcDbEntity
  8
AKS
100
AcDbText
 10
253600.0
 20
-1200.0
 30
0.0
 40
350.0
  1
3
 72
1
 11
253600.0
 21
-1200.0
 31
0.0
100
AcDbText
 73
2
  0
CIRCLE
  5
11C2
330
17
100
AcDbEntity
  8
AKS
100
AcDbCircle
 10
253600.0
 20
18700.0
 30
0.0
 40
450.0
  0
TEXT
  5
11C3
330
17
100
AcDbEntity
  8
AKS
100
AcDbText
 10
253600.0
 20
18700.0
 30
0.0
 40
350.0
  1
3
 72
1
 11
253600.0
 21
18700.0
 31
0.0
100
AcDbText
 73
2
  0
LINE
  5
11C4
330
17
100
AcDbEntity
  8
AKS
  6
DASHED
100
AcDbLine
 10
260550.0
 20
-750.0
 30
0.0
 11
260550.0
 21
18250.0
 31
0.0
  0
CIRCLE
  5
11C5
330
17
100
AcDbEntity
  8
AKS
100
AcDbCircle
 10
260550.0
 20
-1200.0
 30
0.0
 40
450.0
  0
TEXT
  5
11C6
330
17
100
AcDbEntity
  8
AKS
100
AcDbText
 10
260550.0
 20
-1200.0
 30
0.0
 40
350.0
  1
4
 72
1
 11
260550.0
 21
-1200.0
 31
0.0
100
AcDbText
 73
2
  0
CIRCLE
  5
11C7
330
17
100
AcDbEntity
  8
AKS
100
AcDbCircle
 10
260550.0
 20
18700.0
 30
0.0
 40
450.0
  0
TEXT
  5
11C8
330
17
100
AcDbEntity
  8
AKS
100
AcDbText
 10
260550.0
 20
18700.0
 30
0.0
 40
350.0
  1
4
 72
1
 11
260550.0
 21
18700.0
 31
0.0
100
AcDbText
 73
2
  0
LINE
  5
11C9
330
17
100
AcDbEntity
  8
AKS
  6
DASHED
100
AcDbLine
 10
239800.0
 20
0.0
 30
0.0
 11
261300.0
 21
0.0
 31
0.0
  0
CIRCLE
  5
11CA
330
17
100
AcDbEntity
  8
AKS
100
AcDbCircle
 10
239350.0
 20
0.0
 30
0.0
 40
450.0
  0
TEXT
  5
11CB
330
17
100
AcDbEntity
  8
AKS
100
AcDbText
 10
239350.0
 20
0.0
 30
0.0
 40
350.0
  1
A
 72
1
 11
239350.0
 21
0.0
 31
0.0
100
AcDbText
 73
2
  0
CIRCLE
  5
11CC
330
17
100
AcDbEntity
  8
AKS
100
AcDbCircle
 10
261750.0
 20
0.0
 30
0.0
 40
450.0
  0
TEXT
  5
11CD
330
17
100
AcDbEntity
  8
AKS
100
AcDbText
 10
261750.0
 20
0.0
 30
0.0
 40
350.0
  1
A
 72
1
 11
261750.0
 21
0.0
 31
0.0
100
AcDbText
 73
2
  0
LINE
  5
11CE
330
17
100
AcDbEntity
  8
AKS
  6
DASHED
100
AcDbLine
 10
239800.0
 20
5250.0
 30
0.0
 11
261300.0
 21
5250.0
 31
0.0
  0
CIRCLE
  5
11CF
330
17
100
AcDbEntity
  8
AKS
100
AcDbCircle
 10
239350.0
 20
5250.0
 30
0.0
 40
450.0
  0
TEXT
  5
11D0
330
17
100
AcDbEntity
  8
AKS
100
AcDbText
 10
239350.0
 20
5250.0
 30
0.0
 40
350.0
  1
B
 72
1
 11
239350.0
 21
5250.0
 31
0.0
100
AcDbText
 73
2
  0
CIRCLE
  5
11D1
330
17
100
AcDbEntity
  8
AKS
100
AcDbCircle
 10
261750.0
 20
5250.0
 30
0.0
 40
450.0
  0
TEXT
  5
11D2
330
17
100
AcDbEntity
  8
AKS
100
AcDbText
 10
261750.0
 20
5250.0
 30
0.0
 40
350.0
  1
B
 72
1
 11
261750.0
 21
5250.0
 31
0.0
100
AcDbText
 73
2
  0
LINE
  5
11D3
330
17
100
AcDbEntity
  8
AKS
  6
DASHED
100
AcDbLine
 10
239800.0
 20
9300.0
 30
0.0
 11
261300.0
 21
9300.0
 31
0.0
  0
CIRCLE
  5
11D4
330
17
100
AcDbEntity
  8
AKS
100
AcDbCircle
 10
239350.0
 20
9300.0
 30
0.0
 40
450.0
  0
TEXT
  5
11D5
330
17
100
AcDbEntity
  8
AKS
100
AcDbText
 10
239350.0
 20
9300.0
 30
0.0
 40
350.0
  1
C
 72
1
 11
239350.0
 21
9300.0
 31
0.0
100
AcDbText
 73
2
  0
CIRCLE
  5
11D6
330
17
100
AcDbEntity
  8
AKS
100
AcDbCircle
 10
261750.0
 20
9300.0
 30
0.0
 40
450.0
  0
TEXT
  5
11D7
330
17
100
AcDbEntity
  8
AKS
100
AcDbText
 10
261750.0
 20
9300.0
 30
0.0
 40
350.0
  1
C
 72
1
 11
261750.0
 21
9300.0
 31
0.0
100
AcDbText
 73
2
  0
LINE
  5
11D8
330
17
100
AcDbEntity
  8
AKS
  6
DASHED
100
AcDbLine
 10
239800.0
 20
12300.0
 30
0.0
 11
261300.0
 21
12300.0
 31
0.0
  0
CIRCLE
  5
11D9
330
17
100
AcDbEntity
  8
AKS
100
AcDbCircle
 10
239350.0
 20
12300.0
 30
0.0
 40
450.0
  0
TEXT
  5
11DA
330
17
100
AcDbEntity
  8
AKS
100
AcDbText
 10
239350.0
 20
12300.0
 30
0.0
 40
350.0
  1
D
 72
1
 11
239350.0
 21
12300.0
 31
0.0
100
AcDbText
 73
2
  0
CIRCLE
  5
11DB
330
17
100
AcDbEntity
  8
AKS
100
AcDbCircle
 10
261750.0
 20
12300.0
 30
0.0
 40
450.0
  0
TEXT
  5
11DC
330
17
100
AcDbEntity
  8
AKS
100
AcDbText
 10
261750.0
 20
12300.0
 30
0.0
 40
350.0
  1
D
 72
1
 11
261750.0
 21
12300.0
 31
0.0
100
AcDbText
 73
2
  0
LINE
  5
11DD
330
17
100
AcDbEntity
  8
AKS
  6
DASHED
100
AcDbLine
 10
239800.0
 20
17500.0
 30
0.0
 11
261300.0
 21
17500.0
 31
0.0
  0
CIRCLE
  5
11DE
330
17
100
AcDbEntity
  8
AKS
100
AcDbCircle
 10
239350.0
 20
17500.0
 30
0.0
 40
450.0
  0
TEXT
  5
11DF
330
17
100
AcDbEntity
  8
AKS
100
AcDbText
 10
239350.0
 20
17500.0
 30
0.0
 40
350.0
  1
E
 72
1
 11
239350.0
 21
17500.0
 31
0.0
100
AcDbText
 73
2
  0
CIRCLE
  5
11E0
330
17
100
AcDbEntity
  8
AKS
100
AcDbCircle
 10
261750.0
 20
17500.0
 30
0.0
 40
450.0
  0
TEXT
  5
11E1
330
17
100
AcDbEntity
  8
AKS
100
AcDbText
 10
261750.0
 20
17500.0
 30
0.0
 40
350.0
  1
E
 72
1
 11
261750.0
 21
17500.0
 31
0.0
100
AcDbText
 73
2
  0
DIMENSION
  5
11E2
330
17
100
AcDbEntity
  8
AKS
100
AcDbDimension
280
0
  2
*D73
  3
Standard
 10
240550.0
 20
-400.0
 30
0.0
 11
244025.0
 21
-400.0
 31
0.0
 70
32
 71
5
  1
695
100
AcDbAlignedDimension
 13
240550.0
 23
0.0
 33
0.0
 14
247500.0
 24
0.0
 34
0.0
 50
0.0
100
AcDbRotatedDimension
1001
ACAD
1000
DSTYLE
1002
{
1070
140
1040
120.0
1070
41
1040
84.0
1070
42
1040
150.0
1070
44
1040
150.0
1070
147
1040
80.0
1002
}
  0
DIMENSION
  5
11F2
330
17
100
AcDbEntity
  8
AKS
100
AcDbDimension
280
0
  2
*D74
  3
Standard
 10
247500.0
 20
-400.0
 30
0.0
 11
250550.0
 21
-400.0
 31
0.0
 70
32
 71
5
  1
610
100
AcDbAlignedDimension
 13
247500.0
 23
0.0
 33
0.0
 14
253600.0
 24
0.0
 34
0.0
 50
0.0
100
AcDbRotatedDimension
1001
ACAD
1000
DSTYLE
1002
{
1070
140
1040
120.0
1070
41
1040
84.0
1070
42
1040
150.0
1070
44
1040
150.0
1070
147
1040
80.0
1002
}
  0
DIMENSION
  5
1202
330
17
100
AcDbEntity
  8
AKS
100
AcDbDimension
280
0
  2
*D75
  3
Standard
 10
253600.0
 20
-400.0
 30
0.0
 11
257075.0
 21
-400.0
 31
0.0
 70
32
 71
5
  1
695
100
AcDbAlignedDimension
 13
253600.0
 23
0.0
 33
0.0
 14
260550.0
 24
0.0
 34
0.0
 50
0.0
100
AcDbRotatedDimension
1001
ACAD
1000
DSTYLE
1002
{
1070
140
1040
120.0
1070
41
1040
84.0
1070
42
1040
150.0
1070
44
1040
150.0
1070
147
1040
80.0
1002
}
  0
DIMENSION
  5
1212
330
17
100
AcDbEntity
  8
AKS
100
AcDbDimension
280
0
  2
*D76
  3
Standard
 10
240550.0
 20
-1950.0
 30
0.0
 11
250550.0
 21
-1950.0
 31
0.0
 70
32
 71
5
  1
2000
100
AcDbAlignedDimension
 13
240550.0
 23
0.0
 33
0.0
 14
260550.0
 24
0.0
 34
0.0
 50
0.0
100
AcDbRotatedDimension
1001
ACAD
1000
DSTYLE
1002
{
1070
140
1040
120.0
1070
41
1040
84.0
1070
42
1040
150.0
1070
44
1040
150.0
1070
147
1040
80.0
1002
}
  0
DIMENSION
  5
1222
330
17
100
AcDbEntity
  8
AKS
100
AcDbDimension
280
0
  2
*D77
  3
Standard
 10
240150.0
 20
0.0
 30
0.0
 11
240150.0
 21
2625.0
 31
0.0
 70
32
 71
5
  1
525
100
AcDbAlignedDimension
 13
240550.0
 23
0.0
 33
0.0
 14
240550.0
 24
5250.0
 34
0.0
 50
90.0
100
AcDbRotatedDimension
1001
ACAD
1000
DSTYLE
1002
{
1070
140
1040
120.0
1070
41
1040
84.0
1070
42
1040
150.0
1070
44
1040
150.0
1070
147
1040
80.0
1002
}
  0
DIMENSION
  5
1232
330
17
100
AcDbEntity
  8
AKS
100
AcDbDimension
280
0
  2
*D78
  3
Standard
 10
240150.0
 20
5250.0
 30
0.0
 11
240150.0
 21
7275.0
 31
0.0
 70
32
 71
5
  1
405
100
AcDbAlignedDimension
 13
240550.0
 23
5250.0
 33
0.0
 14
240550.0
 24
9300.0
 34
0.0
 50
90.0
100
AcDbRotatedDimension
1001
ACAD
1000
DSTYLE
1002
{
1070
140
1040
120.0
1070
41
1040
84.0
1070
42
1040
150.0
1070
44
1040
150.0
1070
147
1040
80.0
1002
}
  0
DIMENSION
  5
1242
330
17
100
AcDbEntity
  8
AKS
100
AcDbDimension
280
0
  2
*D79
  3
Standard
 10
240150.0
 20
9300.0
 30
0.0
 11
240150.0
 21
10800.0
 31
0.0
 70
32
 71
5
  1
300
100
AcDbAlignedDimension
 13
240550.0
 23
9300.0
 33
0.0
 14
240550.0
 24
12300.0
 34
0.0
 50
90.0
100
AcDbRotatedDimension
1001
ACAD
1000
DSTYLE
1002
{
1070
140
1040
120.0
1070
41
1040
84.0
1070
42
1040
150.0
1070
44
1040
150.0
1070
147
1040
80.0
1002
}
  0
DIMENSION
  5
1252
330
17
100
AcDbEntity
  8
AKS
100
AcDbDimension
280
0
  2
*D80
  3
Standard
 10
240150.0
 20
12300.0
 30
0.0
 11
240150.0
 21
14900.0
 31
0.0
 70
32
 71
5
  1
520
100
AcDbAlignedDimension
 13
240550.0
 23
12300.0
 33
0.0
 14
240550.0
 24
17500.0
 34
0.0
 50
90.0
100
AcDbRotatedDimension
1001
ACAD
1000
DSTYLE
1002
{
1070
140
1040
120.0
1070
41
1040
84.0
1070
42
1040
150.0
1070
44
1040
150.0
1070
147
1040
80.0
1002
}
  0
DIMENSION
  5
1262
330
17
100
AcDbEntity
  8
AKS
100
AcDbDimension
280
0
  2
*D81
  3
Standard
 10
238600.0
 20
0.0
 30
0.0
 11
238600.0
 21
8750.0
 31
0.0
 70
32
 71
5
  1
1750
100
AcDbAlignedDimension
 13
240550.0
 23
0.0
 33
0.0
 14
240550.0
 24
17500.0
 34
0.0
 50
90.0
100
AcDbRotatedDimension
1001
ACAD
1000
DSTYLE
1002
{
1070
140
1040
120.0
1070
41
1040
84.0
1070
42
1040
150.0
1070
44
1040
150.0
1070
147
1040
80.0
1002
}
  0
LINE
  5
1272
330
17
100
AcDbEntity
  8
DUVARLAR
100
AcDbLine
 10
240650.0
 20
100.0
 30
0.0
 11
260450.0
 21
100.0
 31
0.0
  0
LINE
  5
1273
330
17
100
AcDbEntity
  8
DUVARLAR
100
AcDbLine
 10
240450.0
 20
-100.0
 30
0.0
 11
260650.0
 21
-100.0
 31
0.0
  0
LINE
  5
1274
330
17
100
AcDbEntity
  8
DUVARLAR
100
AcDbLine
 10
247400.0
 20
5350.0
 30
0.0
 11
250050.0
 21
5350.0
 31
0.0
  0
LINE
  5
1275
330
17
100
AcDbEntity
  8
DUVARLAR
100
AcDbLine
 10
251050.0
 20
5350.0
 30
0.0
 11
253500.0
 21
5350.0
 31
0.0
  0
LINE
  5
1276
330
17
100
AcDbEntity
  8
DUVARLAR
100
AcDbLine
 10
247600.0
 20
5150.0
 30
0.0
 11
250050.0
 21
5150.0
 31
0.0
  0
LINE
  5
1277
330
17
100
AcDbEntity
  8
DUVARLAR
100
AcDbLine
 10
251050.0
 20
5150.0
 30
0.0
 11
253700.0
 21
5150.0
 31
0.0
  0
LINE
  5
1278
330
17
100
AcDbEntity
  8
DUVARLAR
100
AcDbLine
 10
250050.0
 20
5350.0
 30
0.0
 11
250050.0
 21
5150.0
 31
0.0
  0
LINE
  5
1279
330
17
100
AcDbEntity
  8
DUVARLAR
100
AcDbLine
 10
251050.0
 20
5350.0
 30
0.0
 11
251050.0
 21
5150.0
 31
0.0
  0
LINE
  5
127A
330
17
100
AcDbEntity
  8
KAPI-PENCERE
100
AcDbLine
 10
250050.0
 20
5250.0
 30
0.0
 11
250050.0
 21
4250.0
 31
0.0
  0
ARC
  5
127B
330
17
100
AcDbEntity
  8
KAPI-PENCERE
100
AcDbCircle
 10
250050.0
 20
5250.0
 30
0.0
 40
1000.0
100
AcDbArc
 50
-90.0
 51
0.0
  0
LINE
  5
127C
330
17
100
AcDbEntity
  8
DUVARLAR
100
AcDbLine
 10
247600.0
 20
8400.0
 30
0.0
 11
249600.0
 21
8400.0
 31
0.0
  0
LINE
  5
127D
330
17
100
AcDbEntity
  8
DUVARLAR
100
AcDbLine
 10
247600.0
 20
8200.0
 30
0.0
 11
249600.0
 21
8200.0
 31
0.0
  0
LINE
  5
127E
330
17
100
AcDbEntity
  8
DUVARLAR
100
AcDbLine
 10
249600.0
 20
8400.0
 30
0.0
 11
249600.0
 21
8200.0
 31
0.0
  0
LINE
  5
127F
330
17
100
AcDbEntity
  8
DUVARLAR
100
AcDbLine
 10
253600.0
 20
8400.0
 30
0.0
 11
253600.0
 21
8200.0
 31
0.0
  0
LINE
  5
1280
330
17
100
AcDbEntity
  8
DUVARLAR
100
AcDbLine
 10
247400.0
 20
11400.0
 30
0.0
 11
249500.0
 21
11400.0
 31
0.0
  0
LINE
  5
1281
330
17
100
AcDbEntity
  8
DUVARLAR
100
AcDbLine
 10
247600.0
 20
11200.0
 30
0.0
 11
249500.0
 21
11200.0
 31
0.0
  0
LINE
  5
1282
330
17
100
AcDbEntity
  8
DUVARLAR
100
AcDbLine
 10
249500.0
 20
12400.0
 30
0.0
 11
253500.0
 21
12400.0
 31
0.0
  0
LINE
  5
1283
330
17
100
AcDbEntity
  8
DUVARLAR
100
AcDbLine
 10
249700.0
 20
12200.0
 30
0.0
 11
253700.0
 21
12200.0
 31
0.0
  0
LINE
  5
1284
330
17
100
AcDbEntity
  8
DUVARLAR
100
AcDbLine
 10
260450.0
 20
17400.0
 30
0.0
 11
240650.0
 21
17400.0
 31
0.0
  0
LINE
  5
1285
330
17
100
AcDbEntity
  8
DUVARLAR
100
AcDbLine
 10
260650.0
 20
17600.0
 30
0.0
 11
240450.0
 21
17600.0
 31
0.0
  0
LINE
  5
1286
330
17
100
AcDbEntity
  8
DUVARLAR
100
AcDbLine
 10
240650.0
 20
17400.0
 30
0.0
 11
240650.0
 21
100.0
 31
0.0
  0
LINE
  5
1287
330
17
100
AcDbEntity
  8
DUVARLAR
100
AcDbLine
 10
240450.0
 20
17600.0
 30
0.0
 11
240450.0
 21
-100.0
 31
0.0
  0
LINE
  5
1288
330
17
100
AcDbEntity
  8
DUVARLAR
100
AcDbLine
 10
247400.0
 20
5350.0
 30
0.0
 11
247400.0
 21
6800.0
 31
0.0
  0
LINE
  5
1289
330
17
100
AcDbEntity
  8
DUVARLAR
100
AcDbLine
 10
247400.0
 20
7800.0
 30
0.0
 11
247400.0
 21
11400.0
 31
0.0
  0
LINE
  5
128A
330
17
100
AcDbEntity
  8
DUVARLAR
100
AcDbLine
 10
247600.0
 20
5150.0
 30
0.0
 11
247600.0
 21
6800.0
 31
0.0
  0
LINE
  5
128B
330
17
100
AcDbEntity
  8
DUVARLAR
100
AcDbLine
 10
247600.0
 20
7800.0
 30
0.0
 11
247600.0
 21
11200.0
 31
0.0
  0
LINE
  5
128C
330
17
100
AcDbEntity
  8
DUVARLAR
100
AcDbLine
 10
247400.0
 20
6800.0
 30
0.0
 11
247600.0
 21
6800.0
 31
0.0
  0
LINE
  5
128D
330
17
100
AcDbEntity
  8
DUVARLAR
100
AcDbLine
 10
247400.0
 20
7800.0
 30
0.0
 11
247600.0
 21
7800.0
 31
0.0
  0
LINE
  5
128E
330
17
100
AcDbEntity
  8
KAPI-PENCERE
100
AcDbLine
 10
247500.0
 20
6800.0
 30
0.0
 11
246500.0
 21
6800.0
 31
0.0
  0
ARC
  5
128F
330
17
100
AcDbEntity
  8
KAPI-PENCERE
100
AcDbCircle
 10
247500.0
 20
6800.0
 30
0.0
 40
1000.0
100
AcDbArc
 50
90.0
 51
180.0
  0
LINE
  5
1290
330
17
100
AcDbEntity
  8
DUVARLAR
100
AcDbLine
 10
249500.0
 20
8400.0
 30
0.0
 11
249500.0
 21
12400.0
 31
0.0
  0
LINE
  5
1291
330
17
100
AcDbEntity
  8
DUVARLAR
100
AcDbLine
 10
249700.0
 20
8400.0
 30
0.0
 11
249700.0
 21
12200.0
 31
0.0
  0
LINE
  5
1292
330
17
100
AcDbEntity
  8
DUVARLAR
100
AcDbLine
 10
253500.0
 20
5350.0
 30
0.0
 11
253500.0
 21
6800.0
 31
0.0
  0
LINE
  5
1293
330
17
100
AcDbEntity
  8
DUVARLAR
100
AcDbLine
 10
253500.0
 20
7800.0
 30
0.0
 11
253500.0
 21
12400.0
 31
0.0
  0
LINE
  5
1294
330
17
100
AcDbEntity
  8
DUVARLAR
100
AcDbLine
 10
253700.0
 20
5150.0
 30
0.0
 11
253700.0
 21
6800.0
 31
0.0
  0
LINE
  5
1295
330
17
100
AcDbEntity
  8
DUVARLAR
100
AcDbLine
 10
253700.0
 20
7800.0
 30
0.0
 11
253700.0
 21
12200.0
 31
0.0
  0
LINE
  5
1296
330
17
100
AcDbEntity
  8
DUVARLAR
100
AcDbLine
 10
253500.0
 20
6800.0
 30
0.0
 11
253700.0
 21
6800.0
 31
0.0
  0
LINE
  5
1297
330
17
100
AcDbEntity
  8
DUVARLAR
100
AcDbLine
 10
253500.0
 20
7800.0
 30
0.0
 11
253700.0
 21
7800.0
 31
0.0
  0
LINE
  5
1298
330
17
100
AcDbEntity
  8
KAPI-PENCERE
100
AcDbLine
 10
253600.0
 20
6800.0
 30
0.0
 11
254600.0
 21
6800.0
 31
0.0
  0
ARC
  5
1299
330
17
100
AcDbEntity
  8
KAPI-PENCERE
100
AcDbCircle
 10
253600.0
 20
6800.0
 30
0.0
 40
1000.0
100
AcDbArc
 50
-0.0
 51
90.0
  0
LINE
  5
129A
330
17
100
AcDbEntity
  8
DUVARLAR
100
AcDbLine
 10
260450.0
 20
100.0
 30
0.0
 11
260450.0
 21
17400.0
 31
0.0
  0
LINE
  5
129B
330
17
100
AcDbEntity
  8
DUVARLAR
100
AcDbLine
 10
260650.0
 20
-100.0
 30
0.0
 11
260650.0
 21
17600.0
 31
0.0
  0
INSERT
  5
129C
330
17
100
AcDbEntity
  8
METIN
100
AcDbBlockReference
 66
1
  2
MAHAL_ETIKET
 10
248550.0
 20
9800.0
 30
0.0
 41
0.9258070399416378
 42
0.9258070399416378
  0
ATTRIB
  5
129E
330
17
100
AcDbEntity
  8
METIN
100
AcDbText
 10
248550.0
 20
9909.245230713113
 30
0.0
 40
92.58070399416378
  1
ASANSOR MAKINE DAIRESI
 72
1
 11
248550.0
 21
9909.245230713113
 31
0.0
100
AcDbAttribute
  2
MAHAL_ADI
 70
0
 74
2
  0
ATTRIB
  5
129F
330
17
100
AcDbEntity
  8
METIN
100
AcDbText
 10
248550.0
 20
9789.816122560642
 30
0.0
 40
72.21294911544776
  1
TR-01
 72
1
 11
248550.0
 21
9789.816122560642
 31
0.0
100
AcDbAttribute
  2
MAHAL_KOD
 70
0
 74
2
  0
ATTRIB
  5
12A0
330
17
100
AcDbEntity
  8
METIN
100
AcDbText
 10
248550.0
 20
9680.570891847528
 30
0.0
 40
72.21294911544776
  1
5.3 m2
 72
1
 11
248550.0
 21
9680.570891847528
 31
0.0
100
AcDbAttribute
  2
ALAN
 70
0
 74
2
  0
SEQEND
  5
129D
330
129C
100
AcDbEntity
  8
METIN
  0
INSERT
  5
12A1
330
17
100
AcDbEntity
  8
METIN
100
AcDbBlockReference
 66
1
  2
MAHAL_ETIKET
 10
251600.0
 20
10300.0
 30
0.0
 41
2.0
 42
2.0
  0
ATTRIB
  5
12A3
330
17
100
AcDbEntity
  8
METIN
100
AcDbText
 10
251600.0
 20
10536.0
 30
0.0
 40
200.0
  1
CATI CIKISI
 72
1
 11
251600.0
 21
10536.0
 31
0.0
100
AcDbAttribute
  2
MAHAL_ADI
 70
0
 74
2
  0
ATTRIB
  5
12A4
330
17
100
AcDbEntity
  8
METIN
100
AcDbText
 10
251600.0
 20
10278.0
 30
0.0
 40
156.0
  1
TR-02
 72
1
 11
251600.0
 21
10278.0
 31
0.0
100
AcDbAttribute
  2
MAHAL_KOD
 70
0
 74
2
  0
ATTRIB
  5
12A5
330
17
100
AcDbEntity
  8
METIN
100
AcDbText
 10
251600.0
 20
10042.0
 30
0.0
 40
156.0
  1
14.4 m2
 72
1
 11
251600.0
 21
10042.0
 31
0.0
100
AcDbAttribute
  2
ALAN
 70
0
 74
2
  0
SEQEND
  5
12A2
330
12A1
100
AcDbEntity
  8
METIN
  0
INSERT
  5
12A6
330
17
100
AcDbEntity
  8
METIN
100
AcDbBlockReference
 66
1
  2
MAHAL_ETIKET
 10
250550.0
 20
6775.0
 30
0.0
 41
2.0
 42
2.0
  0
ATTRIB
  5
12A8
330
17
100
AcDbEntity
  8
METIN
100
AcDbText
 10
250550.0
 20
7011.0
 30
0.0
 40
200.0
  1
CATI HOLU
 72
1
 11
250550.0
 21
7011.0
 31
0.0
100
AcDbAttribute
  2
MAHAL_ADI
 70
0
 74
2
  0
ATTRIB
  5
12A9
330
17
100
AcDbEntity
  8
METIN
100
AcDbText
 10
250550.0
 20
6753.0
 30
0.0
 40
156.0
  1
TR-03
 72
1
 11
250550.0
 21
6753.0
 31
0.0
100
AcDbAttribute
  2
MAHAL_KOD
 70
0
 74
2
  0
ATTRIB
  5
12AA
330
17
100
AcDbEntity
  8
METIN
100
AcDbText
 10
250550.0
 20
6517.0
 30
0.0
 40
156.0
  1
16.8 m2
 72
1
 11
250550.0
 21
6517.0
 31
0.0
100
AcDbAttribute
  2
ALAN
 70
0
 74
2
  0
SEQEND
  5
12A7
330
12A6
100
AcDbEntity
  8
METIN
  0
INSERT
  5
12AB
330
17
100
AcDbEntity
  8
METIN
100
AcDbBlockReference
 66
1
  2
MAHAL_ETIKET
 10
250550.0
 20
2625.0
 30
0.0
 41
2.0
 42
2.0
  0
ATTRIB
  5
12AD
330
17
100
AcDbEntity
  8
METIN
100
AcDbText
 10
250550.0
 20
2861.0
 30
0.0
 40
200.0
  1
CATI TERASI
 72
1
 11
250550.0
 21
2861.0
 31
0.0
100
AcDbAttribute
  2
MAHAL_ADI
 70
0
 74
2
  0
ATTRIB
  5
12AE
330
17
100
AcDbEntity
  8
METIN
100
AcDbText
 10
250550.0
 20
2603.0
 30
0.0
 40
156.0
  1
TR-04
 72
1
 11
250550.0
 21
2603.0
 31
0.0
100
AcDbAttribute
  2
MAHAL_KOD
 70
0
 74
2
  0
ATTRIB
  5
12AF
330
17
100
AcDbEntity
  8
METIN
100
AcDbText
 10
250550.0
 20
2367.0
 30
0.0
 40
156.0
  1
100.0 m2
 72
1
 11
250550.0
 21
2367.0
 31
0.0
100
AcDbAttribute
  2
ALAN
 70
0
 74
2
  0
SEQEND
  5
12AC
330
12AB
100
AcDbEntity
  8
METIN
  0
INSERT
  5
12B0
330
17
100
AcDbEntity
  8
METIN
100
AcDbBlockReference
 66
1
  2
MAHAL_ETIKET
 10
248550.13427734375
 20
14793.93310546875
 30
0.0
 41
2.0
 42
2.0
  0
ATTRIB
  5
12B2
330
17
100
AcDbEntity
  8
METIN
100
AcDbText
 10
248550.13427734375
 20
15029.93310546875
 30
0.0
 40
200.0
  1
CATI TERASI
 72
1
 11
248550.13427734375
 21
15029.93310546875
 31
0.0
100
AcDbAttribute
  2
MAHAL_ADI
 70
0
 74
2
  0
ATTRIB
  5
12B3
330
17
100
AcDbEntity
  8
METIN
100
AcDbText
 10
248550.13427734375
 20
14771.93310546875
 30
0.0
 40
156.0
  1
TR-05
 72
1
 11
248550.13427734375
 21
14771.93310546875
 31
0.0
100
AcDbAttribute
  2
MAHAL_KOD
 70
0
 74
2
  0
ATTRIB
  5
12B4
330
17
100
AcDbEntity
  8
METIN
100
AcDbText
 10
248550.13427734375
 20
14535.93310546875
 30
0.0
 40
156.0
  1
101.7 m2
 72
1
 11
248550.13427734375
 21
14535.93310546875
 31
0.0
100
AcDbAttribute
  2
ALAN
 70
0
 74
2
  0
SEQEND
  5
12B1
330
12B0
100
AcDbEntity
  8
METIN
  0
INSERT
  5
12B5
330
17
100
AcDbEntity
  8
METIN
100
AcDbBlockReference
 66
1
  2
MAHAL_ETIKET
 10
244025.0
 20
8775.0
 30
0.0
 41
2.0
 42
2.0
  0
ATTRIB
  5
12B7
330
17
100
AcDbEntity
  8
METIN
100
AcDbText
 10
244025.0
 20
9011.0
 30
0.0
 40
200.0
  1
CATI TERASI
 72
1
 11
244025.0
 21
9011.0
 31
0.0
100
AcDbAttribute
  2
MAHAL_ADI
 70
0
 74
2
  0
ATTRIB
  5
12B8
330
17
100
AcDbEntity
  8
METIN
100
AcDbText
 10
244025.0
 20
8753.0
 30
0.0
 40
156.0
  1
TR-06
 72
1
 11
244025.0
 21
8753.0
 31
0.0
100
AcDbAttribute
  2
MAHAL_KOD
 70
0
 74
2
  0
ATTRIB
  5
12B9
330
17
100
AcDbEntity
  8
METIN
100
AcDbText
 10
244025.0
 20
8517.0
 30
0.0
 40
156.0
  1
47.6 m2
 72
1
 11
244025.0
 21
8517.0
 31
0.0
100
AcDbAttribute
  2
ALAN
 70
0
 74
2
  0
SEQEND
  5
12B6
330
12B5
100
AcDbEntity
  8
METIN
  0
INSERT
  5
12BA
330
17
100
AcDbEntity
  8
METIN
100
AcDbBlockReference
 66
1
  2
MAHAL_ETIKET
 10
257075.0
 20
8775.0
 30
0.0
 41
2.0
 42
2.0
  0
ATTRIB
  5
12BC
330
17
100
AcDbEntity
  8
METIN
100
AcDbText
 10
257075.0
 20
9011.0
 30
0.0
 40
200.0
  1
CATI TERASI
 72
1
 11
257075.0
 21
9011.0
 31
0.0
100
AcDbAttribute
  2
MAHAL_ADI
 70
0
 74
2
  0
ATTRIB
  5
12BD
330
17
100
AcDbEntity
  8
METIN
100
AcDbText
 10
257075.0
 20
8753.0
 30
0.0
 40
156.0
  1
TR-07
 72
1
 11
257075.0
 21
8753.0
 31
0.0
100
AcDbAttribute
  2
MAHAL_KOD
 70
0
 74
2
  0
ATTRIB
  5
12BE
330
17
100
AcDbEntity
  8
METIN
100
AcDbText
 10
257075.0
 20
8517.0
 30
0.0
 40
156.0
  1
47.6 m2
 72
1
 11
257075.0
 21
8517.0
 31
0.0
100
AcDbAttribute
  2
ALAN
 70
0
 74
2
  0
SEQEND
  5
12BB
330
12BA
100
AcDbEntity
  8
METIN
  0
LINE
  5
12BF
330
17
100
AcDbEntity
  8
KESIT
  6
KESIT_HATTI
100
AcDbLine
 10
240150.0
 20
5833.333333333333
 30
0.0
 11
260950.0
 21
5833.333333333333
 31
0.0
  0
LWPOLYLINE
  5
12C0
330
17
100
AcDbEntity
  8
KESIT
100
AcDbPolyline
 90
3
 70
1
 10
240150.0
 20
6083.333333333333
 10
240250.0
 20
5833.333333333333
 10
240050.0
 20
5833.333333333333
  0
TEXT
  5
12C1
330
17
100
AcDbEntity
  8
KESIT
100
AcDbText
 10
240150.0
 20
5433.333333333333
 30
0.0
 40
150.0
  1
A
 72
1
 11
240150.0
 21
5433.333333333333
 31
0.0
100
AcDbText
 73
2
  0
LWPOLYLINE
  5
12C2
330
17
100
AcDbEntity
  8
KESIT
100
AcDbPolyline
 90
3
 70
1
 10
260950.0
 20
6083.333333333333
 10
261050.0
 20
5833.333333333333
 10
260850.0
 20
5833.333333333333
  0
TEXT
  5
12C3
330
17
100
AcDbEntity
  8
KESIT
100
AcDbText
 10
260950.0
 20
5433.333333333333
 30
0.0
 40
150.0
  1
A
 72
1
 11
260950.0
 21
5433.333333333333
 31
0.0
100
AcDbText
 73
2
  0
LINE
  5
12C4
330
17
100
AcDbEntity
  8
KESIT
  6
KESIT_HATTI
100
AcDbLine
 10
247216.66666666666
 20
-400.0
 30
0.0
 11
247216.66666666666
 21
17900.0
 31
0.0
  0
LWPOLYLINE
  5
12C5
330
17
100
AcDbEntity
  8
KESIT
100
AcDbPolyline
 90
3
 70
1
 10
247466.66666666666
 20
-400.0
 10
247216.66666666666
 20
-300.0
 10
247216.66666666666
 20
-500.0
  0
TEXT
  5
12C6
330
17
100
AcDbEntity
  8
KESIT
100
AcDbText
 10
246816.66666666666
 20
-400.0
 30
0.0
 40
150.0
  1
B
 72
1
 11
246816.66666666666
 21
-400.0
 31
0.0
100
AcDbText
 73
2
  0
LWPOLYLINE
  5
12C7
330
17
100
AcDbEntity
  8
KESIT
100
AcDbPolyline
 90
3
 70
1
 10
247466.66666666666
 20
17900.0
 10
247216.66666666666
 20
18000.0
 10
247216.66666666666
 20
17800.0
  0
TEXT
  5
12C8
330
17
100
AcDbEntity
  8
KESIT
100
AcDbText
 10
246816.66666666666
 20
17900.0
 30
0.0
 40
150.0
  1
B
 72
1
 11
246816.66666666666
 21
17900.0
 31
0.0
100
AcDbText
 73
2
  0
LWPOLYLINE
  5
12C9
330
17
100
AcDbEntity
  8
CERCEVE
100
AcDbPolyline
 90
4
 70
1
 10
236400.0
 20
-10150.0
 10
264700.0
 20
-10150.0
 10
264700.0
 20
24950.0
 10
236400.0
 20
24950.0
  0
LWPOLYLINE
  5
12CA
330
17
100
AcDbEntity
  8
CERCEVE
100
AcDbPolyline
 90
4
 70
1
 10
236550.0
 20
-10000.0
 10
264550.0
 20
-10000.0
 10
264550.0
 20
24800.0
 10
236550.0
 20
24800.0
  0
LWPOLYLINE
  5
12CB
330
17
100
AcDbEntity
  8
CERCEVE
100
AcDbPolyline
 90
4
 70
1
 10
256550.0
 20
-10000.0
 10
264550.0
 20
-10000.0
 10
264550.0
 20
-8800.0
 10
256550.0
 20
-8800.0
  0
LINE
  5
12CC
330
17
100
AcDbEntity
  8
CERCEVE
100
AcDbLine
 10
256550.0
 20
-9400.0
 30
0.0
 11
264550.0
 21
-9400.0
 31
0.0
  0
TEXT
  5
12CD
330
17
100
AcDbEntity
  8
METIN
100
AcDbText
 10
256650.0
 20
-8900.0
 30
0.0
 40
175.0
  1
OLCEK 1:50
 11
256650.0
 21
-8900.0
 31
0.0
100
AcDbText
 73
3
  0
TEXT
  5
12CE
330
17
100
AcDbEntity
  8
METIN
100
AcDbText
 10
256650.0
 20
-9500.0
 30
0.0
 40
175.0
  1
CATI KATI
 11
256650.0
 21
-9500.0
 31
0.0
100
AcDbText
 73
3
  0
LINE
  5
12CF
330
17
100
AcDbEntity
  8
AKS
  6
DASHED
100
AcDbLine
 10
268850.0
 20
-6750.0
 30
0.0
 11
268850.0
 21
20750.0
 31
0.0
  0
CIRCLE
  5
12D0
330
17
100
AcDbEntity
  8
AKS
100
AcDbCircle
 10
268850.0
 20
-7200.0
 30
0.0
 40
450.0
  0
TEXT
  5
12D1
330
17
100
AcDbEntity
  8
AKS
100
AcDbText
 10
268850.0
 20
-7200.0
 30
0.0
 40
350.0
  1
1
 72
1
 11
268850.0
 21
-7200.0
 31
0.0
100
AcDbText
 73
2
  0
CIRCLE
  5
12D2
330
17
100
AcDbEntity
  8
AKS
100
AcDbCircle
 10
268850.0
 20
21200.0
 30
0.0
 40
450.0
  0
TEXT
  5
12D3
330
17
100
AcDbEntity
  8
AKS
100
AcDbText
 10
268850.0
 20
21200.0
 30
0.0
 40
350.0
  1
1
 72
1
 11
268850.0
 21
21200.0
 31
0.0
100
AcDbText
 73
2
  0
LINE
  5
12D4
330
17
100
AcDbEntity
  8
AKS
  6
DASHED
100
AcDbLine
 10
275800.0
 20
-6750.0
 30
0.0
 11
275800.0
 21
20750.0
 31
0.0
  0
CIRCLE
  5
12D5
330
17
100
AcDbEntity
  8
AKS
100
AcDbCircle
 10
275800.0
 20
-7200.0
 30
0.0
 40
450.0
  0
TEXT
  5
12D6
330
17
100
AcDbEntity
  8
AKS
100
AcDbText
 10
275800.0
 20
-7200.0
 30
0.0
 40
350.0
  1
2
 72
1
 11
275800.0
 21
-7200.0
 31
0.0
100
AcDbText
 73
2
  0
CIRCLE
  5
12D7
330
17
100
AcDbEntity
  8
AKS
100
AcDbCircle
 10
275800.0
 20
21200.0
 30
0.0
 40
450.0
  0
TEXT
  5
12D8
330
17
100
AcDbEntity
  8
AKS
100
AcDbText
 10
275800.0
 20
21200.0
 30
0.0
 40
350.0
  1
2
 72
1
 11
275800.0
 21
21200.0
 31
0.0
100
AcDbText
 73
2
  0
LINE
  5
12D9
330
17
100
AcDbEntity
  8
AKS
  6
DASHED
100
AcDbLine
 10
281900.0
 20
-6750.0
 30
0.0
 11
281900.0
 21
20750.0
 31
0.0
  0
CIRCLE
  5
12DA
330
17
100
AcDbEntity
  8
AKS
100
AcDbCircle
 10
281900.0
 20
-7200.0
 30
0.0
 40
450.0
  0
TEXT
  5
12DB
330
17
100
AcDbEntity
  8
AKS
100
AcDbText
 10
281900.0
 20
-7200.0
 30
0.0
 40
350.0
  1
3
 72
1
 11
281900.0
 21
-7200.0
 31
0.0
100
AcDbText
 73
2
  0
CIRCLE
  5
12DC
330
17
100
AcDbEntity
  8
AKS
100
AcDbCircle
 10
281900.0
 20
21200.0
 30
0.0
 40
450.0
  0
TEXT
  5
12DD
330
17
100
AcDbEntity
  8
AKS
100
AcDbText
 10
281900.0
 20
21200.0
 30
0.0
 40
350.0
  1
3
 72
1
 11
281900.0
 21
21200.0
 31
0.0
100
AcDbText
 73
2
  0
LINE
  5
12DE
330
17
100
AcDbEntity
  8
AKS
  6
DASHED
100
AcDbLine
 10
288850.0
 20
-6750.0
 30
0.0
 11
288850.0
 21
20750.0
 31
0.0
  0
CIRCLE
  5
12DF
330
17
100
AcDbEntity
  8
AKS
100
AcDbCircle
 10
288850.0
 20
-7200.0
 30
0.0
 40
450.0
  0
TEXT
  5
12E0
330
17
100
AcDbEntity
  8
AKS
100
AcDbText
 10
288850.0
 20
-7200.0
 30
0.0
 40
350.0
  1
4
 72
1
 11
288850.0
 21
-7200.0
 31
0.0
100
AcDbText
 73
2
  0
CIRCLE
  5
12E1
330
17
100
AcDbEntity
  8
AKS
100
AcDbCircle
 10
288850.0
 20
21200.0
 30
0.0
 40
450.0
  0
TEXT
  5
12E2
330
17
100
AcDbEntity
  8
AKS
100
AcDbText
 10
288850.0
 20
21200.0
 30
0.0
 40
350.0
  1
4
 72
1
 11
288850.0
 21
21200.0
 31
0.0
100
AcDbText
 73
2
  0
DIMENSION
  5
12E3
330
17
100
AcDbEntity
  8
AKS
100
AcDbDimension
280
0
  2
*D82
  3
Standard
 10
268850.0
 20
-6400.0
 30
0.0
 11
272325.0
 21
-6400.0
 31
0.0
 70
32
 71
5
  1
695
100
AcDbAlignedDimension
 13
268850.0
 23
-6000.0
 33
0.0
 14
275800.0
 24
-6000.0
 34
0.0
 50
0.0
100
AcDbRotatedDimension
1001
ACAD
1000
DSTYLE
1002
{
1070
140
1040
120.0
1070
41
1040
84.0
1070
42
1040
150.0
1070
44
1040
150.0
1070
147
1040
80.0
1002
}
  0
DIMENSION
  5
12F3
330
17
100
AcDbEntity
  8
AKS
100
AcDbDimension
280
0
  2
*D83
  3
Standard
 10
275800.0
 20
-6400.0
 30
0.0
 11
278850.0
 21
-6400.0
 31
0.0
 70
32
 71
5
  1
610
100
AcDbAlignedDimension
 13
275800.0
 23
-6000.0
 33
0.0
 14
281900.0
 24
-6000.0
 34
0.0
 50
0.0
100
AcDbRotatedDimension
1001
ACAD
1000
DSTYLE
1002
{
1070
140
1040
120.0
1070
41
1040
84.0
1070
42
1040
150.0
1070
44
1040
150.0
1070
147
1040
80.0
1002
}
  0
DIMENSION
  5
1303
330
17
100
AcDbEntity
  8
AKS
100
AcDbDimension
280
0
  2
*D84
  3
Standard
 10
281900.0
 20
-6400.0
 30
0.0
 11
285375.0
 21
-6400.0
 31
0.0
 70
32
 71
5
  1
695
100
AcDbAlignedDimension
 13
281900.0
 23
-6000.0
 33
0.0
 14
288850.0
 24
-6000.0
 34
0.0
 50
0.0
100
AcDbRotatedDimension
1001
ACAD
1000
DSTYLE
1002
{
1070
140
1040
120.0
1070
41
1040
84.0
1070
42
1040
150.0
1070
44
1040
150.0
1070
147
1040
80.0
1002
}
  0
DIMENSION
  5
1313
330
17
100
AcDbEntity
  8
AKS
100
AcDbDimension
280
0
  2
*D85
  3
Standard
 10
268850.0
 20
-7950.0
 30
0.0
 11
278850.0
 21
-7950.0
 31
0.0
 70
32
 71
5
  1
2000
100
AcDbAlignedDimension
 13
268850.0
 23
-6000.0
 33
0.0
 14
288850.0
 24
-6000.0
 34
0.0
 50
0.0
100
AcDbRotatedDimension
1001
ACAD
1000
DSTYLE
1002
{
1070
140
1040
120.0
1070
41
1040
84.0
1070
42
1040
150.0
1070
44
1040
150.0
1070
147
1040
80.0
1002
}
  0
LWPOLYLINE
  5
1323
330
17
100
AcDbEntity
  8
DUVARLAR
  6
DASHED
100
AcDbPolyline
 90
4
 70
1
 10
268850.0
 20
-6000.0
 10
288850.0
 20
-6000.0
 10
288850.0
 20
-3000.0
 10
268850.0
 20
-3000.0
  0
TEXT
  5
1324
330
17
100
AcDbEntity
  8
METIN
100
AcDbText
 10
268550.0
 20
-4500.0
 30
0.0
 40
307.0158461352365
  1
2. BODRUM KAT
 72
2
 11
268550.0
 21
-4500.0
 31
0.0
100
AcDbText
 73
2
  0
LWPOLYLINE
  5
1325
330
17
100
AcDbEntity
  8
DUVARLAR
  6
DASHED
100
AcDbPolyline
 90
4
 70
1
 10
268850.0
 20
-3000.0
 10
288850.0
 20
-3000.0
 10
288850.0
 20
0.0
 10
268850.0
 20
0.0
  0
TEXT
  5
1326
330
17
100
AcDbEntity
  8
METIN
100
AcDbText
 10
268550.0
 20
-1500.0
 30
0.0
 40
307.0158461352365
  1
1. BODRUM KAT
 72
2
 11
268550.0
 21
-1500.0
 31
0.0
100
AcDbText
 73
2
  0
LWPOLYLINE
  5
1327
330
17
100
AcDbEntity
  8
DUVARLAR
100
AcDbPolyline
 90
4
 70
1
 10
268850.0
 20
0.0
 10
288850.0
 20
0.0
 10
288850.0
 20
4000.0
 10
268850.0
 20
4000.0
  0
LWPOLYLINE
  5
1328
330
17
100
AcDbEntity
  8
KAPI-PENCERE
100
AcDbPolyline
 90
4
 70
1
 10
271850.0
 20
900.0
 10
273850.0
 20
900.0
 10
273850.0
 20
3100.0
 10
271850.0
 20
3100.0
  0
LWPOLYLINE
  5
1329
330
17
100
AcDbEntity
  8
KAPI-PENCERE
100
AcDbPolyline
 90
4
 70
1
 10
275850.0
 20
900.0
 10
277850.0
 20
900.0
 10
277850.0
 20
3100.0
 10
275850.0
 20
3100.0
  0
LWPOLYLINE
  5
132A
330
17
100
AcDbEntity
  8
KAPI-PENCERE
100
AcDbPolyline
 90
4
 70
1
 10
279850.0
 20
900.0
 10
281850.0
 20
900.0
 10
281850.0
 20
3100.0
 10
279850.0
 20
3100.0
  0
LWPOLYLINE
  5
132B
330
17
100
AcDbEntity
  8
KAPI-PENCERE
100
AcDbPolyline
 90
4
 70
1
 10
283850.0
 20
900.0
 10
285850.0
 20
900.0
 10
285850.0
 20
3100.0
 10
283850.0
 20
3100.0
  0
LWPOLYLINE
  5
132C
330
17
100
AcDbEntity
  8
KAPI-PENCERE
100
AcDbPolyline
 90
4
 70
1
 10
277950.0
 20
0.0
 10
279750.0
 20
0.0
 10
279750.0
 20
2100.0
 10
277950.0
 20
2100.0
  0
TEXT
  5
132D
330
17
100
AcDbEntity
  8
METIN
100
AcDbText
 10
268550.0
 20
2000.0
 30
0.0
 40
307.0158461352365
  1
ZEMIN KAT
 72
2
 11
268550.0
 21
2000.0
 31
0.0
100
AcDbText
 73
2
  0
LWPOLYLINE
  5
132E
330
17
100
AcDbEntity
  8
DUVARLAR
100
AcDbPolyline
 90
4
 70
1
 10
268850.0
 20
4000.0
 10
288850.0
 20
4000.0
 10
288850.0
 20
7000.0
 10
268850.0
 20
7000.0
  0
LWPOLYLINE
  5
132F
330
17
100
AcDbEntity
  8
KAPI-PENCERE
100
AcDbPolyline
 90
4
 70
1
 10
272250.0
 20
4800.0
 10
273450.0
 20
4800.0
 10
273450.0
 20
6200.0
 10
272250.0
 20
6200.0
  0
LWPOLYLINE
  5
1330
330
17
100
AcDbEntity
  8
KAPI-PENCERE
100
AcDbPolyline
 90
4
 70
1
 10
276250.0
 20
4800.0
 10
277450.0
 20
4800.0
 10
277450.0
 20
6200.0
 10
276250.0
 20
6200.0
  0
LWPOLYLINE
  5
1331
330
17
100
AcDbEntity
  8
KAPI-PENCERE
100
AcDbPolyline
 90
4
 70
1
 10
280250.0
 20
4800.0
 10
281450.0
 20
4800.0
 10
281450.0
 20
6200.0
 10
280250.0
 20
6200.0
  0
LWPOLYLINE
  5
1332
330
17
100
AcDbEntity
  8
KAPI-PENCERE
100
AcDbPolyline
 90
4
 70
1
 10
284250.0
 20
4800.0
 10
285450.0
 20
4800.0
 10
285450.0
 20
6200.0
 10
284250.0
 20
6200.0
  0
TEXT
  5
1333
330
17
100
AcDbEntity
  8
METIN
100
AcDbText
 10
268550.0
 20
5500.0
 30
0.0
 40
307.0158461352365
  1
1. NORMAL KAT
 72
2
 11
268550.0
 21
5500.0
 31
0.0
100
AcDbText
 73
2
  0
LWPOLYLINE
  5
1334
330
17
100
AcDbEntity
  8
DUVARLAR
100
AcDbPolyline
 90
4
 70
1
 10
268850.0
 20
7000.0
 10
288850.0
 20
7000.0
 10
288850.0
 20
10000.0
 10
268850.0
 20
10000.0
  0
LWPOLYLINE
  5
1335
330
17
100
AcDbEntity
  8
KAPI-PENCERE
100
AcDbPolyline
 90
4
 70
1
 10
272250.0
 20
7800.0
 10
273450.0
 20
7800.0
 10
273450.0
 20
9200.0
 10
272250.0
 20
9200.0
  0
LWPOLYLINE
  5
1336
330
17
100
AcDbEntity
  8
KAPI-PENCERE
100
AcDbPolyline
 90
4
 70
1
 10
276250.0
 20
7800.0
 10
277450.0
 20
7800.0
 10
277450.0
 20
9200.0
 10
276250.0
 20
9200.0
  0
LWPOLYLINE
  5
1337
330
17
100
AcDbEntity
  8
KAPI-PENCERE
100
AcDbPolyline
 90
4
 70
1
 10
280250.0
 20
7800.0
 10
281450.0
 20
7800.0
 10
281450.0
 20
9200.0
 10
280250.0
 20
9200.0
  0
LWPOLYLINE
  5
1338
330
17
100
AcDbEntity
  8
KAPI-PENCERE
100
AcDbPolyline
 90
4
 70
1
 10
284250.0
 20
7800.0
 10
285450.0
 20
7800.0
 10
285450.0
 20
9200.0
 10
284250.0
 20
9200.0
  0
TEXT
  5
1339
330
17
100
AcDbEntity
  8
METIN
100
AcDbText
 10
268550.0
 20
8500.0
 30
0.0
 40
307.0158461352365
  1
2. NORMAL KAT
 72
2
 11
268550.0
 21
8500.0
 31
0.0
100
AcDbText
 73
2
  0
LWPOLYLINE
  5
133A
330
17
100
AcDbEntity
  8
DUVARLAR
100
AcDbPolyline
 90
4
 70
1
 10
268850.0
 20
10000.0
 10
288850.0
 20
10000.0
 10
288850.0
 20
13000.0
 10
268850.0
 20
13000.0
  0
LWPOLYLINE
  5
133B
330
17
100
AcDbEntity
  8
KAPI-PENCERE
100
AcDbPolyline
 90
4
 70
1
 10
272250.0
 20
10800.0
 10
273450.0
 20
10800.0
 10
273450.0
 20
12200.0
 10
272250.0
 20
12200.0
  0
LWPOLYLINE
  5
133C
330
17
100
AcDbEntity
  8
KAPI-PENCERE
100
AcDbPolyline
 90
4
 70
1
 10
276250.0
 20
10800.0
 10
277450.0
 20
10800.0
 10
277450.0
 20
12200.0
 10
276250.0
 20
12200.0
  0
LWPOLYLINE
  5
133D
330
17
100
AcDbEntity
  8
KAPI-PENCERE
100
AcDbPolyline
 90
4
 70
1
 10
280250.0
 20
10800.0
 10
281450.0
 20
10800.0
 10
281450.0
 20
12200.0
 10
280250.0
 20
12200.0
  0
LWPOLYLINE
  5
133E
330
17
100
AcDbEntity
  8
KAPI-PENCERE
100
AcDbPolyline
 90
4
 70
1
 10
284250.0
 20
10800.0
 10
285450.0
 20
10800.0
 10
285450.0
 20
12200.0
 10
284250.0
 20
12200.0
  0
TEXT
  5
133F
330
17
100
AcDbEntity
  8
METIN
100
AcDbText
 10
268550.0
 20
11500.0
 30
0.0
 40
307.0158461352365
  1
3. NORMAL KAT
 72
2
 11
268550.0
 21
11500.0
 31
0.0
100
AcDbText
 73
2
  0
LWPOLYLINE
  5
1340
330
17
100
AcDbEntity
  8
DUVARLAR
100
AcDbPolyline
 90
4
 70
1
 10
268850.0
 20
13000.0
 10
288850.0
 20
13000.0
 10
288850.0
 20
16000.0
 10
268850.0
 20
16000.0
  0
LWPOLYLINE
  5
1341
330
17
100
AcDbEntity
  8
KAPI-PENCERE
100
AcDbPolyline
 90
4
 70
1
 10
272250.0
 20
13800.0
 10
273450.0
 20
13800.0
 10
273450.0
 20
15200.0
 10
272250.0
 20
15200.0
  0
LWPOLYLINE
  5
1342
330
17
100
AcDbEntity
  8
KAPI-PENCERE
100
AcDbPolyline
 90
4
 70
1
 10
276250.0
 20
13800.0
 10
277450.0
 20
13800.0
 10
277450.0
 20
15200.0
 10
276250.0
 20
15200.0
  0
LWPOLYLINE
  5
1343
330
17
100
AcDbEntity
  8
KAPI-PENCERE
100
AcDbPolyline
 90
4
 70
1
 10
280250.0
 20
13800.0
 10
281450.0
 20
13800.0
 10
281450.0
 20
15200.0
 10
280250.0
 20
15200.0
  0
LWPOLYLINE
  5
1344
330
17
100
AcDbEntity
  8
KAPI-PENCERE
100
AcDbPolyline
 90
4
 70
1
 10
284250.0
 20
13800.0
 10
285450.0
 20
13800.0
 10
285450.0
 20
15200.0
 10
284250.0
 20
15200.0
  0
TEXT
  5
1345
330
17
100
AcDbEntity
  8
METIN
100
AcDbText
 10
268550.0
 20
14500.0
 30
0.0
 40
307.0158461352365
  1
4. NORMAL KAT
 72
2
 11
268550.0
 21
14500.0
 31
0.0
100
AcDbText
 73
2
  0
LWPOLYLINE
  5
1346
330
17
100
AcDbEntity
  8
DUVARLAR
100
AcDbPolyline
 90
4
 70
1
 10
268850.0
 20
16000.0
 10
288850.0
 20
16000.0
 10
288850.0
 20
19000.0
 10
268850.0
 20
19000.0
  0
LWPOLYLINE
  5
1347
330
17
100
AcDbEntity
  8
KAPI-PENCERE
100
AcDbPolyline
 90
4
 70
1
 10
272250.0
 20
16800.0
 10
273450.0
 20
16800.0
 10
273450.0
 20
18200.0
 10
272250.0
 20
18200.0
  0
LWPOLYLINE
  5
1348
330
17
100
AcDbEntity
  8
KAPI-PENCERE
100
AcDbPolyline
 90
4
 70
1
 10
276250.0
 20
16800.0
 10
277450.0
 20
16800.0
 10
277450.0
 20
18200.0
 10
276250.0
 20
18200.0
  0
LWPOLYLINE
  5
1349
330
17
100
AcDbEntity
  8
KAPI-PENCERE
100
AcDbPolyline
 90
4
 70
1
 10
280250.0
 20
16800.0
 10
281450.0
 20
16800.0
 10
281450.0
 20
18200.0
 10
280250.0
 20
18200.0
  0
LWPOLYLINE
  5
134A
330
17
100
AcDbEntity
  8
KAPI-PENCERE
100
AcDbPolyline
 90
4
 70
1
 10
284250.0
 20
16800.0
 10
285450.0
 20
16800.0
 10
285450.0
 20
18200.0
 10
284250.0
 20
18200.0
  0
TEXT
  5
134B
330
17
100
AcDbEntity
  8
METIN
100
AcDbText
 10
268550.0
 20
17500.0
 30
0.0
 40
307.0158461352365
  1
5. NORMAL KAT
 72
2
 11
268550.0
 21
17500.0
 31
0.0
100
AcDbText
 73
2
  0
LWPOLYLINE
  5
134C
330
17
100
AcDbEntity
  8
DUVARLAR
100
AcDbPolyline
 90
4
 70
1
 10
268850.0
 20
19000.0
 10
288850.0
 20
19000.0
 10
288850.0
 20
20000.0
 10
268850.0
 20
20000.0
  0
LWPOLYLINE
  5
134D
330
17
100
AcDbEntity
  8
DUVARLAR
100
AcDbPolyline
 90
4
 70
1
 10
272850.0
 20
20000.0
 10
277850.0
 20
20000.0
 10
277850.0
 20
20800.0
 10
272850.0
 20
20800.0
  0
TEXT
  5
134E
330
17
100
AcDbEntity
  8
METIN
100
AcDbText
 10
268550.0
 20
19500.0
 30
0.0
 40
307.0158461352365
  1
CATI / PARAPET
 72
2
 11
268550.0
 21
19500.0
 31
0.0
100
AcDbText
 73
2
  0
LINE
  5
134F
330
17
100
AcDbEntity
  8
OLCU
100
AcDbLine
 10
267850.0
 20
0.0
 30
0.0
 11
289850.0
 21
0.0
 31
0.0
  0
TEXT
  5
1350
330
17
100
AcDbEntity
  8
OLCU
100
AcDbText
 10
268550.0
 20
150.0
 30
0.0
 40
307.0158461352365
  1
+-0.00 ZEMIN
 72
2
 11
268550.0
 21
150.0
 31
0.0
100
AcDbText
 73
2
  0
LWPOLYLINE
  5
1351
330
17
100
AcDbEntity
  8
KOT
100
AcDbPolyline
 90
3
 70
1
 10
266350.0
 20
-6000.0
 10
266200.0
 20
-6060.0
 10
266200.0
 20
-5940.0
  0
TEXT
  5
1352
330
17
100
AcDbEntity
  8
KOT
100
AcDbText
 10
266125.0
 20
-6000.0
 30
0.0
 40
125.0
  1
-6.00
 72
2
 11
266125.0
 21
-6000.0
 31
0.0
100
AcDbText
 73
2
  0
LWPOLYLINE
  5
1353
330
17
100
AcDbEntity
  8
KOT
100
AcDbPolyline
 90
3
 70
1
 10
266350.0
 20
-3000.0
 10
266200.0
 20
-3060.0
 10
266200.0
 20
-2940.0
  0
TEXT
  5
1354
330
17
100
AcDbEntity
  8
KOT
100
AcDbText
 10
266125.0
 20
-3000.0
 30
0.0
 40
125.0
  1
-3.00
 72
2
 11
266125.0
 21
-3000.0
 31
0.0
100
AcDbText
 73
2
  0
LWPOLYLINE
  5
1355
330
17
100
AcDbEntity
  8
KOT
100
AcDbPolyline
 90
3
 70
1
 10
266350.0
 20
0.0
 10
266200.0
 20
-60.0
 10
266200.0
 20
60.0
  0
TEXT
  5
1356
330
17
100
AcDbEntity
  8
KOT
100
AcDbText
 10
266125.0
 20
0.0
 30
0.0
 40
125.0
  1
±0.00
 72
2
 11
266125.0
 21
0.0
 31
0.0
100
AcDbText
 73
2
  0
LWPOLYLINE
  5
1357
330
17
100
AcDbEntity
  8
KOT
100
AcDbPolyline
 90
3
 70
1
 10
266350.0
 20
4000.0
 10
266200.0
 20
3940.0
 10
266200.0
 20
4060.0
  0
TEXT
  5
1358
330
17
100
AcDbEntity
  8
KOT
100
AcDbText
 10
266125.0
 20
4000.0
 30
0.0
 40
125.0
  1
+4.00
 72
2
 11
266125.0
 21
4000.0
 31
0.0
100
AcDbText
 73
2
  0
LWPOLYLINE
  5
1359
330
17
100
AcDbEntity
  8
KOT
100
AcDbPolyline
 90
3
 70
1
 10
266350.0
 20
7000.0
 10
266200.0
 20
6940.0
 10
266200.0
 20
7060.0
  0
TEXT
  5
135A
330
17
100
AcDbEntity
  8
KOT
100
AcDbText
 10
266125.0
 20
7000.0
 30
0.0
 40
125.0
  1
+7.00
 72
2
 11
266125.0
 21
7000.0
 31
0.0
100
AcDbText
 73
2
  0
LWPOLYLINE
  5
135B
330
17
100
AcDbEntity
  8
KOT
100
AcDbPolyline
 90
3
 70
1
 10
266350.0
 20
10000.0
 10
266200.0
 20
9940.0
 10
266200.0
 20
10060.0
  0
TEXT
  5
135C
330
17
100
AcDbEntity
  8
KOT
100
AcDbText
 10
266125.0
 20
10000.0
 30
0.0
 40
125.0
  1
+10.00
 72
2
 11
266125.0
 21
10000.0
 31
0.0
100
AcDbText
 73
2
  0
LWPOLYLINE
  5
135D
330
17
100
AcDbEntity
  8
KOT
100
AcDbPolyline
 90
3
 70
1
 10
266350.0
 20
13000.0
 10
266200.0
 20
12940.0
 10
266200.0
 20
13060.0
  0
TEXT
  5
135E
330
17
100
AcDbEntity
  8
KOT
100
AcDbText
 10
266125.0
 20
13000.0
 30
0.0
 40
125.0
  1
+13.00
 72
2
 11
266125.0
 21
13000.0
 31
0.0
100
AcDbText
 73
2
  0
LWPOLYLINE
  5
135F
330
17
100
AcDbEntity
  8
KOT
100
AcDbPolyline
 90
3
 70
1
 10
266350.0
 20
16000.0
 10
266200.0
 20
15940.0
 10
266200.0
 20
16060.0
  0
TEXT
  5
1360
330
17
100
AcDbEntity
  8
KOT
100
AcDbText
 10
266125.0
 20
16000.0
 30
0.0
 40
125.0
  1
+16.00
 72
2
 11
266125.0
 21
16000.0
 31
0.0
100
AcDbText
 73
2
  0
LWPOLYLINE
  5
1361
330
17
100
AcDbEntity
  8
KOT
100
AcDbPolyline
 90
3
 70
1
 10
266350.0
 20
19000.0
 10
266200.0
 20
18940.0
 10
266200.0
 20
19060.0
  0
TEXT
  5
1362
330
17
100
AcDbEntity
  8
KOT
100
AcDbText
 10
266125.0
 20
19000.0
 30
0.0
 40
125.0
  1
+19.00
 72
2
 11
266125.0
 21
19000.0
 31
0.0
100
AcDbText
 73
2
  0
LWPOLYLINE
  5
1363
330
17
100
AcDbEntity
  8
KOT
100
AcDbPolyline
 90
3
 70
1
 10
266350.0
 20
20000.0
 10
266200.0
 20
19940.0
 10
266200.0
 20
20060.0
  0
TEXT
  5
1364
330
17
100
AcDbEntity
  8
KOT
100
AcDbText
 10
266125.0
 20
20000.0
 30
0.0
 40
125.0
  1
+20.00
 72
2
 11
266125.0
 21
20000.0
 31
0.0
100
AcDbText
 73
2
  0
LWPOLYLINE
  5
1365
330
17
100
AcDbEntity
  8
CERCEVE
100
AcDbPolyline
 90
4
 70
1
 10
264700.0
 20
-10150.0
 10
293000.0
 20
-10150.0
 10
293000.0
 20
24950.0
 10
264700.0
 20
24950.0
  0
LWPOLYLINE
  5
1366
330
17
100
AcDbEntity
  8
CERCEVE
100
AcDbPolyline
 90
4
 70
1
 10
264850.0
 20
-10000.0
 10
292850.0
 20
-10000.0
 10
292850.0
 20
24800.0
 10
264850.0
 20
24800.0
  0
LWPOLYLINE
  5
1367
330
17
100
AcDbEntity
  8
CERCEVE
100
AcDbPolyline
 90
4
 70
1
 10
284850.0
 20
-10000.0
 10
292850.0
 20
-10000.0
 10
292850.0
 20
-8800.0
 10
284850.0
 20
-8800.0
  0
LINE
  5
1368
330
17
100
AcDbEntity
  8
CERCEVE
100
AcDbLine
 10
284850.0
 20
-9400.0
 30
0.0
 11
292850.0
 21
-9400.0
 31
0.0
  0
TEXT
  5
1369
330
17
100
AcDbEntity
  8
METIN
100
AcDbText
 10
284950.0
 20
-8900.0
 30
0.0
 40
175.0
  1
OLCEK 1:50
 11
284950.0
 21
-8900.0
 31
0.0
100
AcDbText
 73
3
  0
TEXT
  5
136A
330
17
100
AcDbEntity
  8
METIN
100
AcDbText
 10
284950.0
 20
-9500.0
 30
0.0
 40
175.0
  1
ON CEPHE GORUNUSU
 11
284950.0
 21
-9500.0
 31
0.0
100
AcDbText
 73
3
  0
LINE
  5
136B
330
17
100
AcDbEntity
  8
AKS
  6
DASHED
100
AcDbLine
 10
297150.0
 20
-6750.0
 30
0.0
 11
297150.0
 21
20750.0
 31
0.0
  0
CIRCLE
  5
136C
330
17
100
AcDbEntity
  8
AKS
100
AcDbCircle
 10
297150.0
 20
-7200.0
 30
0.0
 40
450.0
  0
TEXT
  5
136D
330
17
100
AcDbEntity
  8
AKS
100
AcDbText
 10
297150.0
 20
-7200.0
 30
0.0
 40
350.0
  1
A
 72
1
 11
297150.0
 21
-7200.0
 31
0.0
100
AcDbText
 73
2
  0
CIRCLE
  5
136E
330
17
100
AcDbEntity
  8
AKS
100
AcDbCircle
 10
297150.0
 20
21200.0
 30
0.0
 40
450.0
  0
TEXT
  5
136F
330
17
100
AcDbEntity
  8
AKS
100
AcDbText
 10
297150.0
 20
21200.0
 30
0.0
 40
350.0
  1
A
 72
1
 11
297150.0
 21
21200.0
 31
0.0
100
AcDbText
 73
2
  0
LINE
  5
1370
330
17
100
AcDbEntity
  8
AKS
  6
DASHED
100
AcDbLine
 10
302400.0
 20
-6750.0
 30
0.0
 11
302400.0
 21
20750.0
 31
0.0
  0
CIRCLE
  5
1371
330
17
100
AcDbEntity
  8
AKS
100
AcDbCircle
 10
302400.0
 20
-7200.0
 30
0.0
 40
450.0
  0
TEXT
  5
1372
330
17
100
AcDbEntity
  8
AKS
100
AcDbText
 10
302400.0
 20
-7200.0
 30
0.0
 40
350.0
  1
B
 72
1
 11
302400.0
 21
-7200.0
 31
0.0
100
AcDbText
 73
2
  0
CIRCLE
  5
1373
330
17
100
AcDbEntity
  8
AKS
100
AcDbCircle
 10
302400.0
 20
21200.0
 30
0.0
 40
450.0
  0
TEXT
  5
1374
330
17
100
AcDbEntity
  8
AKS
100
AcDbText
 10
302400.0
 20
21200.0
 30
0.0
 40
350.0
  1
B
 72
1
 11
302400.0
 21
21200.0
 31
0.0
100
AcDbText
 73
2
  0
LINE
  5
1375
330
17
100
AcDbEntity
  8
AKS
  6
DASHED
100
AcDbLine
 10
306450.0
 20
-6750.0
 30
0.0
 11
306450.0
 21
20750.0
 31
0.0
  0
CIRCLE
  5
1376
330
17
100
AcDbEntity
  8
AKS
100
AcDbCircle
 10
306450.0
 20
-7200.0
 30
0.0
 40
450.0
  0
TEXT
  5
1377
330
17
100
AcDbEntity
  8
AKS
100
AcDbText
 10
306450.0
 20
-7200.0
 30
0.0
 40
350.0
  1
C
 72
1
 11
306450.0
 21
-7200.0
 31
0.0
100
AcDbText
 73
2
  0
CIRCLE
  5
1378
330
17
100
AcDbEntity
  8
AKS
100
AcDbCircle
 10
306450.0
 20
21200.0
 30
0.0
 40
450.0
  0
TEXT
  5
1379
330
17
100
AcDbEntity
  8
AKS
100
AcDbText
 10
306450.0
 20
21200.0
 30
0.0
 40
350.0
  1
C
 72
1
 11
306450.0
 21
21200.0
 31
0.0
100
AcDbText
 73
2
  0
LINE
  5
137A
330
17
100
AcDbEntity
  8
AKS
  6
DASHED
100
AcDbLine
 10
309450.0
 20
-6750.0
 30
0.0
 11
309450.0
 21
20750.0
 31
0.0
  0
CIRCLE
  5
137B
330
17
100
AcDbEntity
  8
AKS
100
AcDbCircle
 10
309450.0
 20
-7200.0
 30
0.0
 40
450.0
  0
TEXT
  5
137C
330
17
100
AcDbEntity
  8
AKS
100
AcDbText
 10
309450.0
 20
-7200.0
 30
0.0
 40
350.0
  1
D
 72
1
 11
309450.0
 21
-7200.0
 31
0.0
100
AcDbText
 73
2
  0
CIRCLE
  5
137D
330
17
100
AcDbEntity
  8
AKS
100
AcDbCircle
 10
309450.0
 20
21200.0
 30
0.0
 40
450.0
  0
TEXT
  5
137E
330
17
100
AcDbEntity
  8
AKS
100
AcDbText
 10
309450.0
 20
21200.0
 30
0.0
 40
350.0
  1
D
 72
1
 11
309450.0
 21
21200.0
 31
0.0
100
AcDbText
 73
2
  0
LINE
  5
137F
330
17
100
AcDbEntity
  8
AKS
  6
DASHED
100
AcDbLine
 10
314650.0
 20
-6750.0
 30
0.0
 11
314650.0
 21
20750.0
 31
0.0
  0
CIRCLE
  5
1380
330
17
100
AcDbEntity
  8
AKS
100
AcDbCircle
 10
314650.0
 20
-7200.0
 30
0.0
 40
450.0
  0
TEXT
  5
1381
330
17
100
AcDbEntity
  8
AKS
100
AcDbText
 10
314650.0
 20
-7200.0
 30
0.0
 40
350.0
  1
E
 72
1
 11
314650.0
 21
-7200.0
 31
0.0
100
AcDbText
 73
2
  0
CIRCLE
  5
1382
330
17
100
AcDbEntity
  8
AKS
100
AcDbCircle
 10
314650.0
 20
21200.0
 30
0.0
 40
450.0
  0
TEXT
  5
1383
330
17
100
AcDbEntity
  8
AKS
100
AcDbText
 10
314650.0
 20
21200.0
 30
0.0
 40
350.0
  1
E
 72
1
 11
314650.0
 21
21200.0
 31
0.0
100
AcDbText
 73
2
  0
DIMENSION
  5
1384
330
17
100
AcDbEntity
  8
AKS
100
AcDbDimension
280
0
  2
*D86
  3
Standard
 10
297150.0
 20
-6400.0
 30
0.0
 11
299775.0
 21
-6400.0
 31
0.0
 70
32
 71
5
  1
525
100
AcDbAlignedDimension
 13
297150.0
 23
-6000.0
 33
0.0
 14
302400.0
 24
-6000.0
 34
0.0
 50
0.0
100
AcDbRotatedDimension
1001
ACAD
1000
DSTYLE
1002
{
1070
140
1040
120.0
1070
41
1040
84.0
1070
42
1040
150.0
1070
44
1040
150.0
1070
147
1040
80.0
1002
}
  0
DIMENSION
  5
1394
330
17
100
AcDbEntity
  8
AKS
100
AcDbDimension
280
0
  2
*D87
  3
Standard
 10
302400.0
 20
-6400.0
 30
0.0
 11
304425.0
 21
-6400.0
 31
0.0
 70
32
 71
5
  1
405
100
AcDbAlignedDimension
 13
302400.0
 23
-6000.0
 33
0.0
 14
306450.0
 24
-6000.0
 34
0.0
 50
0.0
100
AcDbRotatedDimension
1001
ACAD
1000
DSTYLE
1002
{
1070
140
1040
120.0
1070
41
1040
84.0
1070
42
1040
150.0
1070
44
1040
150.0
1070
147
1040
80.0
1002
}
  0
DIMENSION
  5
13A4
330
17
100
AcDbEntity
  8
AKS
100
AcDbDimension
280
0
  2
*D88
  3
Standard
 10
306450.0
 20
-6400.0
 30
0.0
 11
307950.0
 21
-6400.0
 31
0.0
 70
32
 71
5
  1
300
100
AcDbAlignedDimension
 13
306450.0
 23
-6000.0
 33
0.0
 14
309450.0
 24
-6000.0
 34
0.0
 50
0.0
100
AcDbRotatedDimension
1001
ACAD
1000
DSTYLE
1002
{
1070
140
1040
120.0
1070
41
1040
84.0
1070
42
1040
150.0
1070
44
1040
150.0
1070
147
1040
80.0
1002
}
  0
DIMENSION
  5
13B4
330
17
100
AcDbEntity
  8
AKS
100
AcDbDimension
280
0
  2
*D89
  3
Standard
 10
309450.0
 20
-6400.0
 30
0.0
 11
312050.0
 21
-6400.0
 31
0.0
 70
32
 71
5
  1
520
100
AcDbAlignedDimension
 13
309450.0
 23
-6000.0
 33
0.0
 14
314650.0
 24
-6000.0
 34
0.0
 50
0.0
100
AcDbRotatedDimension
1001
ACAD
1000
DSTYLE
1002
{
1070
140
1040
120.0
1070
41
1040
84.0
1070
42
1040
150.0
1070
44
1040
150.0
1070
147
1040
80.0
1002
}
  0
DIMENSION
  5
13C4
330
17
100
AcDbEntity
  8
AKS
100
AcDbDimension
280
0
  2
*D90
  3
Standard
 10
297150.0
 20
-7950.0
 30
0.0
 11
305900.0
 21
-7950.0
 31
0.0
 70
32
 71
5
  1
1750
100
AcDbAlignedDimension
 13
297150.0
 23
-6000.0
 33
0.0
 14
314650.0
 24
-6000.0
 34
0.0
 50
0.0
100
AcDbRotatedDimension
1001
ACAD
1000
DSTYLE
1002
{
1070
140
1040
120.0
1070
41
1040
84.0
1070
42
1040
150.0
1070
44
1040
150.0
1070
147
1040
80.0
1002
}
  0
LWPOLYLINE
  5
13D4
330
17
100
AcDbEntity
  8
DUVARLAR
  6
DASHED
100
AcDbPolyline
 90
4
 70
1
 10
297150.0
 20
-6000.0
 10
314650.0
 20
-6000.0
 10
314650.0
 20
-3000.0
 10
297150.0
 20
-3000.0
  0
TEXT
  5
13D5
330
17
100
AcDbEntity
  8
METIN
100
AcDbText
 10
296850.0
 20
-4500.0
 30
0.0
 40
307.0158461352365
  1
2. BODRUM KAT
 72
2
 11
296850.0
 21
-4500.0
 31
0.0
100
AcDbText
 73
2
  0
LWPOLYLINE
  5
13D6
330
17
100
AcDbEntity
  8
DUVARLAR
  6
DASHED
100
AcDbPolyline
 90
4
 70
1
 10
297150.0
 20
-3000.0
 10
314650.0
 20
-3000.0
 10
314650.0
 20
0.0
 10
297150.0
 20
0.0
  0
TEXT
  5
13D7
330
17
100
AcDbEntity
  8
METIN
100
AcDbText
 10
296850.0
 20
-1500.0
 30
0.0
 40
307.0158461352365
  1
1. BODRUM KAT
 72
2
 11
296850.0
 21
-1500.0
 31
0.0
100
AcDbText
 73
2
  0
LWPOLYLINE
  5
13D8
330
17
100
AcDbEntity
  8
DUVARLAR
100
AcDbPolyline
 90
4
 70
1
 10
297150.0
 20
0.0
 10
314650.0
 20
0.0
 10
314650.0
 20
4000.0
 10
297150.0
 20
4000.0
  0
LWPOLYLINE
  5
13D9
330
17
100
AcDbEntity
  8
KAPI-PENCERE
100
AcDbPolyline
 90
4
 70
1
 10
305150.0
 20
1000.0
 10
306650.0
 20
1000.0
 10
306650.0
 20
3000.0
 10
305150.0
 20
3000.0
  0
TEXT
  5
13DA
330
17
100
AcDbEntity
  8
METIN
100
AcDbText
 10
296850.0
 20
2000.0
 30
0.0
 40
307.0158461352365
  1
ZEMIN KAT
 72
2
 11
296850.0
 21
2000.0
 31
0.0
100
AcDbText
 73
2
  0
LWPOLYLINE
  5
13DB
330
17
100
AcDbEntity
  8
DUVARLAR
100
AcDbPolyline
 90
4
 70
1
 10
297150.0
 20
4000.0
 10
314650.0
 20
4000.0
 10
314650.0
 20
7000.0
 10
297150.0
 20
7000.0
  0
LWPOLYLINE
  5
13DC
330
17
100
AcDbEntity
  8
KAPI-PENCERE
100
AcDbPolyline
 90
4
 70
1
 10
305200.0
 20
4750.0
 10
306600.0
 20
4750.0
 10
306600.0
 20
6250.0
 10
305200.0
 20
6250.0
  0
TEXT
  5
13DD
330
17
100
AcDbEntity
  8
METIN
100
AcDbText
 10
296850.0
 20
5500.0
 30
0.0
 40
307.0158461352365
  1
1. NORMAL KAT
 72
2
 11
296850.0
 21
5500.0
 31
0.0
100
AcDbText
 73
2
  0
LWPOLYLINE
  5
13DE
330
17
100
AcDbEntity
  8
DUVARLAR
100
AcDbPolyline
 90
4
 70
1
 10
297150.0
 20
7000.0
 10
314650.0
 20
7000.0
 10
314650.0
 20
10000.0
 10
297150.0
 20
10000.0
  0
LWPOLYLINE
  5
13DF
330
17
100
AcDbEntity
  8
KAPI-PENCERE
100
AcDbPolyline
 90
4
 70
1
 10
305200.0
 20
7750.0
 10
306600.0
 20
7750.0
 10
306600.0
 20
9250.0
 10
305200.0
 20
9250.0
  0
TEXT
  5
13E0
330
17
100
AcDbEntity
  8
METIN
100
AcDbText
 10
296850.0
 20
8500.0
 30
0.0
 40
307.0158461352365
  1
2. NORMAL KAT
 72
2
 11
296850.0
 21
8500.0
 31
0.0
100
AcDbText
 73
2
  0
LWPOLYLINE
  5
13E1
330
17
100
AcDbEntity
  8
DUVARLAR
100
AcDbPolyline
 90
4
 70
1
 10
297150.0
 20
10000.0
 10
314650.0
 20
10000.0
 10
314650.0
 20
13000.0
 10
297150.0
 20
13000.0
  0
LWPOLYLINE
  5
13E2
330
17
100
AcDbEntity
  8
KAPI-PENCERE
100
AcDbPolyline
 90
4
 70
1
 10
305200.0
 20
10750.0
 10
306600.0
 20
10750.0
 10
306600.0
 20
12250.0
 10
305200.0
 20
12250.0
  0
TEXT
  5
13E3
330
17
100
AcDbEntity
  8
METIN
100
AcDbText
 10
296850.0
 20
11500.0
 30
0.0
 40
307.0158461352365
  1
3. NORMAL KAT
 72
2
 11
296850.0
 21
11500.0
 31
0.0
100
AcDbText
 73
2
  0
LWPOLYLINE
  5
13E4
330
17
100
AcDbEntity
  8
DUVARLAR
100
AcDbPolyline
 90
4
 70
1
 10
297150.0
 20
13000.0
 10
314650.0
 20
13000.0
 10
314650.0
 20
16000.0
 10
297150.0
 20
16000.0
  0
LWPOLYLINE
  5
13E5
330
17
100
AcDbEntity
  8
KAPI-PENCERE
100
AcDbPolyline
 90
4
 70
1
 10
305200.0
 20
13750.0
 10
306600.0
 20
13750.0
 10
306600.0
 20
15250.0
 10
305200.0
 20
15250.0
  0
TEXT
  5
13E6
330
17
100
AcDbEntity
  8
METIN
100
AcDbText
 10
296850.0
 20
14500.0
 30
0.0
 40
307.0158461352365
  1
4. NORMAL KAT
 72
2
 11
296850.0
 21
14500.0
 31
0.0
100
AcDbText
 73
2
  0
LWPOLYLINE
  5
13E7
330
17
100
AcDbEntity
  8
DUVARLAR
100
AcDbPolyline
 90
4
 70
1
 10
297150.0
 20
16000.0
 10
314650.0
 20
16000.0
 10
314650.0
 20
19000.0
 10
297150.0
 20
19000.0
  0
LWPOLYLINE
  5
13E8
330
17
100
AcDbEntity
  8
KAPI-PENCERE
100
AcDbPolyline
 90
4
 70
1
 10
305200.0
 20
16750.0
 10
306600.0
 20
16750.0
 10
306600.0
 20
18250.0
 10
305200.0
 20
18250.0
  0
TEXT
  5
13E9
330
17
100
AcDbEntity
  8
METIN
100
AcDbText
 10
296850.0
 20
17500.0
 30
0.0
 40
307.0158461352365
  1
5. NORMAL KAT
 72
2
 11
296850.0
 21
17500.0
 31
0.0
100
AcDbText
 73
2
  0
LWPOLYLINE
  5
13EA
330
17
100
AcDbEntity
  8
DUVARLAR
100
AcDbPolyline
 90
4
 70
1
 10
297150.0
 20
19000.0
 10
314650.0
 20
19000.0
 10
314650.0
 20
20000.0
 10
297150.0
 20
20000.0
  0
LWPOLYLINE
  5
13EB
330
17
100
AcDbEntity
  8
DUVARLAR
100
AcDbPolyline
 90
4
 70
1
 10
300650.0
 20
20000.0
 10
305025.0
 20
20000.0
 10
305025.0
 20
20800.0
 10
300650.0
 20
20800.0
  0
TEXT
  5
13EC
330
17
100
AcDbEntity
  8
METIN
100
AcDbText
 10
296850.0
 20
19500.0
 30
0.0
 40
307.0158461352365
  1
CATI / PARAPET
 72
2
 11
296850.0
 21
19500.0
 31
0.0
100
AcDbText
 73
2
  0
LINE
  5
13ED
330
17
100
AcDbEntity
  8
OLCU
100
AcDbLine
 10
296150.0
 20
0.0
 30
0.0
 11
315650.0
 21
0.0
 31
0.0
  0
TEXT
  5
13EE
330
17
100
AcDbEntity
  8
OLCU
100
AcDbText
 10
296850.0
 20
150.0
 30
0.0
 40
307.0158461352365
  1
+-0.00 ZEMIN
 72
2
 11
296850.0
 21
150.0
 31
0.0
100
AcDbText
 73
2
  0
LWPOLYLINE
  5
13EF
330
17
100
AcDbEntity
  8
KOT
100
AcDbPolyline
 90
3
 70
1
 10
294650.0
 20
-6000.0
 10
294500.0
 20
-6060.0
 10
294500.0
 20
-5940.0
  0
TEXT
  5
13F0
330
17
100
AcDbEntity
  8
KOT
100
AcDbText
 10
294425.0
 20
-6000.0
 30
0.0
 40
125.0
  1
-6.00
 72
2
 11
294425.0
 21
-6000.0
 31
0.0
100
AcDbText
 73
2
  0
LWPOLYLINE
  5
13F1
330
17
100
AcDbEntity
  8
KOT
100
AcDbPolyline
 90
3
 70
1
 10
294650.0
 20
-3000.0
 10
294500.0
 20
-3060.0
 10
294500.0
 20
-2940.0
  0
TEXT
  5
13F2
330
17
100
AcDbEntity
  8
KOT
100
AcDbText
 10
294425.0
 20
-3000.0
 30
0.0
 40
125.0
  1
-3.00
 72
2
 11
294425.0
 21
-3000.0
 31
0.0
100
AcDbText
 73
2
  0
LWPOLYLINE
  5
13F3
330
17
100
AcDbEntity
  8
KOT
100
AcDbPolyline
 90
3
 70
1
 10
294650.0
 20
0.0
 10
294500.0
 20
-60.0
 10
294500.0
 20
60.0
  0
TEXT
  5
13F4
330
17
100
AcDbEntity
  8
KOT
100
AcDbText
 10
294425.0
 20
0.0
 30
0.0
 40
125.0
  1
±0.00
 72
2
 11
294425.0
 21
0.0
 31
0.0
100
AcDbText
 73
2
  0
LWPOLYLINE
  5
13F5
330
17
100
AcDbEntity
  8
KOT
100
AcDbPolyline
 90
3
 70
1
 10
294650.0
 20
4000.0
 10
294500.0
 20
3940.0
 10
294500.0
 20
4060.0
  0
TEXT
  5
13F6
330
17
100
AcDbEntity
  8
KOT
100
AcDbText
 10
294425.0
 20
4000.0
 30
0.0
 40
125.0
  1
+4.00
 72
2
 11
294425.0
 21
4000.0
 31
0.0
100
AcDbText
 73
2
  0
LWPOLYLINE
  5
13F7
330
17
100
AcDbEntity
  8
KOT
100
AcDbPolyline
 90
3
 70
1
 10
294650.0
 20
7000.0
 10
294500.0
 20
6940.0
 10
294500.0
 20
7060.0
  0
TEXT
  5
13F8
330
17
100
AcDbEntity
  8
KOT
100
AcDbText
 10
294425.0
 20
7000.0
 30
0.0
 40
125.0
  1
+7.00
 72
2
 11
294425.0
 21
7000.0
 31
0.0
100
AcDbText
 73
2
  0
LWPOLYLINE
  5
13F9
330
17
100
AcDbEntity
  8
KOT
100
AcDbPolyline
 90
3
 70
1
 10
294650.0
 20
10000.0
 10
294500.0
 20
9940.0
 10
294500.0
 20
10060.0
  0
TEXT
  5
13FA
330
17
100
AcDbEntity
  8
KOT
100
AcDbText
 10
294425.0
 20
10000.0
 30
0.0
 40
125.0
  1
+10.00
 72
2
 11
294425.0
 21
10000.0
 31
0.0
100
AcDbText
 73
2
  0
LWPOLYLINE
  5
13FB
330
17
100
AcDbEntity
  8
KOT
100
AcDbPolyline
 90
3
 70
1
 10
294650.0
 20
13000.0
 10
294500.0
 20
12940.0
 10
294500.0
 20
13060.0
  0
TEXT
  5
13FC
330
17
100
AcDbEntity
  8
KOT
100
AcDbText
 10
294425.0
 20
13000.0
 30
0.0
 40
125.0
  1
+13.00
 72
2
 11
294425.0
 21
13000.0
 31
0.0
100
AcDbText
 73
2
  0
LWPOLYLINE
  5
13FD
330
17
100
AcDbEntity
  8
KOT
100
AcDbPolyline
 90
3
 70
1
 10
294650.0
 20
16000.0
 10
294500.0
 20
15940.0
 10
294500.0
 20
16060.0
  0
TEXT
  5
13FE
330
17
100
AcDbEntity
  8
KOT
100
AcDbText
 10
294425.0
 20
16000.0
 30
0.0
 40
125.0
  1
+16.00
 72
2
 11
294425.0
 21
16000.0
 31
0.0
100
AcDbText
 73
2
  0
LWPOLYLINE
  5
13FF
330
17
100
AcDbEntity
  8
KOT
100
AcDbPolyline
 90
3
 70
1
 10
294650.0
 20
19000.0
 10
294500.0
 20
18940.0
 10
294500.0
 20
19060.0
  0
TEXT
  5
1400
330
17
100
AcDbEntity
  8
KOT
100
AcDbText
 10
294425.0
 20
19000.0
 30
0.0
 40
125.0
  1
+19.00
 72
2
 11
294425.0
 21
19000.0
 31
0.0
100
AcDbText
 73
2
  0
LWPOLYLINE
  5
1401
330
17
100
AcDbEntity
  8
KOT
100
AcDbPolyline
 90
3
 70
1
 10
294650.0
 20
20000.0
 10
294500.0
 20
19940.0
 10
294500.0
 20
20060.0
  0
TEXT
  5
1402
330
17
100
AcDbEntity
  8
KOT
100
AcDbText
 10
294425.0
 20
20000.0
 30
0.0
 40
125.0
  1
+20.00
 72
2
 11
294425.0
 21
20000.0
 31
0.0
100
AcDbText
 73
2
  0
LWPOLYLINE
  5
1403
330
17
100
AcDbEntity
  8
CERCEVE
100
AcDbPolyline
 90
4
 70
1
 10
293000.0
 20
-10150.0
 10
318800.0
 20
-10150.0
 10
318800.0
 20
24950.0
 10
293000.0
 20
24950.0
  0
LWPOLYLINE
  5
1404
330
17
100
AcDbEntity
  8
CERCEVE
100
AcDbPolyline
 90
4
 70
1
 10
293150.0
 20
-10000.0
 10
318650.0
 20
-10000.0
 10
318650.0
 20
24800.0
 10
293150.0
 20
24800.0
  0
LWPOLYLINE
  5
1405
330
17
100
AcDbEntity
  8
CERCEVE
100
AcDbPolyline
 90
4
 70
1
 10
310650.0
 20
-10000.0
 10
318650.0
 20
-10000.0
 10
318650.0
 20
-8800.0
 10
310650.0
 20
-8800.0
  0
LINE
  5
1406
330
17
100
AcDbEntity
  8
CERCEVE
100
AcDbLine
 10
310650.0
 20
-9400.0
 30
0.0
 11
318650.0
 21
-9400.0
 31
0.0
  0
TEXT
  5
1407
330
17
100
AcDbEntity
  8
METIN
100
AcDbText
 10
310750.0
 20
-8900.0
 30
0.0
 40
175.0
  1
OLCEK 1:50
 11
310750.0
 21
-8900.0
 31
0.0
100
AcDbText
 73
3
  0
TEXT
  5
1408
330
17
100
AcDbEntity
  8
METIN
100
AcDbText
 10
310750.0
 20
-9500.0
 30
0.0
 40
175.0
  1
SAG CEPHE GORUNUSU
 11
310750.0
 21
-9500.0
 31
0.0
100
AcDbText
 73
3
  0
LINE
  5
1409
330
17
100
AcDbEntity
  8
AKS
  6
DASHED
100
AcDbLine
 10
322950.0
 20
-6750.0
 30
0.0
 11
322950.0
 21
20750.0
 31
0.0
  0
CIRCLE
  5
140A
330
17
100
AcDbEntity
  8
AKS
100
AcDbCircle
 10
322950.0
 20
-7200.0
 30
0.0
 40
450.0
  0
TEXT
  5
140B
330
17
100
AcDbEntity
  8
AKS
100
AcDbText
 10
322950.0
 20
-7200.0
 30
0.0
 40
350.0
  1
1
 72
1
 11
322950.0
 21
-7200.0
 31
0.0
100
AcDbText
 73
2
  0
CIRCLE
  5
140C
330
17
100
AcDbEntity
  8
AKS
100
AcDbCircle
 10
322950.0
 20
21200.0
 30
0.0
 40
450.0
  0
TEXT
  5
140D
330
17
100
AcDbEntity
  8
AKS
100
AcDbText
 10
322950.0
 20
21200.0
 30
0.0
 40
350.0
  1
1
 72
1
 11
322950.0
 21
21200.0
 31
0.0
100
AcDbText
 73
2
  0
LINE
  5
140E
330
17
100
AcDbEntity
  8
AKS
  6
DASHED
100
AcDbLine
 10
329900.0
 20
-6750.0
 30
0.0
 11
329900.0
 21
20750.0
 31
0.0
  0
CIRCLE
  5
140F
330
17
100
AcDbEntity
  8
AKS
100
AcDbCircle
 10
329900.0
 20
-7200.0
 30
0.0
 40
450.0
  0
TEXT
  5
1410
330
17
100
AcDbEntity
  8
AKS
100
AcDbText
 10
329900.0
 20
-7200.0
 30
0.0
 40
350.0
  1
2
 72
1
 11
329900.0
 21
-7200.0
 31
0.0
100
AcDbText
 73
2
  0
CIRCLE
  5
1411
330
17
100
AcDbEntity
  8
AKS
100
AcDbCircle
 10
329900.0
 20
21200.0
 30
0.0
 40
450.0
  0
TEXT
  5
1412
330
17
100
AcDbEntity
  8
AKS
100
AcDbText
 10
329900.0
 20
21200.0
 30
0.0
 40
350.0
  1
2
 72
1
 11
329900.0
 21
21200.0
 31
0.0
100
AcDbText
 73
2
  0
LINE
  5
1413
330
17
100
AcDbEntity
  8
AKS
  6
DASHED
100
AcDbLine
 10
336000.0
 20
-6750.0
 30
0.0
 11
336000.0
 21
20750.0
 31
0.0
  0
CIRCLE
  5
1414
330
17
100
AcDbEntity
  8
AKS
100
AcDbCircle
 10
336000.0
 20
-7200.0
 30
0.0
 40
450.0
  0
TEXT
  5
1415
330
17
100
AcDbEntity
  8
AKS
100
AcDbText
 10
336000.0
 20
-7200.0
 30
0.0
 40
350.0
  1
3
 72
1
 11
336000.0
 21
-7200.0
 31
0.0
100
AcDbText
 73
2
  0
CIRCLE
  5
1416
330
17
100
AcDbEntity
  8
AKS
100
AcDbCircle
 10
336000.0
 20
21200.0
 30
0.0
 40
450.0
  0
TEXT
  5
1417
330
17
100
AcDbEntity
  8
AKS
100
AcDbText
 10
336000.0
 20
21200.0
 30
0.0
 40
350.0
  1
3
 72
1
 11
336000.0
 21
21200.0
 31
0.0
100
AcDbText
 73
2
  0
LINE
  5
1418
330
17
100
AcDbEntity
  8
AKS
  6
DASHED
100
AcDbLine
 10
342950.0
 20
-6750.0
 30
0.0
 11
342950.0
 21
20750.0
 31
0.0
  0
CIRCLE
  5
1419
330
17
100
AcDbEntity
  8
AKS
100
AcDbCircle
 10
342950.0
 20
-7200.0
 30
0.0
 40
450.0
  0
TEXT
  5
141A
330
17
100
AcDbEntity
  8
AKS
100
AcDbText
 10
342950.0
 20
-7200.0
 30
0.0
 40
350.0
  1
4
 72
1
 11
342950.0
 21
-7200.0
 31
0.0
100
AcDbText
 73
2
  0
CIRCLE
  5
141B
330
17
100
AcDbEntity
  8
AKS
100
AcDbCircle
 10
342950.0
 20
21200.0
 30
0.0
 40
450.0
  0
TEXT
  5
141C
330
17
100
AcDbEntity
  8
AKS
100
AcDbText
 10
342950.0
 20
21200.0
 30
0.0
 40
350.0
  1
4
 72
1
 11
342950.0
 21
21200.0
 31
0.0
100
AcDbText
 73
2
  0
DIMENSION
  5
141D
330
17
100
AcDbEntity
  8
AKS
100
AcDbDimension
280
0
  2
*D91
  3
Standard
 10
322950.0
 20
-6400.0
 30
0.0
 11
326425.0
 21
-6400.0
 31
0.0
 70
32
 71
5
  1
695
100
AcDbAlignedDimension
 13
322950.0
 23
-6000.0
 33
0.0
 14
329900.0
 24
-6000.0
 34
0.0
 50
0.0
100
AcDbRotatedDimension
1001
ACAD
1000
DSTYLE
1002
{
1070
140
1040
120.0
1070
41
1040
84.0
1070
42
1040
150.0
1070
44
1040
150.0
1070
147
1040
80.0
1002
}
  0
DIMENSION
  5
142D
330
17
100
AcDbEntity
  8
AKS
100
AcDbDimension
280
0
  2
*D92
  3
Standard
 10
329900.0
 20
-6400.0
 30
0.0
 11
332950.0
 21
-6400.0
 31
0.0
 70
32
 71
5
  1
610
100
AcDbAlignedDimension
 13
329900.0
 23
-6000.0
 33
0.0
 14
336000.0
 24
-6000.0
 34
0.0
 50
0.0
100
AcDbRotatedDimension
1001
ACAD
1000
DSTYLE
1002
{
1070
140
1040
120.0
1070
41
1040
84.0
1070
42
1040
150.0
1070
44
1040
150.0
1070
147
1040
80.0
1002
}
  0
DIMENSION
  5
143D
330
17
100
AcDbEntity
  8
AKS
100
AcDbDimension
280
0
  2
*D93
  3
Standard
 10
336000.0
 20
-6400.0
 30
0.0
 11
339475.0
 21
-6400.0
 31
0.0
 70
32
 71
5
  1
695
100
AcDbAlignedDimension
 13
336000.0
 23
-6000.0
 33
0.0
 14
342950.0
 24
-6000.0
 34
0.0
 50
0.0
100
AcDbRotatedDimension
1001
ACAD
1000
DSTYLE
1002
{
1070
140
1040
120.0
1070
41
1040
84.0
1070
42
1040
150.0
1070
44
1040
150.0
1070
147
1040
80.0
1002
}
  0
DIMENSION
  5
144D
330
17
100
AcDbEntity
  8
AKS
100
AcDbDimension
280
0
  2
*D94
  3
Standard
 10
322950.0
 20
-7950.0
 30
0.0
 11
332950.0
 21
-7950.0
 31
0.0
 70
32
 71
5
  1
2000
100
AcDbAlignedDimension
 13
322950.0
 23
-6000.0
 33
0.0
 14
342950.0
 24
-6000.0
 34
0.0
 50
0.0
100
AcDbRotatedDimension
1001
ACAD
1000
DSTYLE
1002
{
1070
140
1040
120.0
1070
41
1040
84.0
1070
42
1040
150.0
1070
44
1040
150.0
1070
147
1040
80.0
1002
}
  0
LINE
  5
145D
330
17
100
AcDbEntity
  8
OLCU
100
AcDbLine
 10
322950.0
 20
-6000.0
 30
0.0
 11
342950.0
 21
-6000.0
 31
0.0
  0
HATCH
  5
145E
330
17
100
AcDbEntity
  8
DUVARLAR
 62
7
100
AcDbHatch
 10
0.0
 20
0.0
 30
0.0
210
0.0
220
0.0
230
1.0
  2
SOLID
 70
1
 71
0
 91
1
 92
3
 72
0
 73
1
 93
4
 10
322850.0
 20
-6000.0
 10
323050.0
 20
-6000.0
 10
323050.0
 20
-3000.0
 10
322850.0
 20
-3000.0
 97
0
 75
1
 76
1
 98
0
  0
HATCH
  5
145F
330
17
100
AcDbEntity
  8
DUVARLAR
 62
7
100
AcDbHatch
 10
0.0
 20
0.0
 30
0.0
210
0.0
220
0.0
230
1.0
  2
SOLID
 70
1
 71
0
 91
1
 92
3
 72
0
 73
1
 93
4
 10
329800.0
 20
-6000.0
 10
330000.0
 20
-6000.0
 10
330000.0
 20
-3000.0
 10
329800.0
 20
-3000.0
 97
0
 75
1
 76
1
 98
0
  0
HATCH
  5
1460
330
17
100
AcDbEntity
  8
DUVARLAR
 62
7
100
AcDbHatch
 10
0.0
 20
0.0
 30
0.0
210
0.0
220
0.0
230
1.0
  2
SOLID
 70
1
 71
0
 91
1
 92
3
 72
0
 73
1
 93
4
 10
335900.0
 20
-6000.0
 10
336100.0
 20
-6000.0
 10
336100.0
 20
-3000.0
 10
335900.0
 20
-3000.0
 97
0
 75
1
 76
1
 98
0
  0
HATCH
  5
1461
330
17
100
AcDbEntity
  8
DUVARLAR
 62
7
100
AcDbHatch
 10
0.0
 20
0.0
 30
0.0
210
0.0
220
0.0
230
1.0
  2
SOLID
 70
1
 71
0
 91
1
 92
3
 72
0
 73
1
 93
4
 10
342850.0
 20
-6000.0
 10
343050.0
 20
-6000.0
 10
343050.0
 20
-3000.0
 10
342850.0
 20
-3000.0
 97
0
 75
1
 76
1
 98
0
  0
TEXT
  5
1462
330
17
100
AcDbEntity
  8
METIN
100
AcDbText
 10
322650.0
 20
-4500.0
 30
0.0
 40
307.0158461352365
  1
2. BODRUM KAT
 72
2
 11
322650.0
 21
-4500.0
 31
0.0
100
AcDbText
 73
2
  0
LINE
  5
1463
330
17
100
AcDbEntity
  8
OLCU
100
AcDbLine
 10
322950.0
 20
-3000.0
 30
0.0
 11
342950.0
 21
-3000.0
 31
0.0
  0
HATCH
  5
1464
330
17
100
AcDbEntity
  8
DUVARLAR
 62
7
100
AcDbHatch
 10
0.0
 20
0.0
 30
0.0
210
0.0
220
0.0
230
1.0
  2
SOLID
 70
1
 71
0
 91
1
 92
3
 72
0
 73
1
 93
4
 10
322850.0
 20
-3000.0
 10
323050.0
 20
-3000.0
 10
323050.0
 20
0.0
 10
322850.0
 20
0.0
 97
0
 75
1
 76
1
 98
0
  0
HATCH
  5
1465
330
17
100
AcDbEntity
  8
DUVARLAR
 62
7
100
AcDbHatch
 10
0.0
 20
0.0
 30
0.0
210
0.0
220
0.0
230
1.0
  2
SOLID
 70
1
 71
0
 91
1
 92
3
 72
0
 73
1
 93
4
 10
329800.0
 20
-3000.0
 10
330000.0
 20
-3000.0
 10
330000.0
 20
0.0
 10
329800.0
 20
0.0
 97
0
 75
1
 76
1
 98
0
  0
HATCH
  5
1466
330
17
100
AcDbEntity
  8
DUVARLAR
 62
7
100
AcDbHatch
 10
0.0
 20
0.0
 30
0.0
210
0.0
220
0.0
230
1.0
  2
SOLID
 70
1
 71
0
 91
1
 92
3
 72
0
 73
1
 93
4
 10
335900.0
 20
-3000.0
 10
336100.0
 20
-3000.0
 10
336100.0
 20
0.0
 10
335900.0
 20
0.0
 97
0
 75
1
 76
1
 98
0
  0
HATCH
  5
1467
330
17
100
AcDbEntity
  8
DUVARLAR
 62
7
100
AcDbHatch
 10
0.0
 20
0.0
 30
0.0
210
0.0
220
0.0
230
1.0
  2
SOLID
 70
1
 71
0
 91
1
 92
3
 72
0
 73
1
 93
4
 10
342850.0
 20
-3000.0
 10
343050.0
 20
-3000.0
 10
343050.0
 20
0.0
 10
342850.0
 20
0.0
 97
0
 75
1
 76
1
 98
0
  0
TEXT
  5
1468
330
17
100
AcDbEntity
  8
METIN
100
AcDbText
 10
322650.0
 20
-1500.0
 30
0.0
 40
307.0158461352365
  1
1. BODRUM KAT
 72
2
 11
322650.0
 21
-1500.0
 31
0.0
100
AcDbText
 73
2
  0
LINE
  5
1469
330
17
100
AcDbEntity
  8
OLCU
100
AcDbLine
 10
322950.0
 20
0.0
 30
0.0
 11
342950.0
 21
0.0
 31
0.0
  0
HATCH
  5
146A
330
17
100
AcDbEntity
  8
DUVARLAR
 62
7
100
AcDbHatch
 10
0.0
 20
0.0
 30
0.0
210
0.0
220
0.0
230
1.0
  2
SOLID
 70
1
 71
0
 91
1
 92
3
 72
0
 73
1
 93
4
 10
322850.0
 20
0.0
 10
323050.0
 20
0.0
 10
323050.0
 20
4000.0
 10
322850.0
 20
4000.0
 97
0
 75
1
 76
1
 98
0
  0
HATCH
  5
146B
330
17
100
AcDbEntity
  8
DUVARLAR
 62
7
100
AcDbHatch
 10
0.0
 20
0.0
 30
0.0
210
0.0
220
0.0
230
1.0
  2
SOLID
 70
1
 71
0
 91
1
 92
3
 72
0
 73
1
 93
4
 10
329800.0
 20
0.0
 10
330000.0
 20
0.0
 10
330000.0
 20
4000.0
 10
329800.0
 20
4000.0
 97
0
 75
1
 76
1
 98
0
  0
HATCH
  5
146C
330
17
100
AcDbEntity
  8
DUVARLAR
 62
7
100
AcDbHatch
 10
0.0
 20
0.0
 30
0.0
210
0.0
220
0.0
230
1.0
  2
SOLID
 70
1
 71
0
 91
1
 92
3
 72
0
 73
1
 93
4
 10
335900.0
 20
0.0
 10
336100.0
 20
0.0
 10
336100.0
 20
4000.0
 10
335900.0
 20
4000.0
 97
0
 75
1
 76
1
 98
0
  0
HATCH
  5
146D
330
17
100
AcDbEntity
  8
DUVARLAR
 62
7
100
AcDbHatch
 10
0.0
 20
0.0
 30
0.0
210
0.0
220
0.0
230
1.0
  2
SOLID
 70
1
 71
0
 91
1
 92
3
 72
0
 73
1
 93
4
 10
342850.0
 20
0.0
 10
343050.0
 20
0.0
 10
343050.0
 20
4000.0
 10
342850.0
 20
4000.0
 97
0
 75
1
 76
1
 98
0
  0
TEXT
  5
146E
330
17
100
AcDbEntity
  8
METIN
100
AcDbText
 10
322650.0
 20
2000.0
 30
0.0
 40
307.0158461352365
  1
ZEMIN KAT
 72
2
 11
322650.0
 21
2000.0
 31
0.0
100
AcDbText
 73
2
  0
LINE
  5
146F
330
17
100
AcDbEntity
  8
OLCU
100
AcDbLine
 10
322950.0
 20
4000.0
 30
0.0
 11
342950.0
 21
4000.0
 31
0.0
  0
HATCH
  5
1470
330
17
100
AcDbEntity
  8
DUVARLAR
 62
7
100
AcDbHatch
 10
0.0
 20
0.0
 30
0.0
210
0.0
220
0.0
230
1.0
  2
SOLID
 70
1
 71
0
 91
1
 92
3
 72
0
 73
1
 93
4
 10
322850.0
 20
4000.0
 10
323050.0
 20
4000.0
 10
323050.0
 20
7000.0
 10
322850.0
 20
7000.0
 97
0
 75
1
 76
1
 98
0
  0
HATCH
  5
1471
330
17
100
AcDbEntity
  8
DUVARLAR
 62
7
100
AcDbHatch
 10
0.0
 20
0.0
 30
0.0
210
0.0
220
0.0
230
1.0
  2
SOLID
 70
1
 71
0
 91
1
 92
3
 72
0
 73
1
 93
4
 10
327925.0
 20
4000.0
 10
328075.0
 20
4000.0
 10
328075.0
 20
7000.0
 10
327925.0
 20
7000.0
 97
0
 75
1
 76
1
 98
0
  0
HATCH
  5
1472
330
17
100
AcDbEntity
  8
DUVARLAR
 62
7
100
AcDbHatch
 10
0.0
 20
0.0
 30
0.0
210
0.0
220
0.0
230
1.0
  2
SOLID
 70
1
 71
0
 91
1
 92
3
 72
0
 73
1
 93
4
 10
329800.0
 20
4000.0
 10
330000.0
 20
4000.0
 10
330000.0
 20
7000.0
 10
329800.0
 20
7000.0
 97
0
 75
1
 76
1
 98
0
  0
HATCH
  5
1473
330
17
100
AcDbEntity
  8
DUVARLAR
 62
7
100
AcDbHatch
 10
0.0
 20
0.0
 30
0.0
210
0.0
220
0.0
230
1.0
  2
SOLID
 70
1
 71
0
 91
1
 92
3
 72
0
 73
1
 93
4
 10
335900.0
 20
4000.0
 10
336100.0
 20
4000.0
 10
336100.0
 20
7000.0
 10
335900.0
 20
7000.0
 97
0
 75
1
 76
1
 98
0
  0
HATCH
  5
1474
330
17
100
AcDbEntity
  8
DUVARLAR
 62
7
100
AcDbHatch
 10
0.0
 20
0.0
 30
0.0
210
0.0
220
0.0
230
1.0
  2
SOLID
 70
1
 71
0
 91
1
 92
3
 72
0
 73
1
 93
4
 10
337825.0
 20
4000.0
 10
337975.0
 20
4000.0
 10
337975.0
 20
7000.0
 10
337825.0
 20
7000.0
 97
0
 75
1
 76
1
 98
0
  0
HATCH
  5
1475
330
17
100
AcDbEntity
  8
DUVARLAR
 62
7
100
AcDbHatch
 10
0.0
 20
0.0
 30
0.0
210
0.0
220
0.0
230
1.0
  2
SOLID
 70
1
 71
0
 91
1
 92
3
 72
0
 73
1
 93
4
 10
342850.0
 20
4000.0
 10
343050.0
 20
4000.0
 10
343050.0
 20
7000.0
 10
342850.0
 20
7000.0
 97
0
 75
1
 76
1
 98
0
  0
TEXT
  5
1476
330
17
100
AcDbEntity
  8
METIN
100
AcDbText
 10
322650.0
 20
5500.0
 30
0.0
 40
307.0158461352365
  1
1. NORMAL KAT
 72
2
 11
322650.0
 21
5500.0
 31
0.0
100
AcDbText
 73
2
  0
LINE
  5
1477
330
17
100
AcDbEntity
  8
OLCU
100
AcDbLine
 10
322950.0
 20
7000.0
 30
0.0
 11
342950.0
 21
7000.0
 31
0.0
  0
HATCH
  5
1478
330
17
100
AcDbEntity
  8
DUVARLAR
 62
7
100
AcDbHatch
 10
0.0
 20
0.0
 30
0.0
210
0.0
220
0.0
230
1.0
  2
SOLID
 70
1
 71
0
 91
1
 92
3
 72
0
 73
1
 93
4
 10
322850.0
 20
7000.0
 10
323050.0
 20
7000.0
 10
323050.0
 20
10000.0
 10
322850.0
 20
10000.0
 97
0
 75
1
 76
1
 98
0
  0
HATCH
  5
1479
330
17
100
AcDbEntity
  8
DUVARLAR
 62
7
100
AcDbHatch
 10
0.0
 20
0.0
 30
0.0
210
0.0
220
0.0
230
1.0
  2
SOLID
 70
1
 71
0
 91
1
 92
3
 72
0
 73
1
 93
4
 10
327925.0
 20
7000.0
 10
328075.0
 20
7000.0
 10
328075.0
 20
10000.0
 10
327925.0
 20
10000.0
 97
0
 75
1
 76
1
 98
0
  0
HATCH
  5
147A
330
17
100
AcDbEntity
  8
DUVARLAR
 62
7
100
AcDbHatch
 10
0.0
 20
0.0
 30
0.0
210
0.0
220
0.0
230
1.0
  2
SOLID
 70
1
 71
0
 91
1
 92
3
 72
0
 73
1
 93
4
 10
329800.0
 20
7000.0
 10
330000.0
 20
7000.0
 10
330000.0
 20
10000.0
 10
329800.0
 20
10000.0
 97
0
 75
1
 76
1
 98
0
  0
HATCH
  5
147B
330
17
100
AcDbEntity
  8
DUVARLAR
 62
7
100
AcDbHatch
 10
0.0
 20
0.0
 30
0.0
210
0.0
220
0.0
230
1.0
  2
SOLID
 70
1
 71
0
 91
1
 92
3
 72
0
 73
1
 93
4
 10
335900.0
 20
7000.0
 10
336100.0
 20
7000.0
 10
336100.0
 20
10000.0
 10
335900.0
 20
10000.0
 97
0
 75
1
 76
1
 98
0
  0
HATCH
  5
147C
330
17
100
AcDbEntity
  8
DUVARLAR
 62
7
100
AcDbHatch
 10
0.0
 20
0.0
 30
0.0
210
0.0
220
0.0
230
1.0
  2
SOLID
 70
1
 71
0
 91
1
 92
3
 72
0
 73
1
 93
4
 10
337825.0
 20
7000.0
 10
337975.0
 20
7000.0
 10
337975.0
 20
10000.0
 10
337825.0
 20
10000.0
 97
0
 75
1
 76
1
 98
0
  0
HATCH
  5
147D
330
17
100
AcDbEntity
  8
DUVARLAR
 62
7
100
AcDbHatch
 10
0.0
 20
0.0
 30
0.0
210
0.0
220
0.0
230
1.0
  2
SOLID
 70
1
 71
0
 91
1
 92
3
 72
0
 73
1
 93
4
 10
342850.0
 20
7000.0
 10
343050.0
 20
7000.0
 10
343050.0
 20
10000.0
 10
342850.0
 20
10000.0
 97
0
 75
1
 76
1
 98
0
  0
TEXT
  5
147E
330
17
100
AcDbEntity
  8
METIN
100
AcDbText
 10
322650.0
 20
8500.0
 30
0.0
 40
307.0158461352365
  1
2. NORMAL KAT
 72
2
 11
322650.0
 21
8500.0
 31
0.0
100
AcDbText
 73
2
  0
LINE
  5
147F
330
17
100
AcDbEntity
  8
OLCU
100
AcDbLine
 10
322950.0
 20
10000.0
 30
0.0
 11
342950.0
 21
10000.0
 31
0.0
  0
HATCH
  5
1480
330
17
100
AcDbEntity
  8
DUVARLAR
 62
7
100
AcDbHatch
 10
0.0
 20
0.0
 30
0.0
210
0.0
220
0.0
230
1.0
  2
SOLID
 70
1
 71
0
 91
1
 92
3
 72
0
 73
1
 93
4
 10
322850.0
 20
10000.0
 10
323050.0
 20
10000.0
 10
323050.0
 20
13000.0
 10
322850.0
 20
13000.0
 97
0
 75
1
 76
1
 98
0
  0
HATCH
  5
1481
330
17
100
AcDbEntity
  8
DUVARLAR
 62
7
100
AcDbHatch
 10
0.0
 20
0.0
 30
0.0
210
0.0
220
0.0
230
1.0
  2
SOLID
 70
1
 71
0
 91
1
 92
3
 72
0
 73
1
 93
4
 10
327925.0
 20
10000.0
 10
328075.0
 20
10000.0
 10
328075.0
 20
13000.0
 10
327925.0
 20
13000.0
 97
0
 75
1
 76
1
 98
0
  0
HATCH
  5
1482
330
17
100
AcDbEntity
  8
DUVARLAR
 62
7
100
AcDbHatch
 10
0.0
 20
0.0
 30
0.0
210
0.0
220
0.0
230
1.0
  2
SOLID
 70
1
 71
0
 91
1
 92
3
 72
0
 73
1
 93
4
 10
329800.0
 20
10000.0
 10
330000.0
 20
10000.0
 10
330000.0
 20
13000.0
 10
329800.0
 20
13000.0
 97
0
 75
1
 76
1
 98
0
  0
HATCH
  5
1483
330
17
100
AcDbEntity
  8
DUVARLAR
 62
7
100
AcDbHatch
 10
0.0
 20
0.0
 30
0.0
210
0.0
220
0.0
230
1.0
  2
SOLID
 70
1
 71
0
 91
1
 92
3
 72
0
 73
1
 93
4
 10
335900.0
 20
10000.0
 10
336100.0
 20
10000.0
 10
336100.0
 20
13000.0
 10
335900.0
 20
13000.0
 97
0
 75
1
 76
1
 98
0
  0
HATCH
  5
1484
330
17
100
AcDbEntity
  8
DUVARLAR
 62
7
100
AcDbHatch
 10
0.0
 20
0.0
 30
0.0
210
0.0
220
0.0
230
1.0
  2
SOLID
 70
1
 71
0
 91
1
 92
3
 72
0
 73
1
 93
4
 10
337825.0
 20
10000.0
 10
337975.0
 20
10000.0
 10
337975.0
 20
13000.0
 10
337825.0
 20
13000.0
 97
0
 75
1
 76
1
 98
0
  0
HATCH
  5
1485
330
17
100
AcDbEntity
  8
DUVARLAR
 62
7
100
AcDbHatch
 10
0.0
 20
0.0
 30
0.0
210
0.0
220
0.0
230
1.0
  2
SOLID
 70
1
 71
0
 91
1
 92
3
 72
0
 73
1
 93
4
 10
342850.0
 20
10000.0
 10
343050.0
 20
10000.0
 10
343050.0
 20
13000.0
 10
342850.0
 20
13000.0
 97
0
 75
1
 76
1
 98
0
  0
TEXT
  5
1486
330
17
100
AcDbEntity
  8
METIN
100
AcDbText
 10
322650.0
 20
11500.0
 30
0.0
 40
307.0158461352365
  1
3. NORMAL KAT
 72
2
 11
322650.0
 21
11500.0
 31
0.0
100
AcDbText
 73
2
  0
LINE
  5
1487
330
17
100
AcDbEntity
  8
OLCU
100
AcDbLine
 10
322950.0
 20
13000.0
 30
0.0
 11
342950.0
 21
13000.0
 31
0.0
  0
HATCH
  5
1488
330
17
100
AcDbEntity
  8
DUVARLAR
 62
7
100
AcDbHatch
 10
0.0
 20
0.0
 30
0.0
210
0.0
220
0.0
230
1.0
  2
SOLID
 70
1
 71
0
 91
1
 92
3
 72
0
 73
1
 93
4
 10
322850.0
 20
13000.0
 10
323050.0
 20
13000.0
 10
323050.0
 20
16000.0
 10
322850.0
 20
16000.0
 97
0
 75
1
 76
1
 98
0
  0
HATCH
  5
1489
330
17
100
AcDbEntity
  8
DUVARLAR
 62
7
100
AcDbHatch
 10
0.0
 20
0.0
 30
0.0
210
0.0
220
0.0
230
1.0
  2
SOLID
 70
1
 71
0
 91
1
 92
3
 72
0
 73
1
 93
4
 10
327925.0
 20
13000.0
 10
328075.0
 20
13000.0
 10
328075.0
 20
16000.0
 10
327925.0
 20
16000.0
 97
0
 75
1
 76
1
 98
0
  0
HATCH
  5
148A
330
17
100
AcDbEntity
  8
DUVARLAR
 62
7
100
AcDbHatch
 10
0.0
 20
0.0
 30
0.0
210
0.0
220
0.0
230
1.0
  2
SOLID
 70
1
 71
0
 91
1
 92
3
 72
0
 73
1
 93
4
 10
329800.0
 20
13000.0
 10
330000.0
 20
13000.0
 10
330000.0
 20
16000.0
 10
329800.0
 20
16000.0
 97
0
 75
1
 76
1
 98
0
  0
HATCH
  5
148B
330
17
100
AcDbEntity
  8
DUVARLAR
 62
7
100
AcDbHatch
 10
0.0
 20
0.0
 30
0.0
210
0.0
220
0.0
230
1.0
  2
SOLID
 70
1
 71
0
 91
1
 92
3
 72
0
 73
1
 93
4
 10
335900.0
 20
13000.0
 10
336100.0
 20
13000.0
 10
336100.0
 20
16000.0
 10
335900.0
 20
16000.0
 97
0
 75
1
 76
1
 98
0
  0
HATCH
  5
148C
330
17
100
AcDbEntity
  8
DUVARLAR
 62
7
100
AcDbHatch
 10
0.0
 20
0.0
 30
0.0
210
0.0
220
0.0
230
1.0
  2
SOLID
 70
1
 71
0
 91
1
 92
3
 72
0
 73
1
 93
4
 10
337825.0
 20
13000.0
 10
337975.0
 20
13000.0
 10
337975.0
 20
16000.0
 10
337825.0
 20
16000.0
 97
0
 75
1
 76
1
 98
0
  0
HATCH
  5
148D
330
17
100
AcDbEntity
  8
DUVARLAR
 62
7
100
AcDbHatch
 10
0.0
 20
0.0
 30
0.0
210
0.0
220
0.0
230
1.0
  2
SOLID
 70
1
 71
0
 91
1
 92
3
 72
0
 73
1
 93
4
 10
342850.0
 20
13000.0
 10
343050.0
 20
13000.0
 10
343050.0
 20
16000.0
 10
342850.0
 20
16000.0
 97
0
 75
1
 76
1
 98
0
  0
TEXT
  5
148E
330
17
100
AcDbEntity
  8
METIN
100
AcDbText
 10
322650.0
 20
14500.0
 30
0.0
 40
307.0158461352365
  1
4. NORMAL KAT
 72
2
 11
322650.0
 21
14500.0
 31
0.0
100
AcDbText
 73
2
  0
LINE
  5
148F
330
17
100
AcDbEntity
  8
OLCU
100
AcDbLine
 10
322950.0
 20
16000.0
 30
0.0
 11
342950.0
 21
16000.0
 31
0.0
  0
HATCH
  5
1490
330
17
100
AcDbEntity
  8
DUVARLAR
 62
7
100
AcDbHatch
 10
0.0
 20
0.0
 30
0.0
210
0.0
220
0.0
230
1.0
  2
SOLID
 70
1
 71
0
 91
1
 92
3
 72
0
 73
1
 93
4
 10
322850.0
 20
16000.0
 10
323050.0
 20
16000.0
 10
323050.0
 20
19000.0
 10
322850.0
 20
19000.0
 97
0
 75
1
 76
1
 98
0
  0
HATCH
  5
1491
330
17
100
AcDbEntity
  8
DUVARLAR
 62
7
100
AcDbHatch
 10
0.0
 20
0.0
 30
0.0
210
0.0
220
0.0
230
1.0
  2
SOLID
 70
1
 71
0
 91
1
 92
3
 72
0
 73
1
 93
4
 10
327925.0
 20
16000.0
 10
328075.0
 20
16000.0
 10
328075.0
 20
19000.0
 10
327925.0
 20
19000.0
 97
0
 75
1
 76
1
 98
0
  0
HATCH
  5
1492
330
17
100
AcDbEntity
  8
DUVARLAR
 62
7
100
AcDbHatch
 10
0.0
 20
0.0
 30
0.0
210
0.0
220
0.0
230
1.0
  2
SOLID
 70
1
 71
0
 91
1
 92
3
 72
0
 73
1
 93
4
 10
329800.0
 20
16000.0
 10
330000.0
 20
16000.0
 10
330000.0
 20
19000.0
 10
329800.0
 20
19000.0
 97
0
 75
1
 76
1
 98
0
  0
HATCH
  5
1493
330
17
100
AcDbEntity
  8
DUVARLAR
 62
7
100
AcDbHatch
 10
0.0
 20
0.0
 30
0.0
210
0.0
220
0.0
230
1.0
  2
SOLID
 70
1
 71
0
 91
1
 92
3
 72
0
 73
1
 93
4
 10
335900.0
 20
16000.0
 10
336100.0
 20
16000.0
 10
336100.0
 20
19000.0
 10
335900.0
 20
19000.0
 97
0
 75
1
 76
1
 98
0
  0
HATCH
  5
1494
330
17
100
AcDbEntity
  8
DUVARLAR
 62
7
100
AcDbHatch
 10
0.0
 20
0.0
 30
0.0
210
0.0
220
0.0
230
1.0
  2
SOLID
 70
1
 71
0
 91
1
 92
3
 72
0
 73
1
 93
4
 10
337825.0
 20
16000.0
 10
337975.0
 20
16000.0
 10
337975.0
 20
19000.0
 10
337825.0
 20
19000.0
 97
0
 75
1
 76
1
 98
0
  0
HATCH
  5
1495
330
17
100
AcDbEntity
  8
DUVARLAR
 62
7
100
AcDbHatch
 10
0.0
 20
0.0
 30
0.0
210
0.0
220
0.0
230
1.0
  2
SOLID
 70
1
 71
0
 91
1
 92
3
 72
0
 73
1
 93
4
 10
342850.0
 20
16000.0
 10
343050.0
 20
16000.0
 10
343050.0
 20
19000.0
 10
342850.0
 20
19000.0
 97
0
 75
1
 76
1
 98
0
  0
TEXT
  5
1496
330
17
100
AcDbEntity
  8
METIN
100
AcDbText
 10
322650.0
 20
17500.0
 30
0.0
 40
307.0158461352365
  1
5. NORMAL KAT
 72
2
 11
322650.0
 21
17500.0
 31
0.0
100
AcDbText
 73
2
  0
LINE
  5
1497
330
17
100
AcDbEntity
  8
OLCU
100
AcDbLine
 10
322950.0
 20
19000.0
 30
0.0
 11
342950.0
 21
19000.0
 31
0.0
  0
HATCH
  5
1498
330
17
100
AcDbEntity
  8
DUVARLAR
 62
7
100
AcDbHatch
 10
0.0
 20
0.0
 30
0.0
210
0.0
220
0.0
230
1.0
  2
SOLID
 70
1
 71
0
 91
1
 92
3
 72
0
 73
1
 93
4
 10
322850.0
 20
19000.0
 10
323050.0
 20
19000.0
 10
323050.0
 20
20000.0
 10
322850.0
 20
20000.0
 97
0
 75
1
 76
1
 98
0
  0
HATCH
  5
1499
330
17
100
AcDbEntity
  8
DUVARLAR
 62
7
100
AcDbHatch
 10
0.0
 20
0.0
 30
0.0
210
0.0
220
0.0
230
1.0
  2
SOLID
 70
1
 71
0
 91
1
 92
3
 72
0
 73
1
 93
4
 10
329800.0
 20
19000.0
 10
330000.0
 20
19000.0
 10
330000.0
 20
20000.0
 10
329800.0
 20
20000.0
 97
0
 75
1
 76
1
 98
0
  0
HATCH
  5
149A
330
17
100
AcDbEntity
  8
DUVARLAR
 62
7
100
AcDbHatch
 10
0.0
 20
0.0
 30
0.0
210
0.0
220
0.0
230
1.0
  2
SOLID
 70
1
 71
0
 91
1
 92
3
 72
0
 73
1
 93
4
 10
335900.0
 20
19000.0
 10
336100.0
 20
19000.0
 10
336100.0
 20
20000.0
 10
335900.0
 20
20000.0
 97
0
 75
1
 76
1
 98
0
  0
HATCH
  5
149B
330
17
100
AcDbEntity
  8
DUVARLAR
 62
7
100
AcDbHatch
 10
0.0
 20
0.0
 30
0.0
210
0.0
220
0.0
230
1.0
  2
SOLID
 70
1
 71
0
 91
1
 92
3
 72
0
 73
1
 93
4
 10
342850.0
 20
19000.0
 10
343050.0
 20
19000.0
 10
343050.0
 20
20000.0
 10
342850.0
 20
20000.0
 97
0
 75
1
 76
1
 98
0
  0
TEXT
  5
149C
330
17
100
AcDbEntity
  8
METIN
100
AcDbText
 10
322650.0
 20
19500.0
 30
0.0
 40
307.0158461352365
  1
CATI / PARAPET
 72
2
 11
322650.0
 21
19500.0
 31
0.0
100
AcDbText
 73
2
  0
LINE
  5
149D
330
17
100
AcDbEntity
  8
OLCU
100
AcDbLine
 10
322950.0
 20
20000.0
 30
0.0
 11
342950.0
 21
20000.0
 31
0.0
  0
LINE
  5
149E
330
17
100
AcDbEntity
  8
OLCU
100
AcDbLine
 10
321950.0
 20
0.0
 30
0.0
 11
343950.0
 21
0.0
 31
0.0
  0
TEXT
  5
149F
330
17
100
AcDbEntity
  8
OLCU
100
AcDbText
 10
322650.0
 20
150.0
 30
0.0
 40
307.0158461352365
  1
+-0.00 ZEMIN
 72
2
 11
322650.0
 21
150.0
 31
0.0
100
AcDbText
 73
2
  0
LWPOLYLINE
  5
14A0
330
17
100
AcDbEntity
  8
KOT
100
AcDbPolyline
 90
3
 70
1
 10
320450.0
 20
-6000.0
 10
320300.0
 20
-6060.0
 10
320300.0
 20
-5940.0
  0
TEXT
  5
14A1
330
17
100
AcDbEntity
  8
KOT
100
AcDbText
 10
320225.0
 20
-6000.0
 30
0.0
 40
125.0
  1
-6.00
 72
2
 11
320225.0
 21
-6000.0
 31
0.0
100
AcDbText
 73
2
  0
LWPOLYLINE
  5
14A2
330
17
100
AcDbEntity
  8
KOT
100
AcDbPolyline
 90
3
 70
1
 10
320450.0
 20
-3000.0
 10
320300.0
 20
-3060.0
 10
320300.0
 20
-2940.0
  0
TEXT
  5
14A3
330
17
100
AcDbEntity
  8
KOT
100
AcDbText
 10
320225.0
 20
-3000.0
 30
0.0
 40
125.0
  1
-3.00
 72
2
 11
320225.0
 21
-3000.0
 31
0.0
100
AcDbText
 73
2
  0
LWPOLYLINE
  5
14A4
330
17
100
AcDbEntity
  8
KOT
100
AcDbPolyline
 90
3
 70
1
 10
320450.0
 20
0.0
 10
320300.0
 20
-60.0
 10
320300.0
 20
60.0
  0
TEXT
  5
14A5
330
17
100
AcDbEntity
  8
KOT
100
AcDbText
 10
320225.0
 20
0.0
 30
0.0
 40
125.0
  1
±0.00
 72
2
 11
320225.0
 21
0.0
 31
0.0
100
AcDbText
 73
2
  0
LWPOLYLINE
  5
14A6
330
17
100
AcDbEntity
  8
KOT
100
AcDbPolyline
 90
3
 70
1
 10
320450.0
 20
4000.0
 10
320300.0
 20
3940.0
 10
320300.0
 20
4060.0
  0
TEXT
  5
14A7
330
17
100
AcDbEntity
  8
KOT
100
AcDbText
 10
320225.0
 20
4000.0
 30
0.0
 40
125.0
  1
+4.00
 72
2
 11
320225.0
 21
4000.0
 31
0.0
100
AcDbText
 73
2
  0
LWPOLYLINE
  5
14A8
330
17
100
AcDbEntity
  8
KOT
100
AcDbPolyline
 90
3
 70
1
 10
320450.0
 20
7000.0
 10
320300.0
 20
6940.0
 10
320300.0
 20
7060.0
  0
TEXT
  5
14A9
330
17
100
AcDbEntity
  8
KOT
100
AcDbText
 10
320225.0
 20
7000.0
 30
0.0
 40
125.0
  1
+7.00
 72
2
 11
320225.0
 21
7000.0
 31
0.0
100
AcDbText
 73
2
  0
LWPOLYLINE
  5
14AA
330
17
100
AcDbEntity
  8
KOT
100
AcDbPolyline
 90
3
 70
1
 10
320450.0
 20
10000.0
 10
320300.0
 20
9940.0
 10
320300.0
 20
10060.0
  0
TEXT
  5
14AB
330
17
100
AcDbEntity
  8
KOT
100
AcDbText
 10
320225.0
 20
10000.0
 30
0.0
 40
125.0
  1
+10.00
 72
2
 11
320225.0
 21
10000.0
 31
0.0
100
AcDbText
 73
2
  0
LWPOLYLINE
  5
14AC
330
17
100
AcDbEntity
  8
KOT
100
AcDbPolyline
 90
3
 70
1
 10
320450.0
 20
13000.0
 10
320300.0
 20
12940.0
 10
320300.0
 20
13060.0
  0
TEXT
  5
14AD
330
17
100
AcDbEntity
  8
KOT
100
AcDbText
 10
320225.0
 20
13000.0
 30
0.0
 40
125.0
  1
+13.00
 72
2
 11
320225.0
 21
13000.0
 31
0.0
100
AcDbText
 73
2
  0
LWPOLYLINE
  5
14AE
330
17
100
AcDbEntity
  8
KOT
100
AcDbPolyline
 90
3
 70
1
 10
320450.0
 20
16000.0
 10
320300.0
 20
15940.0
 10
320300.0
 20
16060.0
  0
TEXT
  5
14AF
330
17
100
AcDbEntity
  8
KOT
100
AcDbText
 10
320225.0
 20
16000.0
 30
0.0
 40
125.0
  1
+16.00
 72
2
 11
320225.0
 21
16000.0
 31
0.0
100
AcDbText
 73
2
  0
LWPOLYLINE
  5
14B0
330
17
100
AcDbEntity
  8
KOT
100
AcDbPolyline
 90
3
 70
1
 10
320450.0
 20
19000.0
 10
320300.0
 20
18940.0
 10
320300.0
 20
19060.0
  0
TEXT
  5
14B1
330
17
100
AcDbEntity
  8
KOT
100
AcDbText
 10
320225.0
 20
19000.0
 30
0.0
 40
125.0
  1
+19.00
 72
2
 11
320225.0
 21
19000.0
 31
0.0
100
AcDbText
 73
2
  0
LWPOLYLINE
  5
14B2
330
17
100
AcDbEntity
  8
KOT
100
AcDbPolyline
 90
3
 70
1
 10
320450.0
 20
20000.0
 10
320300.0
 20
19940.0
 10
320300.0
 20
20060.0
  0
TEXT
  5
14B3
330
17
100
AcDbEntity
  8
KOT
100
AcDbText
 10
320225.0
 20
20000.0
 30
0.0
 40
125.0
  1
+20.00
 72
2
 11
320225.0
 21
20000.0
 31
0.0
100
AcDbText
 73
2
  0
LWPOLYLINE
  5
14B4
330
17
100
AcDbEntity
  8
CERCEVE
100
AcDbPolyline
 90
4
 70
1
 10
318800.0
 20
-10150.0
 10
347100.0
 20
-10150.0
 10
347100.0
 20
24950.0
 10
318800.0
 20
24950.0
  0
LWPOLYLINE
  5
14B5
330
17
100
AcDbEntity
  8
CERCEVE
100
AcDbPolyline
 90
4
 70
1
 10
318950.0
 20
-10000.0
 10
346950.0
 20
-10000.0
 10
346950.0
 20
24800.0
 10
318950.0
 20
24800.0
  0
LWPOLYLINE
  5
14B6
330
17
100
AcDbEntity
  8
CERCEVE
100
AcDbPolyline
 90
4
 70
1
 10
338950.0
 20
-10000.0
 10
346950.0
 20
-10000.0
 10
346950.0
 20
-8800.0
 10
338950.0
 20
-8800.0
  0
LINE
  5
14B7
330
17
100
AcDbEntity
  8
CERCEVE
100
AcDbLine
 10
338950.0
 20
-9400.0
 30
0.0
 11
346950.0
 21
-9400.0
 31
0.0
  0
TEXT
  5
14B8
330
17
100
AcDbEntity
  8
METIN
100
AcDbText
 10
339050.0
 20
-8900.0
 30
0.0
 40
175.0
  1
OLCEK 1:50
 11
339050.0
 21
-8900.0
 31
0.0
100
AcDbText
 73
3
  0
TEXT
  5
14B9
330
17
100
AcDbEntity
  8
METIN
100
AcDbText
 10
339050.0
 20
-9500.0
 30
0.0
 40
175.0
  1
A-A KESITI
 11
339050.0
 21
-9500.0
 31
0.0
100
AcDbText
 73
3
  0
LINE
  5
14BA
330
17
100
AcDbEntity
  8
AKS
  6
DASHED
100
AcDbLine
 10
351250.0
 20
-6750.0
 30
0.0
 11
351250.0
 21
20750.0
 31
0.0
  0
CIRCLE
  5
14BB
330
17
100
AcDbEntity
  8
AKS
100
AcDbCircle
 10
351250.0
 20
-7200.0
 30
0.0
 40
450.0
  0
TEXT
  5
14BC
330
17
100
AcDbEntity
  8
AKS
100
AcDbText
 10
351250.0
 20
-7200.0
 30
0.0
 40
350.0
  1
A
 72
1
 11
351250.0
 21
-7200.0
 31
0.0
100
AcDbText
 73
2
  0
CIRCLE
  5
14BD
330
17
100
AcDbEntity
  8
AKS
100
AcDbCircle
 10
351250.0
 20
21200.0
 30
0.0
 40
450.0
  0
TEXT
  5
14BE
330
17
100
AcDbEntity
  8
AKS
100
AcDbText
 10
351250.0
 20
21200.0
 30
0.0
 40
350.0
  1
A
 72
1
 11
351250.0
 21
21200.0
 31
0.0
100
AcDbText
 73
2
  0
LINE
  5
14BF
330
17
100
AcDbEntity
  8
AKS
  6
DASHED
100
AcDbLine
 10
356500.0
 20
-6750.0
 30
0.0
 11
356500.0
 21
20750.0
 31
0.0
  0
CIRCLE
  5
14C0
330
17
100
AcDbEntity
  8
AKS
100
AcDbCircle
 10
356500.0
 20
-7200.0
 30
0.0
 40
450.0
  0
TEXT
  5
14C1
330
17
100
AcDbEntity
  8
AKS
100
AcDbText
 10
356500.0
 20
-7200.0
 30
0.0
 40
350.0
  1
B
 72
1
 11
356500.0
 21
-7200.0
 31
0.0
100
AcDbText
 73
2
  0
CIRCLE
  5
14C2
330
17
100
AcDbEntity
  8
AKS
100
AcDbCircle
 10
356500.0
 20
21200.0
 30
0.0
 40
450.0
  0
TEXT
  5
14C3
330
17
100
AcDbEntity
  8
AKS
100
AcDbText
 10
356500.0
 20
21200.0
 30
0.0
 40
350.0
  1
B
 72
1
 11
356500.0
 21
21200.0
 31
0.0
100
AcDbText
 73
2
  0
LINE
  5
14C4
330
17
100
AcDbEntity
  8
AKS
  6
DASHED
100
AcDbLine
 10
360550.0
 20
-6750.0
 30
0.0
 11
360550.0
 21
20750.0
 31
0.0
  0
CIRCLE
  5
14C5
330
17
100
AcDbEntity
  8
AKS
100
AcDbCircle
 10
360550.0
 20
-7200.0
 30
0.0
 40
450.0
  0
TEXT
  5
14C6
330
17
100
AcDbEntity
  8
AKS
100
AcDbText
 10
360550.0
 20
-7200.0
 30
0.0
 40
350.0
  1
C
 72
1
 11
360550.0
 21
-7200.0
 31
0.0
100
AcDbText
 73
2
  0
CIRCLE
  5
14C7
330
17
100
AcDbEntity
  8
AKS
100
AcDbCircle
 10
360550.0
 20
21200.0
 30
0.0
 40
450.0
  0
TEXT
  5
14C8
330
17
100
AcDbEntity
  8
AKS
100
AcDbText
 10
360550.0
 20
21200.0
 30
0.0
 40
350.0
  1
C
 72
1
 11
360550.0
 21
21200.0
 31
0.0
100
AcDbText
 73
2
  0
LINE
  5
14C9
330
17
100
AcDbEntity
  8
AKS
  6
DASHED
100
AcDbLine
 10
363550.0
 20
-6750.0
 30
0.0
 11
363550.0
 21
20750.0
 31
0.0
  0
CIRCLE
  5
14CA
330
17
100
AcDbEntity
  8
AKS
100
AcDbCircle
 10
363550.0
 20
-7200.0
 30
0.0
 40
450.0
  0
TEXT
  5
14CB
330
17
100
AcDbEntity
  8
AKS
100
AcDbText
 10
363550.0
 20
-7200.0
 30
0.0
 40
350.0
  1
D
 72
1
 11
363550.0
 21
-7200.0
 31
0.0
100
AcDbText
 73
2
  0
CIRCLE
  5
14CC
330
17
100
AcDbEntity
  8
AKS
100
AcDbCircle
 10
363550.0
 20
21200.0
 30
0.0
 40
450.0
  0
TEXT
  5
14CD
330
17
100
AcDbEntity
  8
AKS
100
AcDbText
 10
363550.0
 20
21200.0
 30
0.0
 40
350.0
  1
D
 72
1
 11
363550.0
 21
21200.0
 31
0.0
100
AcDbText
 73
2
  0
LINE
  5
14CE
330
17
100
AcDbEntity
  8
AKS
  6
DASHED
100
AcDbLine
 10
368750.0
 20
-6750.0
 30
0.0
 11
368750.0
 21
20750.0
 31
0.0
  0
CIRCLE
  5
14CF
330
17
100
AcDbEntity
  8
AKS
100
AcDbCircle
 10
368750.0
 20
-7200.0
 30
0.0
 40
450.0
  0
TEXT
  5
14D0
330
17
100
AcDbEntity
  8
AKS
100
AcDbText
 10
368750.0
 20
-7200.0
 30
0.0
 40
350.0
  1
E
 72
1
 11
368750.0
 21
-7200.0
 31
0.0
100
AcDbText
 73
2
  0
CIRCLE
  5
14D1
330
17
100
AcDbEntity
  8
AKS
100
AcDbCircle
 10
368750.0
 20
21200.0
 30
0.0
 40
450.0
  0
TEXT
  5
14D2
330
17
100
AcDbEntity
  8
AKS
100
AcDbText
 10
368750.0
 20
21200.0
 30
0.0
 40
350.0
  1
E
 72
1
 11
368750.0
 21
21200.0
 31
0.0
100
AcDbText
 73
2
  0
DIMENSION
  5
14D3
330
17
100
AcDbEntity
  8
AKS
100
AcDbDimension
280
0
  2
*D95
  3
Standard
 10
351250.0
 20
-6400.0
 30
0.0
 11
353875.0
 21
-6400.0
 31
0.0
 70
32
 71
5
  1
525
100
AcDbAlignedDimension
 13
351250.0
 23
-6000.0
 33
0.0
 14
356500.0
 24
-6000.0
 34
0.0
 50
0.0
100
AcDbRotatedDimension
1001
ACAD
1000
DSTYLE
1002
{
1070
140
1040
120.0
1070
41
1040
84.0
1070
42
1040
150.0
1070
44
1040
150.0
1070
147
1040
80.0
1002
}
  0
DIMENSION
  5
14E3
330
17
100
AcDbEntity
  8
AKS
100
AcDbDimension
280
0
  2
*D96
  3
Standard
 10
356500.0
 20
-6400.0
 30
0.0
 11
358525.0
 21
-6400.0
 31
0.0
 70
32
 71
5
  1
405
100
AcDbAlignedDimension
 13
356500.0
 23
-6000.0
 33
0.0
 14
360550.0
 24
-6000.0
 34
0.0
 50
0.0
100
AcDbRotatedDimension
1001
ACAD
1000
DSTYLE
1002
{
1070
140
1040
120.0
1070
41
1040
84.0
1070
42
1040
150.0
1070
44
1040
150.0
1070
147
1040
80.0
1002
}
  0
DIMENSION
  5
14F3
330
17
100
AcDbEntity
  8
AKS
100
AcDbDimension
280
0
  2
*D97
  3
Standard
 10
360550.0
 20
-6400.0
 30
0.0
 11
362050.0
 21
-6400.0
 31
0.0
 70
32
 71
5
  1
300
100
AcDbAlignedDimension
 13
360550.0
 23
-6000.0
 33
0.0
 14
363550.0
 24
-6000.0
 34
0.0
 50
0.0
100
AcDbRotatedDimension
1001
ACAD
1000
DSTYLE
1002
{
1070
140
1040
120.0
1070
41
1040
84.0
1070
42
1040
150.0
1070
44
1040
150.0
1070
147
1040
80.0
1002
}
  0
DIMENSION
  5
1503
330
17
100
AcDbEntity
  8
AKS
100
AcDbDimension
280
0
  2
*D98
  3
Standard
 10
363550.0
 20
-6400.0
 30
0.0
 11
366150.0
 21
-6400.0
 31
0.0
 70
32
 71
5
  1
520
100
AcDbAlignedDimension
 13
363550.0
 23
-6000.0
 33
0.0
 14
368750.0
 24
-6000.0
 34
0.0
 50
0.0
100
AcDbRotatedDimension
1001
ACAD
1000
DSTYLE
1002
{
1070
140
1040
120.0
1070
41
1040
84.0
1070
42
1040
150.0
1070
44
1040
150.0
1070
147
1040
80.0
1002
}
  0
DIMENSION
  5
1513
330
17
100
AcDbEntity
  8
AKS
100
AcDbDimension
280
0
  2
*D99
  3
Standard
 10
351250.0
 20
-7950.0
 30
0.0
 11
360000.0
 21
-7950.0
 31
0.0
 70
32
 71
5
  1
1750
100
AcDbAlignedDimension
 13
351250.0
 23
-6000.0
 33
0.0
 14
368750.0
 24
-6000.0
 34
0.0
 50
0.0
100
AcDbRotatedDimension
1001
ACAD
1000
DSTYLE
1002
{
1070
140
1040
120.0
1070
41
1040
84.0
1070
42
1040
150.0
1070
44
1040
150.0
1070
147
1040
80.0
1002
}
  0
LINE
  5
1523
330
17
100
AcDbEntity
  8
OLCU
100
AcDbLine
 10
351250.0
 20
-6000.0
 30
0.0
 11
368750.0
 21
-6000.0
 31
0.0
  0
HATCH
  5
1524
330
17
100
AcDbEntity
  8
DUVARLAR
 62
7
100
AcDbHatch
 10
0.0
 20
0.0
 30
0.0
210
0.0
220
0.0
230
1.0
  2
SOLID
 70
1
 71
0
 91
1
 92
3
 72
0
 73
1
 93
4
 10
351150.0
 20
-6000.0
 10
351350.0
 20
-6000.0
 10
351350.0
 20
-3000.0
 10
351150.0
 20
-3000.0
 97
0
 75
1
 76
1
 98
0
  0
HATCH
  5
1525
330
17
100
AcDbEntity
  8
DUVARLAR
 62
7
100
AcDbHatch
 10
0.0
 20
0.0
 30
0.0
210
0.0
220
0.0
230
1.0
  2
SOLID
 70
1
 71
0
 91
1
 92
3
 72
0
 73
1
 93
4
 10
368650.0
 20
-6000.0
 10
368850.0
 20
-6000.0
 10
368850.0
 20
-3000.0
 10
368650.0
 20
-3000.0
 97
0
 75
1
 76
1
 98
0
  0
TEXT
  5
1526
330
17
100
AcDbEntity
  8
METIN
100
AcDbText
 10
350950.0
 20
-4500.0
 30
0.0
 40
307.0158461352365
  1
2. BODRUM KAT
 72
2
 11
350950.0
 21
-4500.0
 31
0.0
100
AcDbText
 73
2
  0
LINE
  5
1527
330
17
100
AcDbEntity
  8
OLCU
100
AcDbLine
 10
351250.0
 20
-3000.0
 30
0.0
 11
368750.0
 21
-3000.0
 31
0.0
  0
HATCH
  5
1528
330
17
100
AcDbEntity
  8
DUVARLAR
 62
7
100
AcDbHatch
 10
0.0
 20
0.0
 30
0.0
210
0.0
220
0.0
230
1.0
  2
SOLID
 70
1
 71
0
 91
1
 92
3
 72
0
 73
1
 93
4
 10
351150.0
 20
-3000.0
 10
351350.0
 20
-3000.0
 10
351350.0
 20
0.0
 10
351150.0
 20
0.0
 97
0
 75
1
 76
1
 98
0
  0
HATCH
  5
1529
330
17
100
AcDbEntity
  8
DUVARLAR
 62
7
100
AcDbHatch
 10
0.0
 20
0.0
 30
0.0
210
0.0
220
0.0
230
1.0
  2
SOLID
 70
1
 71
0
 91
1
 92
3
 72
0
 73
1
 93
4
 10
368650.0
 20
-3000.0
 10
368850.0
 20
-3000.0
 10
368850.0
 20
0.0
 10
368650.0
 20
0.0
 97
0
 75
1
 76
1
 98
0
  0
TEXT
  5
152A
330
17
100
AcDbEntity
  8
METIN
100
AcDbText
 10
350950.0
 20
-1500.0
 30
0.0
 40
307.0158461352365
  1
1. BODRUM KAT
 72
2
 11
350950.0
 21
-1500.0
 31
0.0
100
AcDbText
 73
2
  0
LINE
  5
152B
330
17
100
AcDbEntity
  8
OLCU
100
AcDbLine
 10
351250.0
 20
0.0
 30
0.0
 11
368750.0
 21
0.0
 31
0.0
  0
HATCH
  5
152C
330
17
100
AcDbEntity
  8
DUVARLAR
 62
7
100
AcDbHatch
 10
0.0
 20
0.0
 30
0.0
210
0.0
220
0.0
230
1.0
  2
SOLID
 70
1
 71
0
 91
1
 92
3
 72
0
 73
1
 93
4
 10
351150.0
 20
0.0
 10
351350.0
 20
0.0
 10
351350.0
 20
4000.0
 10
351150.0
 20
4000.0
 97
0
 75
1
 76
1
 98
0
  0
HATCH
  5
152D
330
17
100
AcDbEntity
  8
DUVARLAR
 62
7
100
AcDbHatch
 10
0.0
 20
0.0
 30
0.0
210
0.0
220
0.0
230
1.0
  2
SOLID
 70
1
 71
0
 91
1
 92
3
 72
0
 73
1
 93
4
 10
363450.0
 20
0.0
 10
363650.0
 20
0.0
 10
363650.0
 20
4000.0
 10
363450.0
 20
4000.0
 97
0
 75
1
 76
1
 98
0
  0
HATCH
  5
152E
330
17
100
AcDbEntity
  8
DUVARLAR
 62
7
100
AcDbHatch
 10
0.0
 20
0.0
 30
0.0
210
0.0
220
0.0
230
1.0
  2
SOLID
 70
1
 71
0
 91
1
 92
3
 72
0
 73
1
 93
4
 10
368650.0
 20
0.0
 10
368850.0
 20
0.0
 10
368850.0
 20
4000.0
 10
368650.0
 20
4000.0
 97
0
 75
1
 76
1
 98
0
  0
TEXT
  5
152F
330
17
100
AcDbEntity
  8
METIN
100
AcDbText
 10
350950.0
 20
2000.0
 30
0.0
 40
307.0158461352365
  1
ZEMIN KAT
 72
2
 11
350950.0
 21
2000.0
 31
0.0
100
AcDbText
 73
2
  0
LINE
  5
1530
330
17
100
AcDbEntity
  8
OLCU
100
AcDbLine
 10
351250.0
 20
4000.0
 30
0.0
 11
368750.0
 21
4000.0
 31
0.0
  0
HATCH
  5
1531
330
17
100
AcDbEntity
  8
DUVARLAR
 62
7
100
AcDbHatch
 10
0.0
 20
0.0
 30
0.0
210
0.0
220
0.0
230
1.0
  2
SOLID
 70
1
 71
0
 91
1
 92
3
 72
0
 73
1
 93
4
 10
351150.0
 20
4000.0
 10
351350.0
 20
4000.0
 10
351350.0
 20
7000.0
 10
351150.0
 20
7000.0
 97
0
 75
1
 76
1
 98
0
  0
HATCH
  5
1532
330
17
100
AcDbEntity
  8
DUVARLAR
 62
7
100
AcDbHatch
 10
0.0
 20
0.0
 30
0.0
210
0.0
220
0.0
230
1.0
  2
SOLID
 70
1
 71
0
 91
1
 92
3
 72
0
 73
1
 93
4
 10
356400.0
 20
4000.0
 10
356600.0
 20
4000.0
 10
356600.0
 20
7000.0
 10
356400.0
 20
7000.0
 97
0
 75
1
 76
1
 98
0
  0
HATCH
  5
1533
330
17
100
AcDbEntity
  8
DUVARLAR
 62
7
100
AcDbHatch
 10
0.0
 20
0.0
 30
0.0
210
0.0
220
0.0
230
1.0
  2
SOLID
 70
1
 71
0
 91
1
 92
3
 72
0
 73
1
 93
4
 10
365375.0
 20
4000.0
 10
365525.0
 20
4000.0
 10
365525.0
 20
7000.0
 10
365375.0
 20
7000.0
 97
0
 75
1
 76
1
 98
0
  0
HATCH
  5
1534
330
17
100
AcDbEntity
  8
DUVARLAR
 62
7
100
AcDbHatch
 10
0.0
 20
0.0
 30
0.0
210
0.0
220
0.0
230
1.0
  2
SOLID
 70
1
 71
0
 91
1
 92
3
 72
0
 73
1
 93
4
 10
368650.0
 20
4000.0
 10
368850.0
 20
4000.0
 10
368850.0
 20
7000.0
 10
368650.0
 20
7000.0
 97
0
 75
1
 76
1
 98
0
  0
TEXT
  5
1535
330
17
100
AcDbEntity
  8
METIN
100
AcDbText
 10
350950.0
 20
5500.0
 30
0.0
 40
307.0158461352365
  1
1. NORMAL KAT
 72
2
 11
350950.0
 21
5500.0
 31
0.0
100
AcDbText
 73
2
  0
LINE
  5
1536
330
17
100
AcDbEntity
  8
OLCU
100
AcDbLine
 10
351250.0
 20
7000.0
 30
0.0
 11
368750.0
 21
7000.0
 31
0.0
  0
HATCH
  5
1537
330
17
100
AcDbEntity
  8
DUVARLAR
 62
7
100
AcDbHatch
 10
0.0
 20
0.0
 30
0.0
210
0.0
220
0.0
230
1.0
  2
SOLID
 70
1
 71
0
 91
1
 92
3
 72
0
 73
1
 93
4
 10
351150.0
 20
7000.0
 10
351350.0
 20
7000.0
 10
351350.0
 20
10000.0
 10
351150.0
 20
10000.0
 97
0
 75
1
 76
1
 98
0
  0
HATCH
  5
1538
330
17
100
AcDbEntity
  8
DUVARLAR
 62
7
100
AcDbHatch
 10
0.0
 20
0.0
 30
0.0
210
0.0
220
0.0
230
1.0
  2
SOLID
 70
1
 71
0
 91
1
 92
3
 72
0
 73
1
 93
4
 10
356400.0
 20
7000.0
 10
356600.0
 20
7000.0
 10
356600.0
 20
10000.0
 10
356400.0
 20
10000.0
 97
0
 75
1
 76
1
 98
0
  0
HATCH
  5
1539
330
17
100
AcDbEntity
  8
DUVARLAR
 62
7
100
AcDbHatch
 10
0.0
 20
0.0
 30
0.0
210
0.0
220
0.0
230
1.0
  2
SOLID
 70
1
 71
0
 91
1
 92
3
 72
0
 73
1
 93
4
 10
365375.0
 20
7000.0
 10
365525.0
 20
7000.0
 10
365525.0
 20
10000.0
 10
365375.0
 20
10000.0
 97
0
 75
1
 76
1
 98
0
  0
HATCH
  5
153A
330
17
100
AcDbEntity
  8
DUVARLAR
 62
7
100
AcDbHatch
 10
0.0
 20
0.0
 30
0.0
210
0.0
220
0.0
230
1.0
  2
SOLID
 70
1
 71
0
 91
1
 92
3
 72
0
 73
1
 93
4
 10
368650.0
 20
7000.0
 10
368850.0
 20
7000.0
 10
368850.0
 20
10000.0
 10
368650.0
 20
10000.0
 97
0
 75
1
 76
1
 98
0
  0
TEXT
  5
153B
330
17
100
AcDbEntity
  8
METIN
100
AcDbText
 10
350950.0
 20
8500.0
 30
0.0
 40
307.0158461352365
  1
2. NORMAL KAT
 72
2
 11
350950.0
 21
8500.0
 31
0.0
100
AcDbText
 73
2
  0
LINE
  5
153C
330
17
100
AcDbEntity
  8
OLCU
100
AcDbLine
 10
351250.0
 20
10000.0
 30
0.0
 11
368750.0
 21
10000.0
 31
0.0
  0
HATCH
  5
153D
330
17
100
AcDbEntity
  8
DUVARLAR
 62
7
100
AcDbHatch
 10
0.0
 20
0.0
 30
0.0
210
0.0
220
0.0
230
1.0
  2
SOLID
 70
1
 71
0
 91
1
 92
3
 72
0
 73
1
 93
4
 10
351150.0
 20
10000.0
 10
351350.0
 20
10000.0
 10
351350.0
 20
13000.0
 10
351150.0
 20
13000.0
 97
0
 75
1
 76
1
 98
0
  0
HATCH
  5
153E
330
17
100
AcDbEntity
  8
DUVARLAR
 62
7
100
AcDbHatch
 10
0.0
 20
0.0
 30
0.0
210
0.0
220
0.0
230
1.0
  2
SOLID
 70
1
 71
0
 91
1
 92
3
 72
0
 73
1
 93
4
 10
356400.0
 20
10000.0
 10
356600.0
 20
10000.0
 10
356600.0
 20
13000.0
 10
356400.0
 20
13000.0
 97
0
 75
1
 76
1
 98
0
  0
HATCH
  5
153F
330
17
100
AcDbEntity
  8
DUVARLAR
 62
7
100
AcDbHatch
 10
0.0
 20
0.0
 30
0.0
210
0.0
220
0.0
230
1.0
  2
SOLID
 70
1
 71
0
 91
1
 92
3
 72
0
 73
1
 93
4
 10
365375.0
 20
10000.0
 10
365525.0
 20
10000.0
 10
365525.0
 20
13000.0
 10
365375.0
 20
13000.0
 97
0
 75
1
 76
1
 98
0
  0
HATCH
  5
1540
330
17
100
AcDbEntity
  8
DUVARLAR
 62
7
100
AcDbHatch
 10
0.0
 20
0.0
 30
0.0
210
0.0
220
0.0
230
1.0
  2
SOLID
 70
1
 71
0
 91
1
 92
3
 72
0
 73
1
 93
4
 10
368650.0
 20
10000.0
 10
368850.0
 20
10000.0
 10
368850.0
 20
13000.0
 10
368650.0
 20
13000.0
 97
0
 75
1
 76
1
 98
0
  0
TEXT
  5
1541
330
17
100
AcDbEntity
  8
METIN
100
AcDbText
 10
350950.0
 20
11500.0
 30
0.0
 40
307.0158461352365
  1
3. NORMAL KAT
 72
2
 11
350950.0
 21
11500.0
 31
0.0
100
AcDbText
 73
2
  0
LINE
  5
1542
330
17
100
AcDbEntity
  8
OLCU
100
AcDbLine
 10
351250.0
 20
13000.0
 30
0.0
 11
368750.0
 21
13000.0
 31
0.0
  0
HATCH
  5
1543
330
17
100
AcDbEntity
  8
DUVARLAR
 62
7
100
AcDbHatch
 10
0.0
 20
0.0
 30
0.0
210
0.0
220
0.0
230
1.0
  2
SOLID
 70
1
 71
0
 91
1
 92
3
 72
0
 73
1
 93
4
 10
351150.0
 20
13000.0
 10
351350.0
 20
13000.0
 10
351350.0
 20
16000.0
 10
351150.0
 20
16000.0
 97
0
 75
1
 76
1
 98
0
  0
HATCH
  5
1544
330
17
100
AcDbEntity
  8
DUVARLAR
 62
7
100
AcDbHatch
 10
0.0
 20
0.0
 30
0.0
210
0.0
220
0.0
230
1.0
  2
SOLID
 70
1
 71
0
 91
1
 92
3
 72
0
 73
1
 93
4
 10
356400.0
 20
13000.0
 10
356600.0
 20
13000.0
 10
356600.0
 20
16000.0
 10
356400.0
 20
16000.0
 97
0
 75
1
 76
1
 98
0
  0
HATCH
  5
1545
330
17
100
AcDbEntity
  8
DUVARLAR
 62
7
100
AcDbHatch
 10
0.0
 20
0.0
 30
0.0
210
0.0
220
0.0
230
1.0
  2
SOLID
 70
1
 71
0
 91
1
 92
3
 72
0
 73
1
 93
4
 10
365375.0
 20
13000.0
 10
365525.0
 20
13000.0
 10
365525.0
 20
16000.0
 10
365375.0
 20
16000.0
 97
0
 75
1
 76
1
 98
0
  0
HATCH
  5
1546
330
17
100
AcDbEntity
  8
DUVARLAR
 62
7
100
AcDbHatch
 10
0.0
 20
0.0
 30
0.0
210
0.0
220
0.0
230
1.0
  2
SOLID
 70
1
 71
0
 91
1
 92
3
 72
0
 73
1
 93
4
 10
368650.0
 20
13000.0
 10
368850.0
 20
13000.0
 10
368850.0
 20
16000.0
 10
368650.0
 20
16000.0
 97
0
 75
1
 76
1
 98
0
  0
TEXT
  5
1547
330
17
100
AcDbEntity
  8
METIN
100
AcDbText
 10
350950.0
 20
14500.0
 30
0.0
 40
307.0158461352365
  1
4. NORMAL KAT
 72
2
 11
350950.0
 21
14500.0
 31
0.0
100
AcDbText
 73
2
  0
LINE
  5
1548
330
17
100
AcDbEntity
  8
OLCU
100
AcDbLine
 10
351250.0
 20
16000.0
 30
0.0
 11
368750.0
 21
16000.0
 31
0.0
  0
HATCH
  5
1549
330
17
100
AcDbEntity
  8
DUVARLAR
 62
7
100
AcDbHatch
 10
0.0
 20
0.0
 30
0.0
210
0.0
220
0.0
230
1.0
  2
SOLID
 70
1
 71
0
 91
1
 92
3
 72
0
 73
1
 93
4
 10
351150.0
 20
16000.0
 10
351350.0
 20
16000.0
 10
351350.0
 20
19000.0
 10
351150.0
 20
19000.0
 97
0
 75
1
 76
1
 98
0
  0
HATCH
  5
154A
330
17
100
AcDbEntity
  8
DUVARLAR
 62
7
100
AcDbHatch
 10
0.0
 20
0.0
 30
0.0
210
0.0
220
0.0
230
1.0
  2
SOLID
 70
1
 71
0
 91
1
 92
3
 72
0
 73
1
 93
4
 10
356400.0
 20
16000.0
 10
356600.0
 20
16000.0
 10
356600.0
 20
19000.0
 10
356400.0
 20
19000.0
 97
0
 75
1
 76
1
 98
0
  0
HATCH
  5
154B
330
17
100
AcDbEntity
  8
DUVARLAR
 62
7
100
AcDbHatch
 10
0.0
 20
0.0
 30
0.0
210
0.0
220
0.0
230
1.0
  2
SOLID
 70
1
 71
0
 91
1
 92
3
 72
0
 73
1
 93
4
 10
365375.0
 20
16000.0
 10
365525.0
 20
16000.0
 10
365525.0
 20
19000.0
 10
365375.0
 20
19000.0
 97
0
 75
1
 76
1
 98
0
  0
HATCH
  5
154C
330
17
100
AcDbEntity
  8
DUVARLAR
 62
7
100
AcDbHatch
 10
0.0
 20
0.0
 30
0.0
210
0.0
220
0.0
230
1.0
  2
SOLID
 70
1
 71
0
 91
1
 92
3
 72
0
 73
1
 93
4
 10
368650.0
 20
16000.0
 10
368850.0
 20
16000.0
 10
368850.0
 20
19000.0
 10
368650.0
 20
19000.0
 97
0
 75
1
 76
1
 98
0
  0
TEXT
  5
154D
330
17
100
AcDbEntity
  8
METIN
100
AcDbText
 10
350950.0
 20
17500.0
 30
0.0
 40
307.0158461352365
  1
5. NORMAL KAT
 72
2
 11
350950.0
 21
17500.0
 31
0.0
100
AcDbText
 73
2
  0
LINE
  5
154E
330
17
100
AcDbEntity
  8
OLCU
100
AcDbLine
 10
351250.0
 20
19000.0
 30
0.0
 11
368750.0
 21
19000.0
 31
0.0
  0
HATCH
  5
154F
330
17
100
AcDbEntity
  8
DUVARLAR
 62
7
100
AcDbHatch
 10
0.0
 20
0.0
 30
0.0
210
0.0
220
0.0
230
1.0
  2
SOLID
 70
1
 71
0
 91
1
 92
3
 72
0
 73
1
 93
4
 10
351150.0
 20
19000.0
 10
351350.0
 20
19000.0
 10
351350.0
 20
20000.0
 10
351150.0
 20
20000.0
 97
0
 75
1
 76
1
 98
0
  0
HATCH
  5
1550
330
17
100
AcDbEntity
  8
DUVARLAR
 62
7
100
AcDbHatch
 10
0.0
 20
0.0
 30
0.0
210
0.0
220
0.0
230
1.0
  2
SOLID
 70
1
 71
0
 91
1
 92
3
 72
0
 73
1
 93
4
 10
368650.0
 20
19000.0
 10
368850.0
 20
19000.0
 10
368850.0
 20
20000.0
 10
368650.0
 20
20000.0
 97
0
 75
1
 76
1
 98
0
  0
TEXT
  5
1551
330
17
100
AcDbEntity
  8
METIN
100
AcDbText
 10
350950.0
 20
19500.0
 30
0.0
 40
307.0158461352365
  1
CATI / PARAPET
 72
2
 11
350950.0
 21
19500.0
 31
0.0
100
AcDbText
 73
2
  0
LINE
  5
1552
330
17
100
AcDbEntity
  8
OLCU
100
AcDbLine
 10
351250.0
 20
20000.0
 30
0.0
 11
368750.0
 21
20000.0
 31
0.0
  0
LINE
  5
1553
330
17
100
AcDbEntity
  8
OLCU
100
AcDbLine
 10
350250.0
 20
0.0
 30
0.0
 11
369750.0
 21
0.0
 31
0.0
  0
TEXT
  5
1554
330
17
100
AcDbEntity
  8
OLCU
100
AcDbText
 10
350950.0
 20
150.0
 30
0.0
 40
307.0158461352365
  1
+-0.00 ZEMIN
 72
2
 11
350950.0
 21
150.0
 31
0.0
100
AcDbText
 73
2
  0
LWPOLYLINE
  5
1555
330
17
100
AcDbEntity
  8
KOT
100
AcDbPolyline
 90
3
 70
1
 10
348750.0
 20
-6000.0
 10
348600.0
 20
-6060.0
 10
348600.0
 20
-5940.0
  0
TEXT
  5
1556
330
17
100
AcDbEntity
  8
KOT
100
AcDbText
 10
348525.0
 20
-6000.0
 30
0.0
 40
125.0
  1
-6.00
 72
2
 11
348525.0
 21
-6000.0
 31
0.0
100
AcDbText
 73
2
  0
LWPOLYLINE
  5
1557
330
17
100
AcDbEntity
  8
KOT
100
AcDbPolyline
 90
3
 70
1
 10
348750.0
 20
-3000.0
 10
348600.0
 20
-3060.0
 10
348600.0
 20
-2940.0
  0
TEXT
  5
1558
330
17
100
AcDbEntity
  8
KOT
100
AcDbText
 10
348525.0
 20
-3000.0
 30
0.0
 40
125.0
  1
-3.00
 72
2
 11
348525.0
 21
-3000.0
 31
0.0
100
AcDbText
 73
2
  0
LWPOLYLINE
  5
1559
330
17
100
AcDbEntity
  8
KOT
100
AcDbPolyline
 90
3
 70
1
 10
348750.0
 20
0.0
 10
348600.0
 20
-60.0
 10
348600.0
 20
60.0
  0
TEXT
  5
155A
330
17
100
AcDbEntity
  8
KOT
100
AcDbText
 10
348525.0
 20
0.0
 30
0.0
 40
125.0
  1
±0.00
 72
2
 11
348525.0
 21
0.0
 31
0.0
100
AcDbText
 73
2
  0
LWPOLYLINE
  5
155B
330
17
100
AcDbEntity
  8
KOT
100
AcDbPolyline
 90
3
 70
1
 10
348750.0
 20
4000.0
 10
348600.0
 20
3940.0
 10
348600.0
 20
4060.0
  0
TEXT
  5
155C
330
17
100
AcDbEntity
  8
KOT
100
AcDbText
 10
348525.0
 20
4000.0
 30
0.0
 40
125.0
  1
+4.00
 72
2
 11
348525.0
 21
4000.0
 31
0.0
100
AcDbText
 73
2
  0
LWPOLYLINE
  5
155D
330
17
100
AcDbEntity
  8
KOT
100
AcDbPolyline
 90
3
 70
1
 10
348750.0
 20
7000.0
 10
348600.0
 20
6940.0
 10
348600.0
 20
7060.0
  0
TEXT
  5
155E
330
17
100
AcDbEntity
  8
KOT
100
AcDbText
 10
348525.0
 20
7000.0
 30
0.0
 40
125.0
  1
+7.00
 72
2
 11
348525.0
 21
7000.0
 31
0.0
100
AcDbText
 73
2
  0
LWPOLYLINE
  5
155F
330
17
100
AcDbEntity
  8
KOT
100
AcDbPolyline
 90
3
 70
1
 10
348750.0
 20
10000.0
 10
348600.0
 20
9940.0
 10
348600.0
 20
10060.0
  0
TEXT
  5
1560
330
17
100
AcDbEntity
  8
KOT
100
AcDbText
 10
348525.0
 20
10000.0
 30
0.0
 40
125.0
  1
+10.00
 72
2
 11
348525.0
 21
10000.0
 31
0.0
100
AcDbText
 73
2
  0
LWPOLYLINE
  5
1561
330
17
100
AcDbEntity
  8
KOT
100
AcDbPolyline
 90
3
 70
1
 10
348750.0
 20
13000.0
 10
348600.0
 20
12940.0
 10
348600.0
 20
13060.0
  0
TEXT
  5
1562
330
17
100
AcDbEntity
  8
KOT
100
AcDbText
 10
348525.0
 20
13000.0
 30
0.0
 40
125.0
  1
+13.00
 72
2
 11
348525.0
 21
13000.0
 31
0.0
100
AcDbText
 73
2
  0
LWPOLYLINE
  5
1563
330
17
100
AcDbEntity
  8
KOT
100
AcDbPolyline
 90
3
 70
1
 10
348750.0
 20
16000.0
 10
348600.0
 20
15940.0
 10
348600.0
 20
16060.0
  0
TEXT
  5
1564
330
17
100
AcDbEntity
  8
KOT
100
AcDbText
 10
348525.0
 20
16000.0
 30
0.0
 40
125.0
  1
+16.00
 72
2
 11
348525.0
 21
16000.0
 31
0.0
100
AcDbText
 73
2
  0
LWPOLYLINE
  5
1565
330
17
100
AcDbEntity
  8
KOT
100
AcDbPolyline
 90
3
 70
1
 10
348750.0
 20
19000.0
 10
348600.0
 20
18940.0
 10
348600.0
 20
19060.0
  0
TEXT
  5
1566
330
17
100
AcDbEntity
  8
KOT
100
AcDbText
 10
348525.0
 20
19000.0
 30
0.0
 40
125.0
  1
+19.00
 72
2
 11
348525.0
 21
19000.0
 31
0.0
100
AcDbText
 73
2
  0
LWPOLYLINE
  5
1567
330
17
100
AcDbEntity
  8
KOT
100
AcDbPolyline
 90
3
 70
1
 10
348750.0
 20
20000.0
 10
348600.0
 20
19940.0
 10
348600.0
 20
20060.0
  0
TEXT
  5
1568
330
17
100
AcDbEntity
  8
KOT
100
AcDbText
 10
348525.0
 20
20000.0
 30
0.0
 40
125.0
  1
+20.00
 72
2
 11
348525.0
 21
20000.0
 31
0.0
100
AcDbText
 73
2
  0
LWPOLYLINE
  5
1569
330
17
100
AcDbEntity
  8
CERCEVE
100
AcDbPolyline
 90
4
 70
1
 10
347100.0
 20
-10150.0
 10
372900.0
 20
-10150.0
 10
372900.0
 20
24950.0
 10
347100.0
 20
24950.0
  0
LWPOLYLINE
  5
156A
330
17
100
AcDbEntity
  8
CERCEVE
100
AcDbPolyline
 90
4
 70
1
 10
347250.0
 20
-10000.0
 10
372750.0
 20
-10000.0
 10
372750.0
 20
24800.0
 10
347250.0
 20
24800.0
  0
LWPOLYLINE
  5
156B
330
17
100
AcDbEntity
  8
CERCEVE
100
AcDbPolyline
 90
4
 70
1
 10
364750.0
 20
-10000.0
 10
372750.0
 20
-10000.0
 10
372750.0
 20
-8800.0
 10
364750.0
 20
-8800.0
  0
LINE
  5
156C
330
17
100
AcDbEntity
  8
CERCEVE
100
AcDbLine
 10
364750.0
 20
-9400.0
 30
0.0
 11
372750.0
 21
-9400.0
 31
0.0
  0
TEXT
  5
156D
330
17
100
AcDbEntity
  8
METIN
100
AcDbText
 10
364850.0
 20
-8900.0
 30
0.0
 40
175.0
  1
OLCEK 1:50
 11
364850.0
 21
-8900.0
 31
0.0
100
AcDbText
 73
3
  0
TEXT
  5
156E
330
17
100
AcDbEntity
  8
METIN
100
AcDbText
 10
364850.0
 20
-9500.0
 30
0.0
 40
175.0
  1
B-B KESITI
 11
364850.0
 21
-9500.0
 31
0.0
100
AcDbText
 73
3
  0
ENDSEC
  0
SECTION
  2
OBJECTS
  0
DICTIONARY
  5
A
330
0
100
AcDbDictionary
281
1
  3
ACAD_COLOR
350
B
  3
ACAD_GROUP
350
C
  3
ACAD_LAYOUT
350
D
  3
ACAD_MATERIAL
350
E
  3
ACAD_MLEADERSTYLE
350
F
  3
ACAD_MLINESTYLE
350
10
  3
ACAD_PLOTSETTINGS
350
11
  3
ACAD_PLOTSTYLENAME
350
12
  3
ACAD_SCALELIST
350
14
  3
ACAD_TABLESTYLE
350
15
  3
ACAD_VISUALSTYLE
350
16
  3
EZDXF_META
350
2D
  0
DICTIONARY
  5
B
330
A
100
AcDbDictionary
281
1
  0
DICTIONARY
  5
C
330
A
100
AcDbDictionary
281
1
  0
DICTIONARY
  5
D
330
A
100
AcDbDictionary
281
1
  3
Model
350
1A
  3
Layout1
350
1E
  0
DICTIONARY
  5
E
330
A
100
AcDbDictionary
281
1
  3
ByBlock
350
1F
  3
ByLayer
350
20
  3
Global
350
21
  0
DICTIONARY
  5
F
330
A
100
AcDbDictionary
281
1
  3
Standard
350
2C
  0
DICTIONARY
  5
10
330
A
100
AcDbDictionary
281
1
  3
Standard
350
22
  0
DICTIONARY
  5
11
330
A
100
AcDbDictionary
281
1
  0
ACDBDICTIONARYWDFLT
  5
12
330
A
100
AcDbDictionary
281
1
  3
Normal
350
13
100
AcDbDictionaryWithDefault
340
13
  0
ACDBPLACEHOLDER
  5
13
330
12
  0
DICTIONARY
  5
14
330
A
100
AcDbDictionary
281
1
  0
DICTIONARY
  5
15
330
A
100
AcDbDictionary
281
1
  0
DICTIONARY
  5
16
330
A
100
AcDbDictionary
281
1
  0
LAYOUT
  5
1A
330
D
100
AcDbPlotSettings
  1

  4
A3
  6

 40
7.5
 41
20.0
 42
7.5
 43
20.0
 44
420.0
 45
297.0
 46
0.0
 47
0.0
 48
0.0
 49
0.0
140
0.0
141
0.0
142
1.0
143
1.0
 70
1024
 72
1
 73
0
 74
5
  7

 75
16
 76
0
 77
2
 78
300
147
1.0
148
0.0
149
0.0
100
AcDbLayout
  1
Model
 70
1
 71
0
 10
0.0
 20
0.0
 11
420.0
 21
297.0
 12
0.0
 22
0.0
 32
0.0
 14
1e+20
 24
1e+20
 34
1e+20
 15
-1e+20
 25
-1e+20
 35
-1e+20
146
0.0
 13
0.0
 23
0.0
 33
0.0
 16
1.0
 26
0.0
 36
0.0
 17
0.0
 27
1.0
 37
0.0
 76
1
330
17
  0
LAYOUT
  5
1E
330
D
100
AcDbPlotSettings
  1

  4
A3
  6

 40
7.5
 41
20.0
 42
7.5
 43
20.0
 44
420.0
 45
297.0
 46
0.0
 47
0.0
 48
0.0
 49
0.0
140
0.0
141
0.0
142
1.0
143
1.0
 70
0
 72
1
 73
0
 74
5
  7

 75
16
 76
0
 77
2
 78
300
147
1.0
148
0.0
149
0.0
100
AcDbLayout
  1
Layout1
 70
1
 71
1
 10
0.0
 20
0.0
 11
420.0
 21
297.0
 12
0.0
 22
0.0
 32
0.0
 14
1e+20
 24
1e+20
 34
1e+20
 15
-1e+20
 25
-1e+20
 35
-1e+20
146
0.0
 13
0.0
 23
0.0
 33
0.0
 16
1.0
 26
0.0
 36
0.0
 17
0.0
 27
1.0
 37
0.0
 76
1
330
1B
  0
MATERIAL
  5
1F
102
{ACAD_REACTORS
330
E
102
}
330
E
100
AcDbMaterial
  1
ByBlock
  2

 70
0
 40
1.0
 71
1
 41
1.0
 91
-1023410177
 42
1.0
 72
1
  3

 73
1
 74
1
 75
1
 44
0.5
 73
0
 45
1.0
 46
1.0
 77
1
  4

 78
1
 79
1
170
1
 48
1.0
171
1
  6

172
1
173
1
174
1
140
1.0
141
1.0
175
1
  7

176
1
177
1
178
1
143
1.0
179
1
  8

270
1
271
1
272
1
145
1.0
146
1.0
273
1
  9

274
1
275
1
276
1
 42
1.0
 72
1
  3

 73
1
 74
1
 75
1
 94
63
  0
MATERIAL
  5
20
102
{ACAD_REACTORS
330
E
102
}
330
E
100
AcDbMaterial
  1
ByLayer
  2

 70
0
 40
1.0
 71
1
 41
1.0
 91
-1023410177
 42
1.0
 72
1
  3

 73
1
 74
1
 75
1
 44
0.5
 73
0
 45
1.0
 46
1.0
 77
1
  4

 78
1
 79
1
170
1
 48
1.0
171
1
  6

172
1
173
1
174
1
140
1.0
141
1.0
175
1
  7

176
1
177
1
178
1
143
1.0
179
1
  8

270
1
271
1
272
1
145
1.0
146
1.0
273
1
  9

274
1
275
1
276
1
 42
1.0
 72
1
  3

 73
1
 74
1
 75
1
 94
63
  0
MATERIAL
  5
21
102
{ACAD_REACTORS
330
E
102
}
330
E
100
AcDbMaterial
  1
Global
  2

 70
0
 40
1.0
 71
1
 41
1.0
 91
-1023410177
 42
1.0
 72
1
  3

 73
1
 74
1
 75
1
 44
0.5
 73
0
 45
1.0
 46
1.0
 77
1
  4

 78
1
 79
1
170
1
 48
1.0
171
1
  6

172
1
173
1
174
1
140
1.0
141
1.0
175
1
  7

176
1
177
1
178
1
143
1.0
179
1
  8

270
1
271
1
272
1
145
1.0
146
1.0
273
1
  9

274
1
275
1
276
1
 42
1.0
 72
1
  3

 73
1
 74
1
 75
1
 94
63
  0
MLINESTYLE
  5
22
102
{ACAD_REACTORS
330
10
102
}
330
10
100
AcDbMlineStyle
  2
Standard
 70
0
  3

 62
256
 51
90.0
 52
90.0
 71
2
 49
0.5
 62
256
  6
BYLAYER
 49
-0.5
 62
256
  6
BYLAYER
  0
MLEADERSTYLE
  5
2C
102
{ACAD_REACTORS
330
F
102
}
330
F
100
AcDbMLeaderStyle
179
2
170
2
171
1
172
0
 90
2
 40
0.0
 41
0.0
173
1
 91
-1056964608
 92
-2
290
1
 42
2.0
291
1
 43
8.0
  3
Standard
 44
4.0
300

342
29
174
1
175
1
176
0
178
1
 93
-1056964608
 45
4.0
292
0
297
0
 46
4.0
 94
-1056964608
 47
1.0
 49
1.0
140
1.0
294
1
141
0.0
177
0
142
1.0
295
0
296
0
143
3.75
271
0
272
9
273
9
  0
DICTIONARY
  5
2D
330
A
100
AcDbDictionary
280
1
281
1
  3
CREATED_BY_EZDXF
350
2E
  3
WRITTEN_BY_EZDXF
350
1571
  0
DICTIONARYVAR
  5
2E
330
2D
100
DictionaryVariables
280
0
  1
1.4.4 @ 2026-10-05T13:58:32.013857+00:00
  0
DICTIONARYVAR
  5
1571
330
2D
100
DictionaryVariables
280
0
  1
1.4.4 @ 2026-10-05T13:58:37.022320+00:00
  0
ENDSEC
  0
EOF
